"updateDate","url","httpCode","status","target","lastAccess","title","event"
"07.09.2026","https://dimohod-trade.pro/catalog/flantsy","200","SEARCHABLE","https://dimohod-trade.pro/catalog/flantsy","01.09.2026","Фланцы — купить | Дымоход Трейд","ADD"
"07.09.2026","https://dimohod-trade.pro/catalog/odnokonturnye-troyniki","200","SEARCHABLE","https://dimohod-trade.pro/catalog/odnokonturnye-troyniki","01.09.2026","Одноконтурные тройники — купить | Дымоход Трейд","ADD"
"07.09.2026","https://dimohod-trade.pro/catalog/odnokonturnye-truby","200","SEARCHABLE","https://dimohod-trade.pro/catalog/odnokonturnye-truby","01.09.2026","Одноконтурные трубы — купить | Дымоход Трейд","ADD"
"07.09.2026","https://dimohod-trade.pro/delivery","200","SEARCHABLE","https://dimohod-trade.pro/delivery","31.08.2026","Доставка дымоходов по России — Дымоход Трейд","ADD"
"07.09.2026","https://dimohod-trade.pro/guides/dymohod-cherez-stenu","200","SEARCHABLE","https://dimohod-trade.pro/guides/dymohod-cherez-stenu","01.09.2026","Дымоход через стену: какие размеры нужны для наружной трассы — Дымоход Трейд","ADD"
"07.09.2026","https://dimohod-trade.pro/product/odnostennyy-reviziya-prochistka-d100","0","UNKNOWN_URL","","16.08.2026","","DELETE"
"07.09.2026","https://dimohod-trade.pro/zamery?edit=1","200","META_NO_INDEX","https://dimohod-trade.pro/zamery","31.08.2026","Мои замеры для расчёта дымохода — Дымоход Трейд","DELETE"
"06.09.2026","https://dimohod-trade.pro/catalog/sendvich-troyniki","200","SEARCHABLE","https://dimohod-trade.pro/catalog/sendvich-troyniki","17.08.2026","Сэндвич-тройники — купить | Дымоход Трейд","ADD"
"06.09.2026","https://dimohod-trade.pro/catalog/shibery","200","SEARCHABLE","https://dimohod-trade.pro/catalog/shibery","21.08.2026","Шиберы — купить | Дымоход Трейд","ADD"
"06.09.2026","https://dimohod-trade.pro/product/odnostennyy-reviziya-prochistka-d100","200","SEARCHABLE","https://dimohod-trade.pro/product/odnostennyy-reviziya-prochistka-d100","16.08.2026","Прочистка 100 мм — купить | Дымоход Трейд","ADD"
"06.09.2026","https://dimohod-trade.pro/zamery?edit=1","200","SEARCHABLE","https://dimohod-trade.pro/zamery","22.08.2026","Мои замеры для расчёта дымохода — Дымоход Трейд","ADD"
"02.09.2026","https://dimohod-trade.pro/catalog/sendvich-troyniki","200","LOW_DEMAND","https://dimohod-trade.pro/catalog/sendvich-troyniki","17.08.2026","Сэндвич-тройники — купить | Дымоход Трейд","DELETE"
"02.09.2026","https://dimohod-trade.pro/catalog/shibery","200","LOW_DEMAND","https://dimohod-trade.pro/catalog/shibery","21.08.2026","Шиберы — купить | Дымоход Трейд","DELETE"
"02.09.2026","https://dimohod-trade.pro/pechi","200","SEARCHABLE","https://dimohod-trade.pro/pechi","27.08.2026","Печи для бани: модели и фотографии | Дымоход Трейд","ADD"
"28.08.2026","https://dimohod-trade.pro/catalog/flantsy","200","LOW_DEMAND","https://dimohod-trade.pro/catalog/flantsy","16.08.2026","Фланцы — купить | Дымоход Трейд","DELETE"
"28.08.2026","https://dimohod-trade.pro/catalog/homuty-i-krepezh","200","LOW_DEMAND","https://dimohod-trade.pro/catalog/homuty-i-krepezh","17.08.2026","Хомуты и крепеж — купить | Дымоход Трейд","DELETE"
"28.08.2026","https://dimohod-trade.pro/catalog/odnokonturnye-elementy","200","LOW_DEMAND","https://dimohod-trade.pro/catalog/odnokonturnye-elementy","16.08.2026","Одноконтурные элементы — купить | Дымоход Трейд","DELETE"
"28.08.2026","https://dimohod-trade.pro/catalog/odnokonturnye-troyniki","200","LOW_DEMAND","https://dimohod-trade.pro/catalog/odnokonturnye-troyniki","17.08.2026","Одноконтурные тройники — купить | Дымоход Трейд","DELETE"
"28.08.2026","https://dimohod-trade.pro/catalog/odnokonturnye-truby","200","LOW_DEMAND","https://dimohod-trade.pro/catalog/odnokonturnye-truby","17.08.2026","Одноконтурные трубы — купить | Дымоход Трейд","DELETE"
"28.08.2026","https://dimohod-trade.pro/catalog/sendvich-elementy","200","LOW_DEMAND","https://dimohod-trade.pro/catalog/sendvich-elementy","16.08.2026","Сэндвич-элементы — купить | Дымоход Трейд","DELETE"
"28.08.2026","https://dimohod-trade.pro/catalog/sendvich-otvody","200","LOW_DEMAND","https://dimohod-trade.pro/catalog/sendvich-otvody","17.08.2026","Сэндвич-отводы — купить | Дымоход Трейд","DELETE"
"28.08.2026","https://dimohod-trade.pro/catalog/sendvich-zaglushki","200","LOW_DEMAND","https://dimohod-trade.pro/catalog/sendvich-zaglushki","17.08.2026","Сэндвич-заглушки — купить | Дымоход Трейд","DELETE"
"28.08.2026","https://dimohod-trade.pro/catalog/uzly-prohoda","200","LOW_DEMAND","https://dimohod-trade.pro/catalog/uzly-prohoda","16.08.2026","Узлы прохода — купить | Дымоход Трейд","DELETE"
"28.08.2026","https://dimohod-trade.pro/catalog/uzly-prohoda-krovli","200","LOW_DEMAND","https://dimohod-trade.pro/catalog/uzly-prohoda-krovli","17.08.2026","Узлы прохода кровли — купить | Дымоход Трейд","DELETE"
"28.08.2026","https://dimohod-trade.pro/catalog/uzly-prohoda-sten-i-perekrytiy","200","LOW_DEMAND","https://dimohod-trade.pro/catalog/uzly-prohoda-sten-i-perekrytiy","17.08.2026","Узлы прохода стен и перекрытий — купить | Дымоход Трейд","DELETE"
"28.08.2026","https://dimohod-trade.pro/configurator","200","SEARCHABLE","https://dimohod-trade.pro/configurator","24.08.2026","Конфигуратор дымохода — расчёт комплекта | Дымоход Трейд","ADD"
"28.08.2026","https://dimohod-trade.pro/product/dekorativnaya-yubka-d100","200","LOW_DEMAND","https://dimohod-trade.pro/product/dekorativnaya-yubka-d100","16.08.2026","Дымоход Трейд — декоративная юбка для трубы Ø100 мм","DELETE"
"28.08.2026","https://dimohod-trade.pro/product/dekorativnaya-yubka-d110","200","LOW_DEMAND","https://dimohod-trade.pro/product/dekorativnaya-yubka-d110","16.08.2026","Дымоход Трейд — декоративная юбка для трубы Ø110 мм","DELETE"
"28.08.2026","https://dimohod-trade.pro/product/dekorativnaya-yubka-d120","200","LOW_DEMAND","https://dimohod-trade.pro/product/dekorativnaya-yubka-d120","16.08.2026","Дымоход Трейд — декоративная юбка для трубы Ø120 мм","DELETE"
"28.08.2026","https://dimohod-trade.pro/product/dekorativnaya-yubka-d130","200","LOW_DEMAND","https://dimohod-trade.pro/product/dekorativnaya-yubka-d130","16.08.2026","Дымоход Трейд — декоративная юбка для трубы Ø130 мм","DELETE"
"28.08.2026","https://dimohod-trade.pro/product/dekorativnaya-yubka-d140","200","LOW_DEMAND","https://dimohod-trade.pro/product/dekorativnaya-yubka-d140","16.08.2026","Дымоход Трейд — декоративная юбка для трубы Ø140 мм","DELETE"
"28.08.2026","https://dimohod-trade.pro/product/dekorativnaya-yubka-d160","200","LOW_DEMAND","https://dimohod-trade.pro/product/dekorativnaya-yubka-d160","16.08.2026","Дымоход Трейд — декоративная юбка для трубы Ø160 мм","DELETE"
"28.08.2026","https://dimohod-trade.pro/product/dekorativnaya-yubka-d180","200","LOW_DEMAND","https://dimohod-trade.pro/product/dekorativnaya-yubka-d180","16.08.2026","Дымоход Трейд — декоративная юбка для трубы Ø180 мм","DELETE"
"28.08.2026","https://dimohod-trade.pro/product/dekorativnaya-yubka-d200","200","LOW_DEMAND","https://dimohod-trade.pro/product/dekorativnaya-yubka-d200","16.08.2026","Дымоход Трейд — декоративная юбка для трубы Ø200 мм","DELETE"
"28.08.2026","https://dimohod-trade.pro/product/dekorativnaya-yubka-d210","200","LOW_DEMAND","https://dimohod-trade.pro/product/dekorativnaya-yubka-d210","16.08.2026","Дымоход Трейд — декоративная юбка для трубы Ø210 мм","DELETE"
"28.08.2026","https://dimohod-trade.pro/product/dekorativnaya-yubka-d220","200","LOW_DEMAND","https://dimohod-trade.pro/product/dekorativnaya-yubka-d220","16.08.2026","Дымоход Трейд — декоративная юбка для трубы Ø220 мм","DELETE"
"28.08.2026","https://dimohod-trade.pro/product/dekorativnaya-yubka-d230","200","LOW_DEMAND","https://dimohod-trade.pro/product/dekorativnaya-yubka-d230","16.08.2026","Дымоход Трейд — декоративная юбка для трубы Ø230 мм","DELETE"
"28.08.2026","https://dimohod-trade.pro/product/dekorativnaya-yubka-d250","200","LOW_DEMAND","https://dimohod-trade.pro/product/dekorativnaya-yubka-d250","16.08.2026","Дымоход Трейд — декоративная юбка для трубы Ø250 мм","DELETE"
"28.08.2026","https://dimohod-trade.pro/product/dekorativnaya-yubka-d280","200","LOW_DEMAND","https://dimohod-trade.pro/product/dekorativnaya-yubka-d280","16.08.2026","Дымоход Трейд — декоративная юбка для трубы Ø280 мм","DELETE"
"28.08.2026","https://dimohod-trade.pro/product/dekorativnaya-yubka-d300","200","LOW_DEMAND","https://dimohod-trade.pro/product/dekorativnaya-yubka-d300","16.08.2026","Дымоход Трейд — декоративная юбка для трубы Ø300 мм","DELETE"
"28.08.2026","https://dimohod-trade.pro/product/flanets-dekorativnyy","200","LOW_DEMAND","https://dimohod-trade.pro/product/flanets-dekorativnyy","16.08.2026","Фланец Дымоход Трейд для прохода стены и кровли","DELETE"
"28.08.2026","https://dimohod-trade.pro/product/homut-v-perekrytie","200","LOW_DEMAND","https://dimohod-trade.pro/product/homut-v-perekrytie","16.08.2026","Хомут в перекрытие Дымоход Трейд — крепление трубы","DELETE"
"28.08.2026","https://dimohod-trade.pro/product/komplekt-vaty-dlya-prohodnogo-stakana","200","LOW_DEMAND","https://dimohod-trade.pro/product/komplekt-vaty-dlya-prohodnogo-stakana","16.08.2026","Комплект ваты для проходного стакана — Дымоход Трейд","DELETE"
"28.08.2026","https://dimohod-trade.pro/product/konsol-teleskopicheskaya","200","LOW_DEMAND","https://dimohod-trade.pro/product/konsol-teleskopicheskaya","16.08.2026","Дымоход Трейд — телескопическая консоль для стены","DELETE"
"28.08.2026","https://dimohod-trade.pro/product/master-flesh","200","LOW_DEMAND","https://dimohod-trade.pro/product/master-flesh","16.08.2026","Мастер-флеш Дымоход Трейд для прохода дымохода через кровлю","DELETE"
"28.08.2026","https://dimohod-trade.pro/product/odnostennyi-chetvernik-s-k-o-90gr-d100","200","LOW_DEMAND","https://dimohod-trade.pro/product/odnostennyi-chetvernik-s-k-o-90gr-d100","16.08.2026","Одноконтурный четверник с К/О 90° 100 мм — купить | Дымоход Трейд","DELETE"
"28.08.2026","https://dimohod-trade.pro/product/odnostennyi-chetvernik-s-k-o-90gr-d110","200","LOW_DEMAND","https://dimohod-trade.pro/product/odnostennyi-chetvernik-s-k-o-90gr-d110","16.08.2026","Одноконтурный четверник с К/О 90° 110 мм — купить | Дымоход Трейд","DELETE"
"28.08.2026","https://dimohod-trade.pro/product/odnostennyi-chetvernik-s-k-o-90gr-d120","200","LOW_DEMAND","https://dimohod-trade.pro/product/odnostennyi-chetvernik-s-k-o-90gr-d120","16.08.2026","Одноконтурный четверник с К/О 90° 120 мм — купить | Дымоход Трейд","DELETE"
"28.08.2026","https://dimohod-trade.pro/product/odnostennyi-chetvernik-s-k-o-90gr-d130","200","LOW_DEMAND","https://dimohod-trade.pro/product/odnostennyi-chetvernik-s-k-o-90gr-d130","16.08.2026","Одноконтурный четверник с К/О 90° 130 мм — купить | Дымоход Трейд","DELETE"
"28.08.2026","https://dimohod-trade.pro/product/odnostennyi-chetvernik-s-k-o-90gr-d150","200","LOW_DEMAND","https://dimohod-trade.pro/product/odnostennyi-chetvernik-s-k-o-90gr-d150","16.08.2026","Одноконтурный четверник с К/О 90° 150 мм — купить | Дымоход Трейд","DELETE"
"28.08.2026","https://dimohod-trade.pro/product/odnostennyi-chetvernik-s-k-o-90gr-d160","200","LOW_DEMAND","https://dimohod-trade.pro/product/odnostennyi-chetvernik-s-k-o-90gr-d160","16.08.2026","Одноконтурный четверник с К/О 90° 160 мм — купить | Дымоход Трейд","DELETE"
"28.08.2026","https://dimohod-trade.pro/product/odnostennyi-chetvernik-s-k-o-90gr-d180","200","LOW_DEMAND","https://dimohod-trade.pro/product/odnostennyi-chetvernik-s-k-o-90gr-d180","16.08.2026","Одноконтурный четверник с К/О 90° 180 мм — купить | Дымоход Трейд","DELETE"
"28.08.2026","https://dimohod-trade.pro/product/odnostennyi-chetvernik-s-k-o-90gr-d200","200","LOW_DEMAND","https://dimohod-trade.pro/product/odnostennyi-chetvernik-s-k-o-90gr-d200","16.08.2026","Одноконтурный четверник с К/О 90° 200 мм — купить | Дымоход Трейд","DELETE"
"28.08.2026","https://dimohod-trade.pro/product/odnostennyi-chetvernik-s-k-o-90gr-d210","200","LOW_DEMAND","https://dimohod-trade.pro/product/odnostennyi-chetvernik-s-k-o-90gr-d210","16.08.2026","Одноконтурный четверник с К/О 90° 210 мм — купить | Дымоход Трейд","DELETE"
"28.08.2026","https://dimohod-trade.pro/product/odnostennyi-chetvernik-s-k-o-90gr-d220","200","LOW_DEMAND","https://dimohod-trade.pro/product/odnostennyi-chetvernik-s-k-o-90gr-d220","16.08.2026","Одноконтурный четверник с К/О 90° 220 мм — купить | Дымоход Трейд","DELETE"
"28.08.2026","https://dimohod-trade.pro/product/odnostennyi-chetvernik-s-k-o-90gr-d230","200","LOW_DEMAND","https://dimohod-trade.pro/product/odnostennyi-chetvernik-s-k-o-90gr-d230","16.08.2026","Одноконтурный четверник с К/О 90° 230 мм — купить | Дымоход Трейд","DELETE"
"28.08.2026","https://dimohod-trade.pro/product/odnostennyi-chetvernik-s-k-o-90gr-d250","200","LOW_DEMAND","https://dimohod-trade.pro/product/odnostennyi-chetvernik-s-k-o-90gr-d250","16.08.2026","Одноконтурный четверник с К/О 90° 250 мм — купить | Дымоход Трейд","DELETE"
"28.08.2026","https://dimohod-trade.pro/product/odnostennyi-chetvernik-s-k-o-90gr-d300","200","LOW_DEMAND","https://dimohod-trade.pro/product/odnostennyi-chetvernik-s-k-o-90gr-d300","16.08.2026","Одноконтурный четверник с К/О 90° 300 мм — купить | Дымоход Трейд","DELETE"
"28.08.2026","https://dimohod-trade.pro/product/odnostennyi-kondensatootvod-d100","200","LOW_DEMAND","https://dimohod-trade.pro/product/odnostennyi-kondensatootvod-d100","16.08.2026","Одноконтурный конденсатоотвод 100 мм — купить | Дымоход Трейд","DELETE"
"28.08.2026","https://dimohod-trade.pro/product/odnostennyi-kondensatootvod-d110","200","LOW_DEMAND","https://dimohod-trade.pro/product/odnostennyi-kondensatootvod-d110","16.08.2026","Одноконтурный конденсатоотвод 110 мм — купить | Дымоход Трейд","DELETE"
"28.08.2026","https://dimohod-trade.pro/product/odnostennyi-kondensatootvod-d120","200","LOW_DEMAND","https://dimohod-trade.pro/product/odnostennyi-kondensatootvod-d120","16.08.2026","Одноконтурный конденсатоотвод 120 мм — купить | Дымоход Трейд","DELETE"
"28.08.2026","https://dimohod-trade.pro/product/odnostennyi-kondensatootvod-d130","200","LOW_DEMAND","https://dimohod-trade.pro/product/odnostennyi-kondensatootvod-d130","16.08.2026","Одноконтурный конденсатоотвод 130 мм — купить | Дымоход Трейд","DELETE"
"28.08.2026","https://dimohod-trade.pro/product/odnostennyi-kondensatootvod-d140","200","LOW_DEMAND","https://dimohod-trade.pro/product/odnostennyi-kondensatootvod-d140","16.08.2026","Одноконтурный конденсатоотвод 140 мм — купить | Дымоход Трейд","DELETE"
"28.08.2026","https://dimohod-trade.pro/product/odnostennyi-kondensatootvod-d150","200","LOW_DEMAND","https://dimohod-trade.pro/product/odnostennyi-kondensatootvod-d150","16.08.2026","Одноконтурный конденсатоотвод 150 мм — купить | Дымоход Трейд","DELETE"
"28.08.2026","https://dimohod-trade.pro/product/odnostennyi-kondensatootvod-d160","200","LOW_DEMAND","https://dimohod-trade.pro/product/odnostennyi-kondensatootvod-d160","16.08.2026","Одноконтурный конденсатоотвод 160 мм — купить | Дымоход Трейд","DELETE"
"28.08.2026","https://dimohod-trade.pro/product/odnostennyi-kondensatootvod-d180","200","LOW_DEMAND","https://dimohod-trade.pro/product/odnostennyi-kondensatootvod-d180","16.08.2026","Одноконтурный конденсатоотвод 180 мм — купить | Дымоход Трейд","DELETE"
"28.08.2026","https://dimohod-trade.pro/product/odnostennyi-kondensatootvod-d200","200","LOW_DEMAND","https://dimohod-trade.pro/product/odnostennyi-kondensatootvod-d200","16.08.2026","Одноконтурный конденсатоотвод 200 мм — купить | Дымоход Трейд","DELETE"
"28.08.2026","https://dimohod-trade.pro/product/odnostennyi-kondensatootvod-d210","200","LOW_DEMAND","https://dimohod-trade.pro/product/odnostennyi-kondensatootvod-d210","16.08.2026","Одноконтурный конденсатоотвод 210 мм — купить | Дымоход Трейд","DELETE"
"28.08.2026","https://dimohod-trade.pro/product/odnostennyi-kondensatootvod-d220","200","LOW_DEMAND","https://dimohod-trade.pro/product/odnostennyi-kondensatootvod-d220","16.08.2026","Одноконтурный конденсатоотвод 220 мм — купить | Дымоход Трейд","DELETE"
"28.08.2026","https://dimohod-trade.pro/product/odnostennyi-kondensatootvod-d230","200","LOW_DEMAND","https://dimohod-trade.pro/product/odnostennyi-kondensatootvod-d230","16.08.2026","Одноконтурный конденсатоотвод 230 мм — купить | Дымоход Трейд","DELETE"
"28.08.2026","https://dimohod-trade.pro/product/odnostennyi-kondensatootvod-d250","200","LOW_DEMAND","https://dimohod-trade.pro/product/odnostennyi-kondensatootvod-d250","16.08.2026","Одноконтурный конденсатоотвод 250 мм — купить | Дымоход Трейд","DELETE"
"28.08.2026","https://dimohod-trade.pro/product/odnostennyi-kondensatootvod-d280","200","LOW_DEMAND","https://dimohod-trade.pro/product/odnostennyi-kondensatootvod-d280","16.08.2026","Одноконтурный конденсатоотвод 280 мм — купить | Дымоход Трейд","DELETE"
"28.08.2026","https://dimohod-trade.pro/product/odnostennyi-kondensatootvod-d300","200","LOW_DEMAND","https://dimohod-trade.pro/product/odnostennyi-kondensatootvod-d300","16.08.2026","Одноконтурный конденсатоотвод 300 мм — купить | Дымоход Трейд","DELETE"
"28.08.2026","https://dimohod-trade.pro/product/odnostennyi-krepezh-homut-shirokii-d110","200","LOW_DEMAND","https://dimohod-trade.pro/product/odnostennyi-krepezh-homut-shirokii-d110","16.08.2026","Одноконтурный хомут широкий — крепёж для дымохода","DELETE"
"28.08.2026","https://dimohod-trade.pro/product/odnostennyi-krepezh-homut-shirokii-d120","200","LOW_DEMAND","https://dimohod-trade.pro/product/odnostennyi-krepezh-homut-shirokii-d120","16.08.2026","Одноконтурный хомут широкий — крепёж для дымохода","DELETE"
"28.08.2026","https://dimohod-trade.pro/product/odnostennyi-krepezh-homut-shirokii-d130","200","LOW_DEMAND","https://dimohod-trade.pro/product/odnostennyi-krepezh-homut-shirokii-d130","16.08.2026","Одноконтурный хомут широкий — крепёж для дымохода","DELETE"
"28.08.2026","https://dimohod-trade.pro/product/odnostennyi-krepezh-homut-shirokii-d140","200","LOW_DEMAND","https://dimohod-trade.pro/product/odnostennyi-krepezh-homut-shirokii-d140","16.08.2026","Одноконтурный хомут широкий — крепёж для дымохода","DELETE"
"28.08.2026","https://dimohod-trade.pro/product/odnostennyi-krepezh-homut-shirokii-d160","200","LOW_DEMAND","https://dimohod-trade.pro/product/odnostennyi-krepezh-homut-shirokii-d160","16.08.2026","Одноконтурный хомут широкий — крепёж для дымохода","DELETE"
"28.08.2026","https://dimohod-trade.pro/product/odnostennyi-krepezh-homut-shirokii-d180","200","LOW_DEMAND","https://dimohod-trade.pro/product/odnostennyi-krepezh-homut-shirokii-d180","16.08.2026","Одноконтурный хомут широкий — крепёж для дымохода","DELETE"
"28.08.2026","https://dimohod-trade.pro/product/odnostennyi-krepezh-homut-shirokii-d200","200","LOW_DEMAND","https://dimohod-trade.pro/product/odnostennyi-krepezh-homut-shirokii-d200","16.08.2026","Одноконтурный хомут широкий — крепёж для дымохода","DELETE"
"28.08.2026","https://dimohod-trade.pro/product/odnostennyi-krepezh-homut-shirokii-d210","200","LOW_DEMAND","https://dimohod-trade.pro/product/odnostennyi-krepezh-homut-shirokii-d210","16.08.2026","Одноконтурный хомут широкий — крепёж для дымохода","DELETE"
"28.08.2026","https://dimohod-trade.pro/product/odnostennyi-krepezh-homut-shirokii-d220","200","LOW_DEMAND","https://dimohod-trade.pro/product/odnostennyi-krepezh-homut-shirokii-d220","16.08.2026","Одноконтурный хомут широкий — крепёж для дымохода","DELETE"
"28.08.2026","https://dimohod-trade.pro/product/odnostennyi-krepezh-homut-shirokii-d230","200","LOW_DEMAND","https://dimohod-trade.pro/product/odnostennyi-krepezh-homut-shirokii-d230","16.08.2026","Одноконтурный хомут широкий — крепёж для дымохода","DELETE"
"28.08.2026","https://dimohod-trade.pro/product/odnostennyi-krepezh-homut-shirokii-d250","200","LOW_DEMAND","https://dimohod-trade.pro/product/odnostennyi-krepezh-homut-shirokii-d250","16.08.2026","Одноконтурный хомут широкий — крепёж для дымохода","DELETE"
"28.08.2026","https://dimohod-trade.pro/product/odnostennyi-krepezh-homut-shirokii-d280","200","LOW_DEMAND","https://dimohod-trade.pro/product/odnostennyi-krepezh-homut-shirokii-d280","16.08.2026","Одноконтурный хомут широкий — крепёж для дымохода","DELETE"
"28.08.2026","https://dimohod-trade.pro/product/odnostennyi-krepezh-homut-shirokii-d300","200","LOW_DEMAND","https://dimohod-trade.pro/product/odnostennyi-krepezh-homut-shirokii-d300","16.08.2026","Одноконтурный хомут широкий — крепёж для дымохода","DELETE"
"28.08.2026","https://dimohod-trade.pro/product/odnostennyi-krepezh-homut-silovoi-d100","200","LOW_DEMAND","https://dimohod-trade.pro/product/odnostennyi-krepezh-homut-silovoi-d100","16.08.2026","Хомут силовой для консоли Дымоход Трейд — Ø100 мм","DELETE"
"28.08.2026","https://dimohod-trade.pro/product/odnostennyi-krepezh-homut-silovoi-d110","200","LOW_DEMAND","https://dimohod-trade.pro/product/odnostennyi-krepezh-homut-silovoi-d110","16.08.2026","Хомут силовой для консоли Дымоход Трейд — Ø110 мм","DELETE"
"28.08.2026","https://dimohod-trade.pro/product/odnostennyi-krepezh-homut-silovoi-d120","200","LOW_DEMAND","https://dimohod-trade.pro/product/odnostennyi-krepezh-homut-silovoi-d120","16.08.2026","Хомут силовой для консоли Дымоход Трейд — Ø120 мм","DELETE"
"28.08.2026","https://dimohod-trade.pro/product/odnostennyi-krepezh-homut-silovoi-d130","200","LOW_DEMAND","https://dimohod-trade.pro/product/odnostennyi-krepezh-homut-silovoi-d130","16.08.2026","Хомут силовой для консоли Дымоход Трейд — Ø130 мм","DELETE"
"28.08.2026","https://dimohod-trade.pro/product/odnostennyi-krepezh-homut-silovoi-d140","200","LOW_DEMAND","https://dimohod-trade.pro/product/odnostennyi-krepezh-homut-silovoi-d140","16.08.2026","Хомут силовой для консоли Дымоход Трейд — Ø140 мм","DELETE"
"28.08.2026","https://dimohod-trade.pro/product/odnostennyi-krepezh-homut-silovoi-d160","200","LOW_DEMAND","https://dimohod-trade.pro/product/odnostennyi-krepezh-homut-silovoi-d160","16.08.2026","Хомут силовой для консоли Дымоход Трейд — Ø160 мм","DELETE"
"28.08.2026","https://dimohod-trade.pro/product/odnostennyi-krepezh-homut-silovoi-d180","200","LOW_DEMAND","https://dimohod-trade.pro/product/odnostennyi-krepezh-homut-silovoi-d180","16.08.2026","Хомут силовой для консоли Дымоход Трейд — Ø180 мм","DELETE"
"28.08.2026","https://dimohod-trade.pro/product/odnostennyi-krepezh-homut-silovoi-d200","200","LOW_DEMAND","https://dimohod-trade.pro/product/odnostennyi-krepezh-homut-silovoi-d200","16.08.2026","Хомут силовой для консоли Дымоход Трейд — Ø200 мм","DELETE"
"28.08.2026","https://dimohod-trade.pro/product/odnostennyi-krepezh-homut-silovoi-d210","200","LOW_DEMAND","https://dimohod-trade.pro/product/odnostennyi-krepezh-homut-silovoi-d210","16.08.2026","Хомут силовой для консоли Дымоход Трейд — Ø210 мм","DELETE"
"28.08.2026","https://dimohod-trade.pro/product/odnostennyi-krepezh-homut-silovoi-d220","200","LOW_DEMAND","https://dimohod-trade.pro/product/odnostennyi-krepezh-homut-silovoi-d220","16.08.2026","Хомут силовой для консоли Дымоход Трейд — Ø220 мм","DELETE"
"28.08.2026","https://dimohod-trade.pro/product/odnostennyi-krepezh-homut-silovoi-d230","200","LOW_DEMAND","https://dimohod-trade.pro/product/odnostennyi-krepezh-homut-silovoi-d230","16.08.2026","Хомут силовой для консоли Дымоход Трейд — Ø230 мм","DELETE"
"28.08.2026","https://dimohod-trade.pro/product/odnostennyi-krepezh-homut-silovoi-d250","200","LOW_DEMAND","https://dimohod-trade.pro/product/odnostennyi-krepezh-homut-silovoi-d250","16.08.2026","Хомут силовой для консоли Дымоход Трейд — Ø250 мм","DELETE"
"28.08.2026","https://dimohod-trade.pro/product/odnostennyi-krepezh-homut-silovoi-d280","200","LOW_DEMAND","https://dimohod-trade.pro/product/odnostennyi-krepezh-homut-silovoi-d280","16.08.2026","Хомут силовой для консоли Дымоход Трейд — Ø280 мм","DELETE"
"28.08.2026","https://dimohod-trade.pro/product/odnostennyi-krepezh-homut-silovoi-d300","200","LOW_DEMAND","https://dimohod-trade.pro/product/odnostennyi-krepezh-homut-silovoi-d300","16.08.2026","Хомут силовой для консоли Дымоход Трейд — Ø300 мм","DELETE"
"28.08.2026","https://dimohod-trade.pro/product/odnostennyi-ogolovok-deflektor-d100","200","LOW_DEMAND","https://dimohod-trade.pro/product/odnostennyi-ogolovok-deflektor-d100","16.08.2026","Одноконтурный дефлектор 100 мм — купить | Дымоход Трейд","DELETE"
"28.08.2026","https://dimohod-trade.pro/product/odnostennyi-ogolovok-deflektor-d110","200","LOW_DEMAND","https://dimohod-trade.pro/product/odnostennyi-ogolovok-deflektor-d110","16.08.2026","Одноконтурный дефлектор 110 мм — купить | Дымоход Трейд","DELETE"
"28.08.2026","https://dimohod-trade.pro/product/odnostennyi-ogolovok-deflektor-d120","200","LOW_DEMAND","https://dimohod-trade.pro/product/odnostennyi-ogolovok-deflektor-d120","16.08.2026","Одноконтурный дефлектор 120 мм — купить | Дымоход Трейд","DELETE"
"28.08.2026","https://dimohod-trade.pro/product/odnostennyi-ogolovok-deflektor-d130","200","LOW_DEMAND","https://dimohod-trade.pro/product/odnostennyi-ogolovok-deflektor-d130","16.08.2026","Одноконтурный дефлектор 130 мм — купить | Дымоход Трейд","DELETE"
"28.08.2026","https://dimohod-trade.pro/product/odnostennyi-ogolovok-deflektor-d150","200","LOW_DEMAND","https://dimohod-trade.pro/product/odnostennyi-ogolovok-deflektor-d150","16.08.2026","Одноконтурный дефлектор 150 мм — купить | Дымоход Трейд","DELETE"
"28.08.2026","https://dimohod-trade.pro/product/odnostennyi-ogolovok-deflektor-d160","200","LOW_DEMAND","https://dimohod-trade.pro/product/odnostennyi-ogolovok-deflektor-d160","16.08.2026","Одноконтурный дефлектор 160 мм — купить | Дымоход Трейд","DELETE"
"28.08.2026","https://dimohod-trade.pro/product/odnostennyi-ogolovok-deflektor-d180","200","LOW_DEMAND","https://dimohod-trade.pro/product/odnostennyi-ogolovok-deflektor-d180","16.08.2026","Одноконтурный дефлектор 180 мм — купить | Дымоход Трейд","DELETE"
"28.08.2026","https://dimohod-trade.pro/product/odnostennyi-ogolovok-deflektor-d200","200","LOW_DEMAND","https://dimohod-trade.pro/product/odnostennyi-ogolovok-deflektor-d200","16.08.2026","Одноконтурный дефлектор 200 мм — купить | Дымоход Трейд","DELETE"
"28.08.2026","https://dimohod-trade.pro/product/odnostennyi-ogolovok-deflektor-d210","200","LOW_DEMAND","https://dimohod-trade.pro/product/odnostennyi-ogolovok-deflektor-d210","16.08.2026","Одноконтурный дефлектор 210 мм — купить | Дымоход Трейд","DELETE"
"28.08.2026","https://dimohod-trade.pro/product/odnostennyi-ogolovok-deflektor-d220","200","LOW_DEMAND","https://dimohod-trade.pro/product/odnostennyi-ogolovok-deflektor-d220","16.08.2026","Одноконтурный дефлектор 220 мм — купить | Дымоход Трейд","DELETE"
"28.08.2026","https://dimohod-trade.pro/product/odnostennyi-ogolovok-deflektor-d230","200","LOW_DEMAND","https://dimohod-trade.pro/product/odnostennyi-ogolovok-deflektor-d230","16.08.2026","Одноконтурный дефлектор 230 мм — купить | Дымоход Трейд","DELETE"
"28.08.2026","https://dimohod-trade.pro/product/odnostennyi-ogolovok-deflektor-d250","200","LOW_DEMAND","https://dimohod-trade.pro/product/odnostennyi-ogolovok-deflektor-d250","16.08.2026","Одноконтурный дефлектор 250 мм — купить | Дымоход Трейд","DELETE"
"28.08.2026","https://dimohod-trade.pro/product/odnostennyi-ogolovok-deflektor-d280","200","LOW_DEMAND","https://dimohod-trade.pro/product/odnostennyi-ogolovok-deflektor-d280","16.08.2026","Одноконтурный дефлектор 280 мм — купить | Дымоход Трейд","DELETE"
"28.08.2026","https://dimohod-trade.pro/product/odnostennyi-ogolovok-deflektor-d300","200","LOW_DEMAND","https://dimohod-trade.pro/product/odnostennyi-ogolovok-deflektor-d300","16.08.2026","Одноконтурный дефлектор 300 мм — купить | Дымоход Трейд","DELETE"
"28.08.2026","https://dimohod-trade.pro/product/odnostennyi-ogolovok-zont-d100","200","LOW_DEMAND","https://dimohod-trade.pro/product/odnostennyi-ogolovok-zont-d100","16.08.2026","Одноконтурный зонт 100 мм — купить | Дымоход Трейд","DELETE"
"28.08.2026","https://dimohod-trade.pro/product/odnostennyi-ogolovok-zont-d110","200","LOW_DEMAND","https://dimohod-trade.pro/product/odnostennyi-ogolovok-zont-d110","16.08.2026","Одноконтурный зонт 110 мм — купить | Дымоход Трейд","DELETE"
"28.08.2026","https://dimohod-trade.pro/product/odnostennyi-ogolovok-zont-d120","200","LOW_DEMAND","https://dimohod-trade.pro/product/odnostennyi-ogolovok-zont-d120","16.08.2026","Одноконтурный зонт 120 мм — купить | Дымоход Трейд","DELETE"
"28.08.2026","https://dimohod-trade.pro/product/odnostennyi-ogolovok-zont-d130","200","LOW_DEMAND","https://dimohod-trade.pro/product/odnostennyi-ogolovok-zont-d130","16.08.2026","Одноконтурный зонт 130 мм — купить | Дымоход Трейд","DELETE"
"28.08.2026","https://dimohod-trade.pro/product/odnostennyi-ogolovok-zont-d140","200","LOW_DEMAND","https://dimohod-trade.pro/product/odnostennyi-ogolovok-zont-d140","16.08.2026","Одноконтурный зонт 140 мм — купить | Дымоход Трейд","DELETE"
"28.08.2026","https://dimohod-trade.pro/product/odnostennyi-ogolovok-zont-d150","200","LOW_DEMAND","https://dimohod-trade.pro/product/odnostennyi-ogolovok-zont-d150","16.08.2026","Одноконтурный зонт 150 мм — купить | Дымоход Трейд","DELETE"
"28.08.2026","https://dimohod-trade.pro/product/odnostennyi-ogolovok-zont-d160","200","LOW_DEMAND","https://dimohod-trade.pro/product/odnostennyi-ogolovok-zont-d160","16.08.2026","Одноконтурный зонт 160 мм — купить | Дымоход Трейд","DELETE"
"28.08.2026","https://dimohod-trade.pro/product/odnostennyi-ogolovok-zont-d180","200","LOW_DEMAND","https://dimohod-trade.pro/product/odnostennyi-ogolovok-zont-d180","16.08.2026","Одноконтурный зонт 180 мм — купить | Дымоход Трейд","DELETE"
"28.08.2026","https://dimohod-trade.pro/product/odnostennyi-ogolovok-zont-d200","200","LOW_DEMAND","https://dimohod-trade.pro/product/odnostennyi-ogolovok-zont-d200","16.08.2026","Одноконтурный зонт 200 мм — купить | Дымоход Трейд","DELETE"
"28.08.2026","https://dimohod-trade.pro/product/odnostennyi-ogolovok-zont-d210","200","LOW_DEMAND","https://dimohod-trade.pro/product/odnostennyi-ogolovok-zont-d210","16.08.2026","Одноконтурный зонт 210 мм — купить | Дымоход Трейд","DELETE"
"28.08.2026","https://dimohod-trade.pro/product/odnostennyi-ogolovok-zont-d220","200","LOW_DEMAND","https://dimohod-trade.pro/product/odnostennyi-ogolovok-zont-d220","16.08.2026","Одноконтурный зонт 220 мм — купить | Дымоход Трейд","DELETE"
"28.08.2026","https://dimohod-trade.pro/product/odnostennyi-ogolovok-zont-d230","200","LOW_DEMAND","https://dimohod-trade.pro/product/odnostennyi-ogolovok-zont-d230","16.08.2026","Одноконтурный зонт 230 мм — купить | Дымоход Трейд","DELETE"
"28.08.2026","https://dimohod-trade.pro/product/odnostennyi-ogolovok-zont-d250","200","LOW_DEMAND","https://dimohod-trade.pro/product/odnostennyi-ogolovok-zont-d250","16.08.2026","Одноконтурный зонт 250 мм — купить | Дымоход Трейд","DELETE"
"28.08.2026","https://dimohod-trade.pro/product/odnostennyi-ogolovok-zont-d280","200","LOW_DEMAND","https://dimohod-trade.pro/product/odnostennyi-ogolovok-zont-d280","16.08.2026","Одноконтурный зонт 280 мм — купить | Дымоход Трейд","DELETE"
"28.08.2026","https://dimohod-trade.pro/product/odnostennyi-ogolovok-zont-d300","200","LOW_DEMAND","https://dimohod-trade.pro/product/odnostennyi-ogolovok-zont-d300","16.08.2026","Одноконтурный зонт 300 мм — купить | Дымоход Трейд","DELETE"
"28.08.2026","https://dimohod-trade.pro/product/odnostennyi-otvod-45-gr-d100","200","LOW_DEMAND","https://dimohod-trade.pro/product/odnostennyi-otvod-45-gr-d100","16.08.2026","Одноконтурный отвод 45° Дымоход Трейд для смещения дымохода","DELETE"
"28.08.2026","https://dimohod-trade.pro/product/odnostennyi-otvod-45-gr-d110","200","LOW_DEMAND","https://dimohod-trade.pro/product/odnostennyi-otvod-45-gr-d110","16.08.2026","Одноконтурный отвод 45° Дымоход Трейд для смещения дымохода","DELETE"
"28.08.2026","https://dimohod-trade.pro/product/odnostennyi-otvod-45-gr-d120","200","LOW_DEMAND","https://dimohod-trade.pro/product/odnostennyi-otvod-45-gr-d120","16.08.2026","Одноконтурный отвод 45° Дымоход Трейд для смещения дымохода","DELETE"
"28.08.2026","https://dimohod-trade.pro/product/odnostennyi-otvod-45-gr-d130","200","LOW_DEMAND","https://dimohod-trade.pro/product/odnostennyi-otvod-45-gr-d130","16.08.2026","Одноконтурный отвод 45° Дымоход Трейд для смещения дымохода","DELETE"
"28.08.2026","https://dimohod-trade.pro/product/odnostennyi-otvod-45-gr-d140","200","LOW_DEMAND","https://dimohod-trade.pro/product/odnostennyi-otvod-45-gr-d140","16.08.2026","Одноконтурный отвод 45° Дымоход Трейд для смещения дымохода","DELETE"
"28.08.2026","https://dimohod-trade.pro/product/odnostennyi-otvod-45-gr-d150","200","LOW_DEMAND","https://dimohod-trade.pro/product/odnostennyi-otvod-45-gr-d150","16.08.2026","Одноконтурный отвод 45° Дымоход Трейд для смещения дымохода","DELETE"
"28.08.2026","https://dimohod-trade.pro/product/odnostennyi-otvod-45-gr-d160","200","LOW_DEMAND","https://dimohod-trade.pro/product/odnostennyi-otvod-45-gr-d160","16.08.2026","Одноконтурный отвод 45° Дымоход Трейд для смещения дымохода","DELETE"
"28.08.2026","https://dimohod-trade.pro/product/odnostennyi-otvod-45-gr-d180","200","LOW_DEMAND","https://dimohod-trade.pro/product/odnostennyi-otvod-45-gr-d180","16.08.2026","Одноконтурный отвод 45° Дымоход Трейд для смещения дымохода","DELETE"
"28.08.2026","https://dimohod-trade.pro/product/odnostennyi-otvod-45-gr-d200","200","LOW_DEMAND","https://dimohod-trade.pro/product/odnostennyi-otvod-45-gr-d200","16.08.2026","Одноконтурный отвод 45° Дымоход Трейд для смещения дымохода","DELETE"
"28.08.2026","https://dimohod-trade.pro/product/odnostennyi-otvod-45-gr-d250","200","LOW_DEMAND","https://dimohod-trade.pro/product/odnostennyi-otvod-45-gr-d250","16.08.2026","Одноконтурный отвод 45° Дымоход Трейд для смещения дымохода","DELETE"
"28.08.2026","https://dimohod-trade.pro/product/odnostennyi-otvod-45-gr-d280","200","LOW_DEMAND","https://dimohod-trade.pro/product/odnostennyi-otvod-45-gr-d280","16.08.2026","Одноконтурный отвод 45° Дымоход Трейд для смещения дымохода","DELETE"
"28.08.2026","https://dimohod-trade.pro/product/odnostennyi-otvod-45-gr-d300","200","LOW_DEMAND","https://dimohod-trade.pro/product/odnostennyi-otvod-45-gr-d300","16.08.2026","Одноконтурный отвод 45° Дымоход Трейд для смещения дымохода","DELETE"
"28.08.2026","https://dimohod-trade.pro/product/odnostennyi-otvod-90-gr-d110","200","LOW_DEMAND","https://dimohod-trade.pro/product/odnostennyi-otvod-90-gr-d110","16.08.2026","Дымоход Трейд: Одноконтурный отвод 90° для поворота системы на 90°","DELETE"
"28.08.2026","https://dimohod-trade.pro/product/odnostennyi-otvod-90-gr-d140","200","LOW_DEMAND","https://dimohod-trade.pro/product/odnostennyi-otvod-90-gr-d140","16.08.2026","Дымоход Трейд: Одноконтурный отвод 90° для поворота системы на 90°","DELETE"
"28.08.2026","https://dimohod-trade.pro/product/odnostennyi-otvod-90-gr-d180","200","LOW_DEMAND","https://dimohod-trade.pro/product/odnostennyi-otvod-90-gr-d180","16.08.2026","Дымоход Трейд: Одноконтурный отвод 90° для поворота системы на 90°","DELETE"
"28.08.2026","https://dimohod-trade.pro/product/odnostennyi-otvod-90-gr-d200","200","LOW_DEMAND","https://dimohod-trade.pro/product/odnostennyi-otvod-90-gr-d200","16.08.2026","Дымоход Трейд: Одноконтурный отвод 90° для поворота системы на 90°","DELETE"
"28.08.2026","https://dimohod-trade.pro/product/odnostennyi-otvod-90-gr-d250","200","LOW_DEMAND","https://dimohod-trade.pro/product/odnostennyi-otvod-90-gr-d250","16.08.2026","Дымоход Трейд: Одноконтурный отвод 90° для поворота системы на 90°","DELETE"
"28.08.2026","https://dimohod-trade.pro/product/odnostennyi-shiber-povorotnyi-d100","200","LOW_DEMAND","https://dimohod-trade.pro/product/odnostennyi-shiber-povorotnyi-d100","16.08.2026","Одноконтурный шибер Дымоход Трейд для регулировки тяги","DELETE"
"28.08.2026","https://dimohod-trade.pro/product/odnostennyi-shiber-povorotnyi-d110","200","LOW_DEMAND","https://dimohod-trade.pro/product/odnostennyi-shiber-povorotnyi-d110","16.08.2026","Одноконтурный шибер Дымоход Трейд для регулировки тяги","DELETE"
"28.08.2026","https://dimohod-trade.pro/product/odnostennyi-shiber-povorotnyi-d120","200","LOW_DEMAND","https://dimohod-trade.pro/product/odnostennyi-shiber-povorotnyi-d120","16.08.2026","Одноконтурный шибер Дымоход Трейд для регулировки тяги","DELETE"
"28.08.2026","https://dimohod-trade.pro/product/odnostennyi-shiber-povorotnyi-d130","200","LOW_DEMAND","https://dimohod-trade.pro/product/odnostennyi-shiber-povorotnyi-d130","16.08.2026","Одноконтурный шибер Дымоход Трейд для регулировки тяги","DELETE"
"28.08.2026","https://dimohod-trade.pro/product/odnostennyi-shiber-povorotnyi-d140","200","LOW_DEMAND","https://dimohod-trade.pro/product/odnostennyi-shiber-povorotnyi-d140","16.08.2026","Одноконтурный шибер Дымоход Трейд для регулировки тяги","DELETE"
"28.08.2026","https://dimohod-trade.pro/product/odnostennyi-shiber-povorotnyi-d150","200","LOW_DEMAND","https://dimohod-trade.pro/product/odnostennyi-shiber-povorotnyi-d150","16.08.2026","Одноконтурный шибер Дымоход Трейд для регулировки тяги","DELETE"
"28.08.2026","https://dimohod-trade.pro/product/odnostennyi-shiber-povorotnyi-d160","200","LOW_DEMAND","https://dimohod-trade.pro/product/odnostennyi-shiber-povorotnyi-d160","16.08.2026","Одноконтурный шибер Дымоход Трейд для регулировки тяги","DELETE"
"28.08.2026","https://dimohod-trade.pro/product/odnostennyi-shiber-povorotnyi-d180","200","LOW_DEMAND","https://dimohod-trade.pro/product/odnostennyi-shiber-povorotnyi-d180","16.08.2026","Одноконтурный шибер Дымоход Трейд для регулировки тяги","DELETE"
"28.08.2026","https://dimohod-trade.pro/product/odnostennyi-shiber-povorotnyi-d200","200","LOW_DEMAND","https://dimohod-trade.pro/product/odnostennyi-shiber-povorotnyi-d200","16.08.2026","Одноконтурный шибер Дымоход Трейд для регулировки тяги","DELETE"
"28.08.2026","https://dimohod-trade.pro/product/odnostennyi-shiber-povorotnyi-d210","200","LOW_DEMAND","https://dimohod-trade.pro/product/odnostennyi-shiber-povorotnyi-d210","16.08.2026","Одноконтурный шибер Дымоход Трейд для регулировки тяги","DELETE"
"28.08.2026","https://dimohod-trade.pro/product/odnostennyi-shiber-povorotnyi-d220","200","LOW_DEMAND","https://dimohod-trade.pro/product/odnostennyi-shiber-povorotnyi-d220","16.08.2026","Одноконтурный шибер Дымоход Трейд для регулировки тяги","DELETE"
"28.08.2026","https://dimohod-trade.pro/product/odnostennyi-shiber-povorotnyi-d230","200","LOW_DEMAND","https://dimohod-trade.pro/product/odnostennyi-shiber-povorotnyi-d230","16.08.2026","Одноконтурный шибер Дымоход Трейд для регулировки тяги","DELETE"
"28.08.2026","https://dimohod-trade.pro/product/odnostennyi-shiber-povorotnyi-d250","200","LOW_DEMAND","https://dimohod-trade.pro/product/odnostennyi-shiber-povorotnyi-d250","16.08.2026","Одноконтурный шибер Дымоход Трейд для регулировки тяги","DELETE"
"28.08.2026","https://dimohod-trade.pro/product/odnostennyi-shiber-povorotnyi-d280","200","LOW_DEMAND","https://dimohod-trade.pro/product/odnostennyi-shiber-povorotnyi-d280","16.08.2026","Одноконтурный шибер Дымоход Трейд для регулировки тяги","DELETE"
"28.08.2026","https://dimohod-trade.pro/product/odnostennyi-shiber-povorotnyi-d300","200","LOW_DEMAND","https://dimohod-trade.pro/product/odnostennyi-shiber-povorotnyi-d300","16.08.2026","Одноконтурный шибер Дымоход Трейд для регулировки тяги","DELETE"
"28.08.2026","https://dimohod-trade.pro/product/odnostennyi-shiber-vydvizh-d100","200","LOW_DEMAND","https://dimohod-trade.pro/product/odnostennyi-shiber-vydvizh-d100","16.08.2026","Одноконтурный шибер выдвижной 100 мм — купить | Дымоход Трейд","DELETE"
"28.08.2026","https://dimohod-trade.pro/product/odnostennyi-shiber-vydvizh-d110","200","LOW_DEMAND","https://dimohod-trade.pro/product/odnostennyi-shiber-vydvizh-d110","16.08.2026","Одноконтурный шибер выдвижной 110 мм — купить | Дымоход Трейд","DELETE"
"28.08.2026","https://dimohod-trade.pro/product/odnostennyi-shiber-vydvizh-d120","200","LOW_DEMAND","https://dimohod-trade.pro/product/odnostennyi-shiber-vydvizh-d120","16.08.2026","Одноконтурный шибер выдвижной 120 мм — купить | Дымоход Трейд","DELETE"
"28.08.2026","https://dimohod-trade.pro/product/odnostennyi-shiber-vydvizh-d130","200","LOW_DEMAND","https://dimohod-trade.pro/product/odnostennyi-shiber-vydvizh-d130","16.08.2026","Одноконтурный шибер выдвижной 130 мм — купить | Дымоход Трейд","DELETE"
"28.08.2026","https://dimohod-trade.pro/product/odnostennyi-shiber-vydvizh-d140","200","LOW_DEMAND","https://dimohod-trade.pro/product/odnostennyi-shiber-vydvizh-d140","16.08.2026","Одноконтурный шибер выдвижной 140 мм — купить | Дымоход Трейд","DELETE"
"28.08.2026","https://dimohod-trade.pro/product/odnostennyi-shiber-vydvizh-d150","200","LOW_DEMAND","https://dimohod-trade.pro/product/odnostennyi-shiber-vydvizh-d150","16.08.2026","Одноконтурный шибер выдвижной 150 мм — купить | Дымоход Трейд","DELETE"
"28.08.2026","https://dimohod-trade.pro/product/odnostennyi-shiber-vydvizh-d160","200","LOW_DEMAND","https://dimohod-trade.pro/product/odnostennyi-shiber-vydvizh-d160","16.08.2026","Одноконтурный шибер выдвижной 160 мм — купить | Дымоход Трейд","DELETE"
"28.08.2026","https://dimohod-trade.pro/product/odnostennyi-shiber-vydvizh-d180","200","LOW_DEMAND","https://dimohod-trade.pro/product/odnostennyi-shiber-vydvizh-d180","16.08.2026","Одноконтурный шибер выдвижной 180 мм — купить | Дымоход Трейд","DELETE"
"28.08.2026","https://dimohod-trade.pro/product/odnostennyi-shiber-vydvizh-d200","200","LOW_DEMAND","https://dimohod-trade.pro/product/odnostennyi-shiber-vydvizh-d200","16.08.2026","Одноконтурный шибер выдвижной 200 мм — купить | Дымоход Трейд","DELETE"
"28.08.2026","https://dimohod-trade.pro/product/odnostennyi-shiber-vydvizh-d210","200","LOW_DEMAND","https://dimohod-trade.pro/product/odnostennyi-shiber-vydvizh-d210","16.08.2026","Одноконтурный шибер выдвижной 210 мм — купить | Дымоход Трейд","DELETE"
"28.08.2026","https://dimohod-trade.pro/product/odnostennyi-shiber-vydvizh-d220","200","LOW_DEMAND","https://dimohod-trade.pro/product/odnostennyi-shiber-vydvizh-d220","16.08.2026","Одноконтурный шибер выдвижной 220 мм — купить | Дымоход Трейд","DELETE"
"28.08.2026","https://dimohod-trade.pro/product/odnostennyi-shiber-vydvizh-d230","200","LOW_DEMAND","https://dimohod-trade.pro/product/odnostennyi-shiber-vydvizh-d230","16.08.2026","Одноконтурный шибер выдвижной 230 мм — купить | Дымоход Трейд","DELETE"
"28.08.2026","https://dimohod-trade.pro/product/odnostennyi-shiber-vydvizh-d250","200","LOW_DEMAND","https://dimohod-trade.pro/product/odnostennyi-shiber-vydvizh-d250","16.08.2026","Одноконтурный шибер выдвижной 250 мм — купить | Дымоход Трейд","DELETE"
"28.08.2026","https://dimohod-trade.pro/product/odnostennyi-shiber-vydvizh-d280","200","LOW_DEMAND","https://dimohod-trade.pro/product/odnostennyi-shiber-vydvizh-d280","16.08.2026","Одноконтурный шибер выдвижной 280 мм — купить | Дымоход Трейд","DELETE"
"28.08.2026","https://dimohod-trade.pro/product/odnostennyi-shiber-vydvizh-d300","200","LOW_DEMAND","https://dimohod-trade.pro/product/odnostennyi-shiber-vydvizh-d300","16.08.2026","Одноконтурный шибер выдвижной 300 мм — купить | Дымоход Трейд","DELETE"
"28.08.2026","https://dimohod-trade.pro/product/odnostennyi-truba-d100","200","LOW_DEMAND","https://dimohod-trade.pro/product/odnostennyi-truba-d100","16.08.2026","Одноконтурная труба Дымоход Трейд для стартового участка","DELETE"
"28.08.2026","https://dimohod-trade.pro/product/odnostennyi-truba-d110","200","LOW_DEMAND","https://dimohod-trade.pro/product/odnostennyi-truba-d110","16.08.2026","Одноконтурная труба Дымоход Трейд для стартового участка","DELETE"
"28.08.2026","https://dimohod-trade.pro/product/odnostennyi-truba-d120","200","LOW_DEMAND","https://dimohod-trade.pro/product/odnostennyi-truba-d120","16.08.2026","Одноконтурная труба Дымоход Трейд для стартового участка","DELETE"
"28.08.2026","https://dimohod-trade.pro/product/odnostennyi-truba-d130","200","LOW_DEMAND","https://dimohod-trade.pro/product/odnostennyi-truba-d130","16.08.2026","Одноконтурная труба Дымоход Трейд для стартового участка","DELETE"
"28.08.2026","https://dimohod-trade.pro/product/odnostennyi-truba-d140","200","LOW_DEMAND","https://dimohod-trade.pro/product/odnostennyi-truba-d140","16.08.2026","Одноконтурная труба Дымоход Трейд для стартового участка","DELETE"
"28.08.2026","https://dimohod-trade.pro/product/odnostennyi-truba-d160","200","LOW_DEMAND","https://dimohod-trade.pro/product/odnostennyi-truba-d160","16.08.2026","Одноконтурная труба Дымоход Трейд для стартового участка","DELETE"
"28.08.2026","https://dimohod-trade.pro/product/odnostennyi-truba-d180","200","LOW_DEMAND","https://dimohod-trade.pro/product/odnostennyi-truba-d180","16.08.2026","Одноконтурная труба Дымоход Трейд для стартового участка","DELETE"
"28.08.2026","https://dimohod-trade.pro/product/odnostennyi-truba-d200","200","LOW_DEMAND","https://dimohod-trade.pro/product/odnostennyi-truba-d200","16.08.2026","Одноконтурная труба Дымоход Трейд для стартового участка","DELETE"
"28.08.2026","https://dimohod-trade.pro/product/odnostennyi-truba-d210","200","LOW_DEMAND","https://dimohod-trade.pro/product/odnostennyi-truba-d210","16.08.2026","Одноконтурная труба Дымоход Трейд для стартового участка","DELETE"
"28.08.2026","https://dimohod-trade.pro/product/odnostennyi-truba-d220","200","LOW_DEMAND","https://dimohod-trade.pro/product/odnostennyi-truba-d220","16.08.2026","Одноконтурная труба Дымоход Трейд для стартового участка","DELETE"
"28.08.2026","https://dimohod-trade.pro/product/odnostennyi-truba-d230","200","LOW_DEMAND","https://dimohod-trade.pro/product/odnostennyi-truba-d230","16.08.2026","Одноконтурная труба Дымоход Трейд для стартового участка","DELETE"
"28.08.2026","https://dimohod-trade.pro/product/odnostennyi-truba-d250","200","LOW_DEMAND","https://dimohod-trade.pro/product/odnostennyi-truba-d250","16.08.2026","Одноконтурная труба Дымоход Трейд для стартового участка","DELETE"
"28.08.2026","https://dimohod-trade.pro/product/odnostennyi-truba-d280","200","LOW_DEMAND","https://dimohod-trade.pro/product/odnostennyi-truba-d280","16.08.2026","Одноконтурная труба Дымоход Трейд для стартового участка","DELETE"
"28.08.2026","https://dimohod-trade.pro/product/odnostennyi-truba-d300","200","LOW_DEMAND","https://dimohod-trade.pro/product/odnostennyi-truba-d300","16.08.2026","Одноконтурная труба Дымоход Трейд для стартового участка","DELETE"
"28.08.2026","https://dimohod-trade.pro/product/odnostennyy-reviziya-prochistka-d100","200","LOW_DEMAND","https://dimohod-trade.pro/product/odnostennyy-reviziya-prochistka-d100","16.08.2026","Прочистка 100 мм — купить | Дымоход Трейд","DELETE"
"28.08.2026","https://dimohod-trade.pro/product/odnostennyy-reviziya-prochistka-d110","200","LOW_DEMAND","https://dimohod-trade.pro/product/odnostennyy-reviziya-prochistka-d110","16.08.2026","Прочистка 110 мм — купить | Дымоход Трейд","DELETE"
"28.08.2026","https://dimohod-trade.pro/product/odnostennyy-reviziya-prochistka-d120","200","LOW_DEMAND","https://dimohod-trade.pro/product/odnostennyy-reviziya-prochistka-d120","16.08.2026","Прочистка 120 мм — купить | Дымоход Трейд","DELETE"
"28.08.2026","https://dimohod-trade.pro/product/odnostennyy-reviziya-prochistka-d130","200","LOW_DEMAND","https://dimohod-trade.pro/product/odnostennyy-reviziya-prochistka-d130","16.08.2026","Прочистка 130 мм — купить | Дымоход Трейд","DELETE"
"28.08.2026","https://dimohod-trade.pro/product/odnostennyy-reviziya-prochistka-d140","200","LOW_DEMAND","https://dimohod-trade.pro/product/odnostennyy-reviziya-prochistka-d140","16.08.2026","Прочистка 140 мм — купить | Дымоход Трейд","DELETE"
"28.08.2026","https://dimohod-trade.pro/product/odnostennyy-reviziya-prochistka-d150","200","LOW_DEMAND","https://dimohod-trade.pro/product/odnostennyy-reviziya-prochistka-d150","16.08.2026","Прочистка 150 мм — купить | Дымоход Трейд","DELETE"
"28.08.2026","https://dimohod-trade.pro/product/odnostennyy-reviziya-prochistka-d160","200","LOW_DEMAND","https://dimohod-trade.pro/product/odnostennyy-reviziya-prochistka-d160","16.08.2026","Прочистка 160 мм — купить | Дымоход Трейд","DELETE"
"28.08.2026","https://dimohod-trade.pro/product/odnostennyy-reviziya-prochistka-d180","200","LOW_DEMAND","https://dimohod-trade.pro/product/odnostennyy-reviziya-prochistka-d180","16.08.2026","Прочистка 180 мм — купить | Дымоход Трейд","DELETE"
"28.08.2026","https://dimohod-trade.pro/product/odnostennyy-reviziya-prochistka-d200","200","LOW_DEMAND","https://dimohod-trade.pro/product/odnostennyy-reviziya-prochistka-d200","16.08.2026","Прочистка 200 мм — купить | Дымоход Трейд","DELETE"
"28.08.2026","https://dimohod-trade.pro/product/odnostennyy-reviziya-prochistka-d210","200","LOW_DEMAND","https://dimohod-trade.pro/product/odnostennyy-reviziya-prochistka-d210","16.08.2026","Прочистка 210 мм — купить | Дымоход Трейд","DELETE"
"28.08.2026","https://dimohod-trade.pro/product/odnostennyy-reviziya-prochistka-d220","200","LOW_DEMAND","https://dimohod-trade.pro/product/odnostennyy-reviziya-prochistka-d220","16.08.2026","Прочистка 220 мм — купить | Дымоход Трейд","DELETE"
"28.08.2026","https://dimohod-trade.pro/product/odnostennyy-reviziya-prochistka-d230","200","LOW_DEMAND","https://dimohod-trade.pro/product/odnostennyy-reviziya-prochistka-d230","16.08.2026","Прочистка 230 мм — купить | Дымоход Трейд","DELETE"
"28.08.2026","https://dimohod-trade.pro/product/odnostennyy-reviziya-prochistka-d250","200","LOW_DEMAND","https://dimohod-trade.pro/product/odnostennyy-reviziya-prochistka-d250","16.08.2026","Прочистка 250 мм — купить | Дымоход Трейд","DELETE"
"28.08.2026","https://dimohod-trade.pro/product/odnostennyy-reviziya-prochistka-d280","200","LOW_DEMAND","https://dimohod-trade.pro/product/odnostennyy-reviziya-prochistka-d280","16.08.2026","Прочистка 280 мм — купить | Дымоход Трейд","DELETE"
"28.08.2026","https://dimohod-trade.pro/product/odnostennyy-reviziya-prochistka-d300","200","LOW_DEMAND","https://dimohod-trade.pro/product/odnostennyy-reviziya-prochistka-d300","16.08.2026","Прочистка 300 мм — купить | Дымоход Трейд","DELETE"
"28.08.2026","https://dimohod-trade.pro/product/prohodnoy-stakan","200","LOW_DEMAND","https://dimohod-trade.pro/product/prohodnoy-stakan","16.08.2026","Проходной стакан Дымоход Трейд для стен и перекрытий","DELETE"
"28.08.2026","https://dimohod-trade.pro/product/prohodnoy-uzel-krovli-upk-do-45","200","LOW_DEMAND","https://dimohod-trade.pro/product/prohodnoy-uzel-krovli-upk-do-45","16.08.2026","Дымоход Трейд — проходной узел кровли до 45°","DELETE"
"28.08.2026","https://dimohod-trade.pro/product/sendvich-chetvernik-s-k-o-90gr-d100-200","200","LOW_DEMAND","https://dimohod-trade.pro/product/sendvich-chetvernik-s-k-o-90gr-d100-200","16.08.2026","Сэндвич-четверник с К/О 90° 100×200 мм — купить | Дымоход Трейд","DELETE"
"28.08.2026","https://dimohod-trade.pro/product/sendvich-chetvernik-s-k-o-90gr-d150-250","200","SEARCHABLE","https://dimohod-trade.pro/product/sendvich-chetvernik-s-k-o-90gr-d150-250","16.08.2026","Сэндвич-четверник с К/О 90° 150×250 мм — купить | Дымоход Трейд","ADD"
"28.08.2026","https://dimohod-trade.pro/product/sendvich-chetvernik-s-k-o-90gr-d200-300","200","LOW_DEMAND","https://dimohod-trade.pro/product/sendvich-chetvernik-s-k-o-90gr-d200-300","16.08.2026","Сэндвич-четверник с К/О 90° 200×300 мм — купить | Дымоход Трейд","DELETE"
"28.08.2026","https://dimohod-trade.pro/product/sendvich-ogolovok-deflektor-konus-d100-200","200","LOW_DEMAND","https://dimohod-trade.pro/product/sendvich-ogolovok-deflektor-konus-d100-200","21.08.2026","Сэндвич-дефлектор-конус Дымоход Трейд для завершения дымохода","DELETE"
"28.08.2026","https://dimohod-trade.pro/product/sendvich-ogolovok-deflektor-konus-d110-210","200","LOW_DEMAND","https://dimohod-trade.pro/product/sendvich-ogolovok-deflektor-konus-d110-210","16.08.2026","Сэндвич-дефлектор-конус Дымоход Трейд для завершения дымохода","DELETE"
"28.08.2026","https://dimohod-trade.pro/product/sendvich-ogolovok-deflektor-konus-d130-230","200","LOW_DEMAND","https://dimohod-trade.pro/product/sendvich-ogolovok-deflektor-konus-d130-230","16.08.2026","Сэндвич-дефлектор-конус Дымоход Трейд для завершения дымохода","DELETE"
"28.08.2026","https://dimohod-trade.pro/product/sendvich-ogolovok-deflektor-konus-d140-240","200","LOW_DEMAND","https://dimohod-trade.pro/product/sendvich-ogolovok-deflektor-konus-d140-240","16.08.2026","Сэндвич-дефлектор-конус Дымоход Трейд для завершения дымохода","DELETE"
"28.08.2026","https://dimohod-trade.pro/product/sendvich-ogolovok-deflektor-konus-d160-260","200","LOW_DEMAND","https://dimohod-trade.pro/product/sendvich-ogolovok-deflektor-konus-d160-260","16.08.2026","Сэндвич-дефлектор-конус Дымоход Трейд для завершения дымохода","DELETE"
"28.08.2026","https://dimohod-trade.pro/product/sendvich-ogolovok-deflektor-konus-d180-280","200","LOW_DEMAND","https://dimohod-trade.pro/product/sendvich-ogolovok-deflektor-konus-d180-280","16.08.2026","Сэндвич-дефлектор-конус Дымоход Трейд для завершения дымохода","DELETE"
"28.08.2026","https://dimohod-trade.pro/product/sendvich-ogolovok-deflektor-konus-d200-300","200","LOW_DEMAND","https://dimohod-trade.pro/product/sendvich-ogolovok-deflektor-konus-d200-300","16.08.2026","Сэндвич-дефлектор-конус Дымоход Трейд для завершения дымохода","DELETE"
"28.08.2026","https://dimohod-trade.pro/product/sendvich-ogolovok-deflektor-konus-d250-350","200","LOW_DEMAND","https://dimohod-trade.pro/product/sendvich-ogolovok-deflektor-konus-d250-350","16.08.2026","Сэндвич-дефлектор-конус Дымоход Трейд для завершения дымохода","DELETE"
"28.08.2026","https://dimohod-trade.pro/product/sendvich-ogolovok-deflektor-konus-d280-380","200","LOW_DEMAND","https://dimohod-trade.pro/product/sendvich-ogolovok-deflektor-konus-d280-380","16.08.2026","Сэндвич-дефлектор-конус Дымоход Трейд для завершения дымохода","DELETE"
"28.08.2026","https://dimohod-trade.pro/product/sendvich-ogolovok-deflektor-konus-d300-400","200","LOW_DEMAND","https://dimohod-trade.pro/product/sendvich-ogolovok-deflektor-konus-d300-400","16.08.2026","Сэндвич-дефлектор-конус Дымоход Трейд для завершения дымохода","DELETE"
"28.08.2026","https://dimohod-trade.pro/product/sendvich-ogolovok-konus-d100-200","200","LOW_DEMAND","https://dimohod-trade.pro/product/sendvich-ogolovok-konus-d100-200","16.08.2026","Сэндвич-оголовок-конус 100×200 мм — купить | Дымоход Трейд ","DELETE"
"28.08.2026","https://dimohod-trade.pro/product/sendvich-ogolovok-zont-konus-d100-200","200","LOW_DEMAND","https://dimohod-trade.pro/product/sendvich-ogolovok-zont-konus-d100-200","16.08.2026","Сэндвич-зонт-конус 100×200 мм — купить | Дымоход Трейд","DELETE"
"28.08.2026","https://dimohod-trade.pro/product/sendvich-opornaya-ploschadka-d100-200","200","LOW_DEMAND","https://dimohod-trade.pro/product/sendvich-opornaya-ploschadka-d100-200","16.08.2026","Сэндвич-опорная площадка Дымоход Трейд для консоли","DELETE"
"28.08.2026","https://dimohod-trade.pro/product/sendvich-opornaya-ploschadka-d110-210","200","LOW_DEMAND","https://dimohod-trade.pro/product/sendvich-opornaya-ploschadka-d110-210","16.08.2026","Сэндвич-опорная площадка Дымоход Трейд для консоли","DELETE"
"28.08.2026","https://dimohod-trade.pro/product/sendvich-opornaya-ploschadka-d120-220","200","LOW_DEMAND","https://dimohod-trade.pro/product/sendvich-opornaya-ploschadka-d120-220","16.08.2026","Сэндвич-опорная площадка Дымоход Трейд для консоли","DELETE"
"28.08.2026","https://dimohod-trade.pro/product/sendvich-opornaya-ploschadka-d130-230","200","LOW_DEMAND","https://dimohod-trade.pro/product/sendvich-opornaya-ploschadka-d130-230","16.08.2026","Сэндвич-опорная площадка Дымоход Трейд для консоли","DELETE"
"28.08.2026","https://dimohod-trade.pro/product/sendvich-opornaya-ploschadka-d140-240","200","LOW_DEMAND","https://dimohod-trade.pro/product/sendvich-opornaya-ploschadka-d140-240","16.08.2026","Сэндвич-опорная площадка Дымоход Трейд для консоли","DELETE"
"28.08.2026","https://dimohod-trade.pro/product/sendvich-opornaya-ploschadka-d150-250","200","LOW_DEMAND","https://dimohod-trade.pro/product/sendvich-opornaya-ploschadka-d150-250","16.08.2026","Сэндвич-опорная площадка Дымоход Трейд для консоли","DELETE"
"28.08.2026","https://dimohod-trade.pro/product/sendvich-opornaya-ploschadka-d180-280","200","LOW_DEMAND","https://dimohod-trade.pro/product/sendvich-opornaya-ploschadka-d180-280","16.08.2026","Сэндвич-опорная площадка Дымоход Трейд для консоли","DELETE"
"28.08.2026","https://dimohod-trade.pro/product/sendvich-opornaya-ploschadka-d200-300","200","LOW_DEMAND","https://dimohod-trade.pro/product/sendvich-opornaya-ploschadka-d200-300","16.08.2026","Сэндвич-опорная площадка Дымоход Трейд для консоли","DELETE"
"28.08.2026","https://dimohod-trade.pro/product/sendvich-opornaya-ploschadka-d250-350","200","LOW_DEMAND","https://dimohod-trade.pro/product/sendvich-opornaya-ploschadka-d250-350","16.08.2026","Сэндвич-опорная площадка Дымоход Трейд для консоли","DELETE"
"28.08.2026","https://dimohod-trade.pro/product/sendvich-opornaya-ploschadka-d280-380","200","LOW_DEMAND","https://dimohod-trade.pro/product/sendvich-opornaya-ploschadka-d280-380","16.08.2026","Сэндвич-опорная площадка Дымоход Трейд для консоли","DELETE"
"28.08.2026","https://dimohod-trade.pro/product/sendvich-opornaya-ploschadka-d300-400","200","LOW_DEMAND","https://dimohod-trade.pro/product/sendvich-opornaya-ploschadka-d300-400","16.08.2026","Сэндвич-опорная площадка Дымоход Трейд для консоли","DELETE"
"28.08.2026","https://dimohod-trade.pro/product/sendvich-otvod-45-gr-d100-200","200","LOW_DEMAND","https://dimohod-trade.pro/product/sendvich-otvod-45-gr-d100-200","16.08.2026","Сэндвич-отвод 45° 100×200 мм — купить | Дымоход Трейд","DELETE"
"28.08.2026","https://dimohod-trade.pro/product/sendvich-otvod-45-gr-d150-250","200","SEARCHABLE","https://dimohod-trade.pro/product/sendvich-otvod-45-gr-d150-250","16.08.2026","Сэндвич-отвод 45° 150×250 мм — купить | Дымоход Трейд","ADD"
"28.08.2026","https://dimohod-trade.pro/product/sendvich-otvod-45-gr-d200-300","200","LOW_DEMAND","https://dimohod-trade.pro/product/sendvich-otvod-45-gr-d200-300","16.08.2026","Сэндвич-отвод 45° 200×300 мм — купить | Дымоход Трейд","DELETE"
"28.08.2026","https://dimohod-trade.pro/product/sendvich-otvod-90-gr-d100-200","200","LOW_DEMAND","https://dimohod-trade.pro/product/sendvich-otvod-90-gr-d100-200","16.08.2026","Дымоход Трейд — сэндвич-отвод 90° для дымохода","DELETE"
"28.08.2026","https://dimohod-trade.pro/product/sendvich-otvod-90-gr-d110-210","200","LOW_DEMAND","https://dimohod-trade.pro/product/sendvich-otvod-90-gr-d110-210","16.08.2026","Дымоход Трейд — сэндвич-отвод 90° для дымохода","DELETE"
"28.08.2026","https://dimohod-trade.pro/product/sendvich-otvod-90-gr-d120-220","200","LOW_DEMAND","https://dimohod-trade.pro/product/sendvich-otvod-90-gr-d120-220","16.08.2026","Дымоход Трейд — сэндвич-отвод 90° для дымохода","DELETE"
"28.08.2026","https://dimohod-trade.pro/product/sendvich-otvod-90-gr-d130-230","200","LOW_DEMAND","https://dimohod-trade.pro/product/sendvich-otvod-90-gr-d130-230","16.08.2026","Дымоход Трейд — сэндвич-отвод 90° для дымохода","DELETE"
"28.08.2026","https://dimohod-trade.pro/product/sendvich-otvod-90-gr-d140-240","200","LOW_DEMAND","https://dimohod-trade.pro/product/sendvich-otvod-90-gr-d140-240","16.08.2026","Дымоход Трейд — сэндвич-отвод 90° для дымохода","DELETE"
"28.08.2026","https://dimohod-trade.pro/product/sendvich-otvod-90-gr-d160-260","200","LOW_DEMAND","https://dimohod-trade.pro/product/sendvich-otvod-90-gr-d160-260","16.08.2026","Дымоход Трейд — сэндвич-отвод 90° для дымохода","DELETE"
"28.08.2026","https://dimohod-trade.pro/product/sendvich-otvod-90-gr-d180-280","200","LOW_DEMAND","https://dimohod-trade.pro/product/sendvich-otvod-90-gr-d180-280","16.08.2026","Дымоход Трейд — сэндвич-отвод 90° для дымохода","DELETE"
"28.08.2026","https://dimohod-trade.pro/product/sendvich-otvod-90-gr-d200-300","200","LOW_DEMAND","https://dimohod-trade.pro/product/sendvich-otvod-90-gr-d200-300","16.08.2026","Дымоход Трейд — сэндвич-отвод 90° для дымохода","DELETE"
"28.08.2026","https://dimohod-trade.pro/product/sendvich-otvod-90-gr-d250-350","200","LOW_DEMAND","https://dimohod-trade.pro/product/sendvich-otvod-90-gr-d250-350","16.08.2026","Дымоход Трейд — сэндвич-отвод 90° для дымохода","DELETE"
"28.08.2026","https://dimohod-trade.pro/product/sendvich-otvod-90-gr-d280-380","200","LOW_DEMAND","https://dimohod-trade.pro/product/sendvich-otvod-90-gr-d280-380","16.08.2026","Дымоход Трейд — сэндвич-отвод 90° для дымохода","DELETE"
"28.08.2026","https://dimohod-trade.pro/product/sendvich-otvod-90-gr-d300-400","200","LOW_DEMAND","https://dimohod-trade.pro/product/sendvich-otvod-90-gr-d300-400","16.08.2026","Дымоход Трейд — сэндвич-отвод 90° для дымохода","DELETE"
"28.08.2026","https://dimohod-trade.pro/product/sendvich-shiber-povorotnyi-d100-200","200","LOW_DEMAND","https://dimohod-trade.pro/product/sendvich-shiber-povorotnyi-d100-200","16.08.2026","Сэндвич-шибер поворотный 100×200 мм — купить | Дымоход Трейд","DELETE"
"28.08.2026","https://dimohod-trade.pro/product/sendvich-shiber-povorotnyi-d110-210","200","LOW_DEMAND","https://dimohod-trade.pro/product/sendvich-shiber-povorotnyi-d110-210","16.08.2026","Сэндвич-шибер поворотный 110×210 мм — купить | Дымоход Трейд","DELETE"
"28.08.2026","https://dimohod-trade.pro/product/sendvich-shiber-povorotnyi-d120-220","200","LOW_DEMAND","https://dimohod-trade.pro/product/sendvich-shiber-povorotnyi-d120-220","16.08.2026","Сэндвич-шибер поворотный 120×220 мм — купить | Дымоход Трейд","DELETE"
"28.08.2026","https://dimohod-trade.pro/product/sendvich-shiber-povorotnyi-d130-230","200","LOW_DEMAND","https://dimohod-trade.pro/product/sendvich-shiber-povorotnyi-d130-230","16.08.2026","Сэндвич-шибер поворотный 130×230 мм — купить | Дымоход Трейд","DELETE"
"28.08.2026","https://dimohod-trade.pro/product/sendvich-shiber-povorotnyi-d150-250","200","LOW_DEMAND","https://dimohod-trade.pro/product/sendvich-shiber-povorotnyi-d150-250","16.08.2026","Сэндвич-шибер поворотный 150×250 мм — купить | Дымоход Трейд","DELETE"
"28.08.2026","https://dimohod-trade.pro/product/sendvich-shiber-povorotnyi-d160-260","200","LOW_DEMAND","https://dimohod-trade.pro/product/sendvich-shiber-povorotnyi-d160-260","16.08.2026","Сэндвич-шибер поворотный 160×260 мм — купить | Дымоход Трейд","DELETE"
"28.08.2026","https://dimohod-trade.pro/product/sendvich-shiber-povorotnyi-d180-280","200","LOW_DEMAND","https://dimohod-trade.pro/product/sendvich-shiber-povorotnyi-d180-280","16.08.2026","Сэндвич-шибер поворотный 180×280 мм — купить | Дымоход Трейд","DELETE"
"28.08.2026","https://dimohod-trade.pro/product/sendvich-shiber-povorotnyi-d200-300","200","LOW_DEMAND","https://dimohod-trade.pro/product/sendvich-shiber-povorotnyi-d200-300","16.08.2026","Сэндвич-шибер поворотный 200×300 мм — купить | Дымоход Трейд","DELETE"
"28.08.2026","https://dimohod-trade.pro/product/sendvich-shiber-povorotnyi-d250-350","200","LOW_DEMAND","https://dimohod-trade.pro/product/sendvich-shiber-povorotnyi-d250-350","16.08.2026","Сэндвич-шибер поворотный 250×350 мм — купить | Дымоход Трейд","DELETE"
"28.08.2026","https://dimohod-trade.pro/product/sendvich-shiber-povorotnyi-d280-380","200","LOW_DEMAND","https://dimohod-trade.pro/product/sendvich-shiber-povorotnyi-d280-380","16.08.2026","Сэндвич-шибер поворотный 280×380 мм — купить | Дымоход Трейд","DELETE"
"28.08.2026","https://dimohod-trade.pro/product/sendvich-shiber-povorotnyi-d300-400","200","LOW_DEMAND","https://dimohod-trade.pro/product/sendvich-shiber-povorotnyi-d300-400","16.08.2026","Сэндвич-шибер поворотный 300×400 мм — купить | Дымоход Трейд","DELETE"
"28.08.2026","https://dimohod-trade.pro/product/sendvich-shiber-vydvizhnoi-d100-200","200","LOW_DEMAND","https://dimohod-trade.pro/product/sendvich-shiber-vydvizhnoi-d100-200","16.08.2026","Сэндвич-шибер выдвижной 100×200 мм — купить | Дымоход Трейд","DELETE"
"28.08.2026","https://dimohod-trade.pro/product/sendvich-shiber-vydvizhnoi-d150-250","200","SEARCHABLE","https://dimohod-trade.pro/product/sendvich-shiber-vydvizhnoi-d150-250","16.08.2026","Сэндвич-шибер выдвижной 150×250 мм — купить | Дымоход Трейд","ADD"
"28.08.2026","https://dimohod-trade.pro/product/sendvich-shiber-vydvizhnoi-d200-300","200","LOW_DEMAND","https://dimohod-trade.pro/product/sendvich-shiber-vydvizhnoi-d200-300","16.08.2026","Сэндвич-шибер выдвижной 200×300 мм — купить | Дымоход Трейд","DELETE"
"28.08.2026","https://dimohod-trade.pro/product/sendvich-shiber-vydvizhnoi-d300-400","200","LOW_DEMAND","https://dimohod-trade.pro/product/sendvich-shiber-vydvizhnoi-d300-400","16.08.2026","Сэндвич-шибер выдвижной 300×400 мм — купить | Дымоход Трейд","DELETE"
"28.08.2026","https://dimohod-trade.pro/product/sendvich-troi-nik-s-k-o-45gr-d150-250","200","SEARCHABLE","https://dimohod-trade.pro/product/sendvich-troi-nik-s-k-o-45gr-d150-250","16.08.2026","Сэндвич-тройник с К/О 45° 150×250 мм — купить | Дымоход Трейд","ADD"
"28.08.2026","https://dimohod-trade.pro/product/sendvich-truba-d160-260","200","LOW_DEMAND","https://dimohod-trade.pro/product/sendvich-truba-d160-260","16.08.2026","Дымоход Трейд — сэндвич-труба Ø160/260, длина 1000","DELETE"
"28.08.2026","https://dimohod-trade.pro/product/sendvich-truba-d200-300","200","LOW_DEMAND","https://dimohod-trade.pro/product/sendvich-truba-d200-300","16.08.2026","Дымоход Трейд — сэндвич-труба Ø200/300, длина 1000","DELETE"
"28.08.2026","https://dimohod-trade.pro/product/sendvich-truba-d300-400","200","LOW_DEMAND","https://dimohod-trade.pro/product/sendvich-truba-d300-400","16.08.2026","Дымоход Трейд — сэндвич-труба Ø300/400, длина 1000","DELETE"
"28.08.2026","https://dimohod-trade.pro/product/sendvich-zaglushka-opornaya-d100-200","200","LOW_DEMAND","https://dimohod-trade.pro/product/sendvich-zaglushka-opornaya-d100-200","16.08.2026","Сэндвич-заглушка «Дымоход Трейд» — адаптер основания дымохода","DELETE"
"28.08.2026","https://dimohod-trade.pro/product/sendvich-zaglushka-opornaya-d110-210","200","LOW_DEMAND","https://dimohod-trade.pro/product/sendvich-zaglushka-opornaya-d110-210","16.08.2026","Сэндвич-заглушка «Дымоход Трейд» — адаптер основания дымохода","DELETE"
"28.08.2026","https://dimohod-trade.pro/product/sendvich-zaglushka-opornaya-d120-220","200","LOW_DEMAND","https://dimohod-trade.pro/product/sendvich-zaglushka-opornaya-d120-220","16.08.2026","Сэндвич-заглушка «Дымоход Трейд» — адаптер основания дымохода","DELETE"
"28.08.2026","https://dimohod-trade.pro/product/sendvich-zaglushka-opornaya-d130-230","200","LOW_DEMAND","https://dimohod-trade.pro/product/sendvich-zaglushka-opornaya-d130-230","16.08.2026","Сэндвич-заглушка «Дымоход Трейд» — адаптер основания дымохода","DELETE"
"28.08.2026","https://dimohod-trade.pro/product/sendvich-zaglushka-opornaya-d140-240","200","LOW_DEMAND","https://dimohod-trade.pro/product/sendvich-zaglushka-opornaya-d140-240","16.08.2026","Сэндвич-заглушка «Дымоход Трейд» — адаптер основания дымохода","DELETE"
"28.08.2026","https://dimohod-trade.pro/product/sendvich-zaglushka-opornaya-d160-260","200","LOW_DEMAND","https://dimohod-trade.pro/product/sendvich-zaglushka-opornaya-d160-260","16.08.2026","Сэндвич-заглушка «Дымоход Трейд» — адаптер основания дымохода","DELETE"
"28.08.2026","https://dimohod-trade.pro/product/sendvich-zaglushka-opornaya-d180-280","200","LOW_DEMAND","https://dimohod-trade.pro/product/sendvich-zaglushka-opornaya-d180-280","16.08.2026","Сэндвич-заглушка «Дымоход Трейд» — адаптер основания дымохода","DELETE"
"28.08.2026","https://dimohod-trade.pro/product/sendvich-zaglushka-opornaya-d200-300","200","LOW_DEMAND","https://dimohod-trade.pro/product/sendvich-zaglushka-opornaya-d200-300","16.08.2026","Сэндвич-заглушка «Дымоход Трейд» — адаптер основания дымохода","DELETE"
"28.08.2026","https://dimohod-trade.pro/product/sendvich-zaglushka-opornaya-d250-350","200","LOW_DEMAND","https://dimohod-trade.pro/product/sendvich-zaglushka-opornaya-d250-350","16.08.2026","Сэндвич-заглушка «Дымоход Трейд» — адаптер основания дымохода","DELETE"
"28.08.2026","https://dimohod-trade.pro/product/sendvich-zaglushka-opornaya-d280-380","200","LOW_DEMAND","https://dimohod-trade.pro/product/sendvich-zaglushka-opornaya-d280-380","16.08.2026","Сэндвич-заглушка «Дымоход Трейд» — адаптер основания дымохода","DELETE"
"28.08.2026","https://dimohod-trade.pro/product/sendvich-zaglushka-opornaya-d300-400","200","LOW_DEMAND","https://dimohod-trade.pro/product/sendvich-zaglushka-opornaya-d300-400","16.08.2026","Сэндвич-заглушка «Дымоход Трейд» — адаптер основания дымохода","DELETE"
"28.08.2026","https://dimohod-trade.pro/solutions/banya/zamery","200","LOW_DEMAND","https://dimohod-trade.pro/solutions/banya/zamery","16.08.2026","Замеры для расчёта дымохода в бане — Дымоход Трейд","DELETE"
"28.08.2026","https://dimohod-trade.pro/zamery?edit=1","200","NOT_CANONICAL","https://dimohod-trade.pro/zamery","22.08.2026","Мои замеры для расчёта дымохода — Дымоход Трейд","DELETE"
"27.08.2026","https://dimohod-trade.pro/catalog/sendvich-ogolovki-i-deflektory","200","LOW_DEMAND","https://dimohod-trade.pro/catalog/sendvich-ogolovki-i-deflektory","21.08.2026","Сэндвич-оголовки и дефлекторы — купить | Дымоход Трейд","DELETE"
"27.08.2026","https://dimohod-trade.pro/guides","200","SEARCHABLE","https://dimohod-trade.pro/guides","22.08.2026","Статьи о подборе и маршрутах дымохода — Дымоход Трейд","ADD"
"27.08.2026","https://dimohod-trade.pro/product/odnostennyi-chetvernik-s-k-o-90gr-d140","200","LOW_DEMAND","https://dimohod-trade.pro/product/odnostennyi-chetvernik-s-k-o-90gr-d140","16.08.2026","Одноконтурный четверник с К/О 90° 140 мм — купить | Дымоход Трейд","DELETE"
"27.08.2026","https://dimohod-trade.pro/product/odnostennyi-chetvernik-s-k-o-90gr-d280","200","LOW_DEMAND","https://dimohod-trade.pro/product/odnostennyi-chetvernik-s-k-o-90gr-d280","16.08.2026","Одноконтурный четверник с К/О 90° 280 мм — купить | Дымоход Трейд","DELETE"
"27.08.2026","https://dimohod-trade.pro/product/odnostennyi-krepezh-homut-shirokii-d100","200","LOW_DEMAND","https://dimohod-trade.pro/product/odnostennyi-krepezh-homut-shirokii-d100","16.08.2026","Одноконтурный хомут широкий — крепёж для дымохода","DELETE"
"27.08.2026","https://dimohod-trade.pro/product/odnostennyi-ogolovok-deflektor-d140","200","LOW_DEMAND","https://dimohod-trade.pro/product/odnostennyi-ogolovok-deflektor-d140","16.08.2026","Одноконтурный дефлектор 140 мм — купить | Дымоход Трейд","DELETE"
"27.08.2026","https://dimohod-trade.pro/product/odnostennyi-otvod-45-gr-d210","200","LOW_DEMAND","https://dimohod-trade.pro/product/odnostennyi-otvod-45-gr-d210","16.08.2026","Одноконтурный отвод 45° Дымоход Трейд для смещения дымохода","DELETE"
"27.08.2026","https://dimohod-trade.pro/product/odnostennyi-otvod-45-gr-d220","200","LOW_DEMAND","https://dimohod-trade.pro/product/odnostennyi-otvod-45-gr-d220","16.08.2026","Одноконтурный отвод 45° Дымоход Трейд для смещения дымохода","DELETE"
"27.08.2026","https://dimohod-trade.pro/product/odnostennyi-otvod-45-gr-d230","200","LOW_DEMAND","https://dimohod-trade.pro/product/odnostennyi-otvod-45-gr-d230","16.08.2026","Одноконтурный отвод 45° Дымоход Трейд для смещения дымохода","DELETE"
"27.08.2026","https://dimohod-trade.pro/product/odnostennyi-otvod-90-gr-d100","200","LOW_DEMAND","https://dimohod-trade.pro/product/odnostennyi-otvod-90-gr-d100","16.08.2026","Дымоход Трейд: Одноконтурный отвод 90° для поворота системы на 90°","DELETE"
"27.08.2026","https://dimohod-trade.pro/product/odnostennyi-otvod-90-gr-d130","200","LOW_DEMAND","https://dimohod-trade.pro/product/odnostennyi-otvod-90-gr-d130","16.08.2026","Дымоход Трейд: Одноконтурный отвод 90° для поворота системы на 90°","DELETE"
"27.08.2026","https://dimohod-trade.pro/product/odnostennyi-otvod-90-gr-d150","200","LOW_DEMAND","https://dimohod-trade.pro/product/odnostennyi-otvod-90-gr-d150","16.08.2026","Дымоход Трейд: Одноконтурный отвод 90° для поворота системы на 90°","DELETE"
"27.08.2026","https://dimohod-trade.pro/product/odnostennyi-otvod-90-gr-d160","200","LOW_DEMAND","https://dimohod-trade.pro/product/odnostennyi-otvod-90-gr-d160","16.08.2026","Дымоход Трейд: Одноконтурный отвод 90° для поворота системы на 90°","DELETE"
"27.08.2026","https://dimohod-trade.pro/product/odnostennyi-otvod-90-gr-d210","200","LOW_DEMAND","https://dimohod-trade.pro/product/odnostennyi-otvod-90-gr-d210","16.08.2026","Дымоход Трейд: Одноконтурный отвод 90° для поворота системы на 90°","DELETE"
"27.08.2026","https://dimohod-trade.pro/product/odnostennyi-otvod-90-gr-d220","200","LOW_DEMAND","https://dimohod-trade.pro/product/odnostennyi-otvod-90-gr-d220","16.08.2026","Дымоход Трейд: Одноконтурный отвод 90° для поворота системы на 90°","DELETE"
"27.08.2026","https://dimohod-trade.pro/product/odnostennyi-otvod-90-gr-d230","200","LOW_DEMAND","https://dimohod-trade.pro/product/odnostennyi-otvod-90-gr-d230","16.08.2026","Дымоход Трейд: Одноконтурный отвод 90° для поворота системы на 90°","DELETE"
"27.08.2026","https://dimohod-trade.pro/product/odnostennyi-otvod-90-gr-d280","200","LOW_DEMAND","https://dimohod-trade.pro/product/odnostennyi-otvod-90-gr-d280","16.08.2026","Дымоход Трейд: Одноконтурный отвод 90° для поворота системы на 90°","DELETE"
"27.08.2026","https://dimohod-trade.pro/product/odnostennyi-otvod-90-gr-d300","200","LOW_DEMAND","https://dimohod-trade.pro/product/odnostennyi-otvod-90-gr-d300","16.08.2026","Дымоход Трейд: Одноконтурный отвод 90° для поворота системы на 90°","DELETE"
"27.08.2026","https://dimohod-trade.pro/product/odnostennyi-troi-nik-s-k-o-45gr-d100","200","LOW_DEMAND","https://dimohod-trade.pro/product/odnostennyi-troi-nik-s-k-o-45gr-d100","16.08.2026","Одноконтурный тройник с К/О 45° 100 мм — купить | Дымоход Трейд","DELETE"
"27.08.2026","https://dimohod-trade.pro/product/odnostennyi-troi-nik-s-k-o-45gr-d110","200","LOW_DEMAND","https://dimohod-trade.pro/product/odnostennyi-troi-nik-s-k-o-45gr-d110","16.08.2026","Одноконтурный тройник с К/О 45° 110 мм — купить | Дымоход Трейд","DELETE"
"27.08.2026","https://dimohod-trade.pro/product/odnostennyi-troi-nik-s-k-o-45gr-d120","200","LOW_DEMAND","https://dimohod-trade.pro/product/odnostennyi-troi-nik-s-k-o-45gr-d120","16.08.2026","Одноконтурный тройник с К/О 45° 120 мм — купить | Дымоход Трейд","DELETE"
"27.08.2026","https://dimohod-trade.pro/product/odnostennyi-troi-nik-s-k-o-45gr-d130","200","LOW_DEMAND","https://dimohod-trade.pro/product/odnostennyi-troi-nik-s-k-o-45gr-d130","16.08.2026","Одноконтурный тройник с К/О 45° 130 мм — купить | Дымоход Трейд","DELETE"
"27.08.2026","https://dimohod-trade.pro/product/odnostennyi-troi-nik-s-k-o-45gr-d140","200","LOW_DEMAND","https://dimohod-trade.pro/product/odnostennyi-troi-nik-s-k-o-45gr-d140","16.08.2026","Одноконтурный тройник с К/О 45° 140 мм — купить | Дымоход Трейд","DELETE"
"27.08.2026","https://dimohod-trade.pro/product/odnostennyi-troi-nik-s-k-o-45gr-d150","200","LOW_DEMAND","https://dimohod-trade.pro/product/odnostennyi-troi-nik-s-k-o-45gr-d150","16.08.2026","Одноконтурный тройник с К/О 45° 150 мм — купить | Дымоход Трейд","DELETE"
"27.08.2026","https://dimohod-trade.pro/product/odnostennyi-troi-nik-s-k-o-45gr-d160","200","LOW_DEMAND","https://dimohod-trade.pro/product/odnostennyi-troi-nik-s-k-o-45gr-d160","16.08.2026","Одноконтурный тройник с К/О 45° 160 мм — купить | Дымоход Трейд","DELETE"
"27.08.2026","https://dimohod-trade.pro/product/odnostennyi-troi-nik-s-k-o-45gr-d180","200","LOW_DEMAND","https://dimohod-trade.pro/product/odnostennyi-troi-nik-s-k-o-45gr-d180","16.08.2026","Одноконтурный тройник с К/О 45° 180 мм — купить | Дымоход Трейд","DELETE"
"27.08.2026","https://dimohod-trade.pro/product/odnostennyi-troi-nik-s-k-o-45gr-d200","200","LOW_DEMAND","https://dimohod-trade.pro/product/odnostennyi-troi-nik-s-k-o-45gr-d200","16.08.2026","Одноконтурный тройник с К/О 45° 200 мм — купить | Дымоход Трейд","DELETE"
"27.08.2026","https://dimohod-trade.pro/product/odnostennyi-troi-nik-s-k-o-45gr-d210","200","LOW_DEMAND","https://dimohod-trade.pro/product/odnostennyi-troi-nik-s-k-o-45gr-d210","16.08.2026","Одноконтурный тройник с К/О 45° 210 мм — купить | Дымоход Трейд","DELETE"
"27.08.2026","https://dimohod-trade.pro/product/odnostennyi-troi-nik-s-k-o-45gr-d220","200","LOW_DEMAND","https://dimohod-trade.pro/product/odnostennyi-troi-nik-s-k-o-45gr-d220","16.08.2026","Одноконтурный тройник с К/О 45° 220 мм — купить | Дымоход Трейд","DELETE"
"27.08.2026","https://dimohod-trade.pro/product/odnostennyi-troi-nik-s-k-o-45gr-d230","200","LOW_DEMAND","https://dimohod-trade.pro/product/odnostennyi-troi-nik-s-k-o-45gr-d230","16.08.2026","Одноконтурный тройник с К/О 45° 230 мм — купить | Дымоход Трейд","DELETE"
"27.08.2026","https://dimohod-trade.pro/product/odnostennyi-troi-nik-s-k-o-45gr-d250","200","LOW_DEMAND","https://dimohod-trade.pro/product/odnostennyi-troi-nik-s-k-o-45gr-d250","16.08.2026","Одноконтурный тройник с К/О 45° 250 мм — купить | Дымоход Трейд","DELETE"
"27.08.2026","https://dimohod-trade.pro/product/odnostennyi-troi-nik-s-k-o-45gr-d280","200","LOW_DEMAND","https://dimohod-trade.pro/product/odnostennyi-troi-nik-s-k-o-45gr-d280","16.08.2026","Одноконтурный тройник с К/О 45° 280 мм — купить | Дымоход Трейд","DELETE"
"27.08.2026","https://dimohod-trade.pro/product/odnostennyi-troi-nik-s-k-o-45gr-d300","200","LOW_DEMAND","https://dimohod-trade.pro/product/odnostennyi-troi-nik-s-k-o-45gr-d300","16.08.2026","Одноконтурный тройник с К/О 45° 300 мм — купить | Дымоход Трейд","DELETE"
"27.08.2026","https://dimohod-trade.pro/product/odnostennyi-troi-nik-s-k-o-90gr-d100","200","LOW_DEMAND","https://dimohod-trade.pro/product/odnostennyi-troi-nik-s-k-o-90gr-d100","16.08.2026","Дымоход Трейд: одноконтурный тройник 90° для дымохода","DELETE"
"27.08.2026","https://dimohod-trade.pro/product/odnostennyi-troi-nik-s-k-o-90gr-d110","200","LOW_DEMAND","https://dimohod-trade.pro/product/odnostennyi-troi-nik-s-k-o-90gr-d110","16.08.2026","Дымоход Трейд: одноконтурный тройник 90° для дымохода","DELETE"
"27.08.2026","https://dimohod-trade.pro/product/odnostennyi-troi-nik-s-k-o-90gr-d120","200","LOW_DEMAND","https://dimohod-trade.pro/product/odnostennyi-troi-nik-s-k-o-90gr-d120","16.08.2026","Дымоход Трейд: одноконтурный тройник 90° для дымохода","DELETE"
"27.08.2026","https://dimohod-trade.pro/product/odnostennyi-troi-nik-s-k-o-90gr-d130","200","LOW_DEMAND","https://dimohod-trade.pro/product/odnostennyi-troi-nik-s-k-o-90gr-d130","16.08.2026","Дымоход Трейд: одноконтурный тройник 90° для дымохода","DELETE"
"27.08.2026","https://dimohod-trade.pro/product/odnostennyi-troi-nik-s-k-o-90gr-d140","200","LOW_DEMAND","https://dimohod-trade.pro/product/odnostennyi-troi-nik-s-k-o-90gr-d140","16.08.2026","Дымоход Трейд: одноконтурный тройник 90° для дымохода","DELETE"
"27.08.2026","https://dimohod-trade.pro/product/odnostennyi-troi-nik-s-k-o-90gr-d150","200","LOW_DEMAND","https://dimohod-trade.pro/product/odnostennyi-troi-nik-s-k-o-90gr-d150","16.08.2026","Дымоход Трейд: одноконтурный тройник 90° для дымохода","DELETE"
"27.08.2026","https://dimohod-trade.pro/product/odnostennyi-troi-nik-s-k-o-90gr-d160","200","LOW_DEMAND","https://dimohod-trade.pro/product/odnostennyi-troi-nik-s-k-o-90gr-d160","16.08.2026","Дымоход Трейд: одноконтурный тройник 90° для дымохода","DELETE"
"27.08.2026","https://dimohod-trade.pro/product/odnostennyi-troi-nik-s-k-o-90gr-d180","200","LOW_DEMAND","https://dimohod-trade.pro/product/odnostennyi-troi-nik-s-k-o-90gr-d180","16.08.2026","Дымоход Трейд: одноконтурный тройник 90° для дымохода","DELETE"
"27.08.2026","https://dimohod-trade.pro/product/odnostennyi-troi-nik-s-k-o-90gr-d200","200","LOW_DEMAND","https://dimohod-trade.pro/product/odnostennyi-troi-nik-s-k-o-90gr-d200","16.08.2026","Дымоход Трейд: одноконтурный тройник 90° для дымохода","DELETE"
"27.08.2026","https://dimohod-trade.pro/product/odnostennyi-troi-nik-s-k-o-90gr-d210","200","LOW_DEMAND","https://dimohod-trade.pro/product/odnostennyi-troi-nik-s-k-o-90gr-d210","16.08.2026","Дымоход Трейд: одноконтурный тройник 90° для дымохода","DELETE"
"27.08.2026","https://dimohod-trade.pro/product/odnostennyi-troi-nik-s-k-o-90gr-d220","200","LOW_DEMAND","https://dimohod-trade.pro/product/odnostennyi-troi-nik-s-k-o-90gr-d220","16.08.2026","Дымоход Трейд: одноконтурный тройник 90° для дымохода","DELETE"
"27.08.2026","https://dimohod-trade.pro/product/odnostennyi-troi-nik-s-k-o-90gr-d230","200","LOW_DEMAND","https://dimohod-trade.pro/product/odnostennyi-troi-nik-s-k-o-90gr-d230","16.08.2026","Дымоход Трейд: одноконтурный тройник 90° для дымохода","DELETE"
"27.08.2026","https://dimohod-trade.pro/product/odnostennyi-troi-nik-s-k-o-90gr-d250","200","LOW_DEMAND","https://dimohod-trade.pro/product/odnostennyi-troi-nik-s-k-o-90gr-d250","16.08.2026","Дымоход Трейд: одноконтурный тройник 90° для дымохода","DELETE"
"27.08.2026","https://dimohod-trade.pro/product/odnostennyi-troi-nik-s-k-o-90gr-d280","200","LOW_DEMAND","https://dimohod-trade.pro/product/odnostennyi-troi-nik-s-k-o-90gr-d280","16.08.2026","Дымоход Трейд: одноконтурный тройник 90° для дымохода","DELETE"
"27.08.2026","https://dimohod-trade.pro/product/odnostennyi-troi-nik-s-k-o-90gr-d300","200","LOW_DEMAND","https://dimohod-trade.pro/product/odnostennyi-troi-nik-s-k-o-90gr-d300","16.08.2026","Дымоход Трейд: одноконтурный тройник 90° для дымохода","DELETE"
"27.08.2026","https://dimohod-trade.pro/product/sendvich-chetvernik-s-k-o-90gr-d110-210","200","LOW_DEMAND","https://dimohod-trade.pro/product/sendvich-chetvernik-s-k-o-90gr-d110-210","16.08.2026","Сэндвич-четверник с К/О 90° 110×210 мм — купить | Дымоход Трейд","DELETE"
"27.08.2026","https://dimohod-trade.pro/product/sendvich-chetvernik-s-k-o-90gr-d120-220","200","LOW_DEMAND","https://dimohod-trade.pro/product/sendvich-chetvernik-s-k-o-90gr-d120-220","16.08.2026","Сэндвич-четверник с К/О 90° 120×220 мм — купить | Дымоход Трейд","DELETE"
"27.08.2026","https://dimohod-trade.pro/product/sendvich-chetvernik-s-k-o-90gr-d130-230","200","LOW_DEMAND","https://dimohod-trade.pro/product/sendvich-chetvernik-s-k-o-90gr-d130-230","16.08.2026","Сэндвич-четверник с К/О 90° 130×230 мм — купить | Дымоход Трейд","DELETE"
"27.08.2026","https://dimohod-trade.pro/product/sendvich-chetvernik-s-k-o-90gr-d140-240","200","LOW_DEMAND","https://dimohod-trade.pro/product/sendvich-chetvernik-s-k-o-90gr-d140-240","16.08.2026","Сэндвич-четверник с К/О 90° 140×240 мм — купить | Дымоход Трейд","DELETE"
"27.08.2026","https://dimohod-trade.pro/product/sendvich-chetvernik-s-k-o-90gr-d150-250","200","LOW_DEMAND","https://dimohod-trade.pro/product/sendvich-chetvernik-s-k-o-90gr-d150-250","16.08.2026","Сэндвич-четверник с К/О 90° 150×250 мм — купить | Дымоход Трейд","DELETE"
"27.08.2026","https://dimohod-trade.pro/product/sendvich-chetvernik-s-k-o-90gr-d160-260","200","LOW_DEMAND","https://dimohod-trade.pro/product/sendvich-chetvernik-s-k-o-90gr-d160-260","16.08.2026","Сэндвич-четверник с К/О 90° 160×260 мм — купить | Дымоход Трейд","DELETE"
"27.08.2026","https://dimohod-trade.pro/product/sendvich-chetvernik-s-k-o-90gr-d180-280","200","LOW_DEMAND","https://dimohod-trade.pro/product/sendvich-chetvernik-s-k-o-90gr-d180-280","16.08.2026","Сэндвич-четверник с К/О 90° 180×280 мм — купить | Дымоход Трейд","DELETE"
"27.08.2026","https://dimohod-trade.pro/product/sendvich-chetvernik-s-k-o-90gr-d250-350","200","LOW_DEMAND","https://dimohod-trade.pro/product/sendvich-chetvernik-s-k-o-90gr-d250-350","16.08.2026","Сэндвич-четверник с К/О 90° 250×350 мм — купить | Дымоход Трейд","DELETE"
"27.08.2026","https://dimohod-trade.pro/product/sendvich-chetvernik-s-k-o-90gr-d280-380","200","LOW_DEMAND","https://dimohod-trade.pro/product/sendvich-chetvernik-s-k-o-90gr-d280-380","16.08.2026","Сэндвич-четверник с К/О 90° 280×380 мм — купить | Дымоход Трейд","DELETE"
"27.08.2026","https://dimohod-trade.pro/product/sendvich-chetvernik-s-k-o-90gr-d300-400","200","LOW_DEMAND","https://dimohod-trade.pro/product/sendvich-chetvernik-s-k-o-90gr-d300-400","16.08.2026","Сэндвич-четверник с К/О 90° 300×400 мм — купить | Дымоход Трейд","DELETE"
"27.08.2026","https://dimohod-trade.pro/product/sendvich-ogolovok-konus-d110-210","200","LOW_DEMAND","https://dimohod-trade.pro/product/sendvich-ogolovok-konus-d110-210","16.08.2026","Сэндвич-оголовок-конус 110×210 мм — купить | Дымоход Трейд ","DELETE"
"27.08.2026","https://dimohod-trade.pro/product/sendvich-ogolovok-konus-d120-220","200","LOW_DEMAND","https://dimohod-trade.pro/product/sendvich-ogolovok-konus-d120-220","16.08.2026","Сэндвич-оголовок-конус 120×220 мм — купить | Дымоход Трейд ","DELETE"
"27.08.2026","https://dimohod-trade.pro/product/sendvich-ogolovok-konus-d130-230","200","LOW_DEMAND","https://dimohod-trade.pro/product/sendvich-ogolovok-konus-d130-230","16.08.2026","Сэндвич-оголовок-конус 130×230 мм — купить | Дымоход Трейд ","DELETE"
"27.08.2026","https://dimohod-trade.pro/product/sendvich-ogolovok-konus-d140-240","200","LOW_DEMAND","https://dimohod-trade.pro/product/sendvich-ogolovok-konus-d140-240","16.08.2026","Сэндвич-оголовок-конус 140×240 мм — купить | Дымоход Трейд ","DELETE"
"27.08.2026","https://dimohod-trade.pro/product/sendvich-ogolovok-konus-d160-260","200","LOW_DEMAND","https://dimohod-trade.pro/product/sendvich-ogolovok-konus-d160-260","16.08.2026","Сэндвич-оголовок-конус 160×260 мм — купить | Дымоход Трейд ","DELETE"
"27.08.2026","https://dimohod-trade.pro/product/sendvich-ogolovok-konus-d180-280","200","LOW_DEMAND","https://dimohod-trade.pro/product/sendvich-ogolovok-konus-d180-280","16.08.2026","Сэндвич-оголовок-конус 180×280 мм — купить | Дымоход Трейд ","DELETE"
"27.08.2026","https://dimohod-trade.pro/product/sendvich-ogolovok-konus-d200-300","200","LOW_DEMAND","https://dimohod-trade.pro/product/sendvich-ogolovok-konus-d200-300","16.08.2026","Сэндвич-оголовок-конус 200×300 мм — купить | Дымоход Трейд ","DELETE"
"27.08.2026","https://dimohod-trade.pro/product/sendvich-ogolovok-konus-d250-350","200","LOW_DEMAND","https://dimohod-trade.pro/product/sendvich-ogolovok-konus-d250-350","16.08.2026","Сэндвич-оголовок-конус 250×350 мм — купить | Дымоход Трейд ","DELETE"
"27.08.2026","https://dimohod-trade.pro/product/sendvich-ogolovok-konus-d280-380","200","LOW_DEMAND","https://dimohod-trade.pro/product/sendvich-ogolovok-konus-d280-380","16.08.2026","Сэндвич-оголовок-конус 280×380 мм — купить | Дымоход Трейд ","DELETE"
"27.08.2026","https://dimohod-trade.pro/product/sendvich-ogolovok-konus-d300-400","200","LOW_DEMAND","https://dimohod-trade.pro/product/sendvich-ogolovok-konus-d300-400","16.08.2026","Сэндвич-оголовок-конус 300×400 мм — купить | Дымоход Трейд ","DELETE"
"27.08.2026","https://dimohod-trade.pro/product/sendvich-ogolovok-zont-konus-d110-210","200","LOW_DEMAND","https://dimohod-trade.pro/product/sendvich-ogolovok-zont-konus-d110-210","16.08.2026","Сэндвич-зонт-конус 110×210 мм — купить | Дымоход Трейд","DELETE"
"27.08.2026","https://dimohod-trade.pro/product/sendvich-ogolovok-zont-konus-d120-220","200","LOW_DEMAND","https://dimohod-trade.pro/product/sendvich-ogolovok-zont-konus-d120-220","16.08.2026","Сэндвич-зонт-конус 120×220 мм — купить | Дымоход Трейд","DELETE"
"27.08.2026","https://dimohod-trade.pro/product/sendvich-ogolovok-zont-konus-d130-230","200","LOW_DEMAND","https://dimohod-trade.pro/product/sendvich-ogolovok-zont-konus-d130-230","16.08.2026","Сэндвич-зонт-конус 130×230 мм — купить | Дымоход Трейд","DELETE"
"27.08.2026","https://dimohod-trade.pro/product/sendvich-ogolovok-zont-konus-d140-240","200","LOW_DEMAND","https://dimohod-trade.pro/product/sendvich-ogolovok-zont-konus-d140-240","16.08.2026","Сэндвич-зонт-конус 140×240 мм — купить | Дымоход Трейд","DELETE"
"27.08.2026","https://dimohod-trade.pro/product/sendvich-ogolovok-zont-konus-d160-260","200","LOW_DEMAND","https://dimohod-trade.pro/product/sendvich-ogolovok-zont-konus-d160-260","16.08.2026","Сэндвич-зонт-конус 160×260 мм — купить | Дымоход Трейд","DELETE"
"27.08.2026","https://dimohod-trade.pro/product/sendvich-ogolovok-zont-konus-d180-280","200","LOW_DEMAND","https://dimohod-trade.pro/product/sendvich-ogolovok-zont-konus-d180-280","16.08.2026","Сэндвич-зонт-конус 180×280 мм — купить | Дымоход Трейд","DELETE"
"27.08.2026","https://dimohod-trade.pro/product/sendvich-ogolovok-zont-konus-d200-300","200","LOW_DEMAND","https://dimohod-trade.pro/product/sendvich-ogolovok-zont-konus-d200-300","16.08.2026","Сэндвич-зонт-конус 200×300 мм — купить | Дымоход Трейд","DELETE"
"27.08.2026","https://dimohod-trade.pro/product/sendvich-ogolovok-zont-konus-d250-350","200","LOW_DEMAND","https://dimohod-trade.pro/product/sendvich-ogolovok-zont-konus-d250-350","16.08.2026","Сэндвич-зонт-конус 250×350 мм — купить | Дымоход Трейд","DELETE"
"27.08.2026","https://dimohod-trade.pro/product/sendvich-ogolovok-zont-konus-d280-380","200","LOW_DEMAND","https://dimohod-trade.pro/product/sendvich-ogolovok-zont-konus-d280-380","16.08.2026","Сэндвич-зонт-конус 280×380 мм — купить | Дымоход Трейд","DELETE"
"27.08.2026","https://dimohod-trade.pro/product/sendvich-ogolovok-zont-konus-d300-400","200","LOW_DEMAND","https://dimohod-trade.pro/product/sendvich-ogolovok-zont-konus-d300-400","16.08.2026","Сэндвич-зонт-конус 300×400 мм — купить | Дымоход Трейд","DELETE"
"27.08.2026","https://dimohod-trade.pro/product/sendvich-otvod-45-gr-d110-210","200","LOW_DEMAND","https://dimohod-trade.pro/product/sendvich-otvod-45-gr-d110-210","16.08.2026","Сэндвич-отвод 45° 110×210 мм — купить | Дымоход Трейд","DELETE"
"27.08.2026","https://dimohod-trade.pro/product/sendvich-otvod-45-gr-d120-220","200","LOW_DEMAND","https://dimohod-trade.pro/product/sendvich-otvod-45-gr-d120-220","16.08.2026","Сэндвич-отвод 45° 120×220 мм — купить | Дымоход Трейд","DELETE"
"27.08.2026","https://dimohod-trade.pro/product/sendvich-otvod-45-gr-d130-230","200","LOW_DEMAND","https://dimohod-trade.pro/product/sendvich-otvod-45-gr-d130-230","16.08.2026","Сэндвич-отвод 45° 130×230 мм — купить | Дымоход Трейд","DELETE"
"27.08.2026","https://dimohod-trade.pro/product/sendvich-otvod-45-gr-d140-240","200","LOW_DEMAND","https://dimohod-trade.pro/product/sendvich-otvod-45-gr-d140-240","16.08.2026","Сэндвич-отвод 45° 140×240 мм — купить | Дымоход Трейд","DELETE"
"27.08.2026","https://dimohod-trade.pro/product/sendvich-otvod-45-gr-d150-250","200","LOW_DEMAND","https://dimohod-trade.pro/product/sendvich-otvod-45-gr-d150-250","16.08.2026","Сэндвич-отвод 45° 150×250 мм — купить | Дымоход Трейд","DELETE"
"27.08.2026","https://dimohod-trade.pro/product/sendvich-otvod-45-gr-d160-260","200","LOW_DEMAND","https://dimohod-trade.pro/product/sendvich-otvod-45-gr-d160-260","16.08.2026","Сэндвич-отвод 45° 160×260 мм — купить | Дымоход Трейд","DELETE"
"27.08.2026","https://dimohod-trade.pro/product/sendvich-otvod-45-gr-d180-280","200","LOW_DEMAND","https://dimohod-trade.pro/product/sendvich-otvod-45-gr-d180-280","16.08.2026","Сэндвич-отвод 45° 180×280 мм — купить | Дымоход Трейд","DELETE"
"27.08.2026","https://dimohod-trade.pro/product/sendvich-otvod-45-gr-d250-350","200","LOW_DEMAND","https://dimohod-trade.pro/product/sendvich-otvod-45-gr-d250-350","16.08.2026","Сэндвич-отвод 45° 250×350 мм — купить | Дымоход Трейд","DELETE"
"27.08.2026","https://dimohod-trade.pro/product/sendvich-otvod-45-gr-d280-380","200","LOW_DEMAND","https://dimohod-trade.pro/product/sendvich-otvod-45-gr-d280-380","16.08.2026","Сэндвич-отвод 45° 280×380 мм — купить | Дымоход Трейд","DELETE"
"27.08.2026","https://dimohod-trade.pro/product/sendvich-otvod-45-gr-d300-400","200","LOW_DEMAND","https://dimohod-trade.pro/product/sendvich-otvod-45-gr-d300-400","16.08.2026","Сэндвич-отвод 45° 300×400 мм — купить | Дымоход Трейд","DELETE"
"27.08.2026","https://dimohod-trade.pro/product/sendvich-shiber-povorotnyi-d140-240","200","LOW_DEMAND","https://dimohod-trade.pro/product/sendvich-shiber-povorotnyi-d140-240","16.08.2026","Сэндвич-шибер поворотный 140×240 мм — купить | Дымоход Трейд","DELETE"
"27.08.2026","https://dimohod-trade.pro/product/sendvich-shiber-vydvizhnoi-d110-210","200","LOW_DEMAND","https://dimohod-trade.pro/product/sendvich-shiber-vydvizhnoi-d110-210","16.08.2026","Сэндвич-шибер выдвижной 110×210 мм — купить | Дымоход Трейд","DELETE"
"27.08.2026","https://dimohod-trade.pro/product/sendvich-shiber-vydvizhnoi-d120-220","200","LOW_DEMAND","https://dimohod-trade.pro/product/sendvich-shiber-vydvizhnoi-d120-220","16.08.2026","Сэндвич-шибер выдвижной 120×220 мм — купить | Дымоход Трейд","DELETE"
"27.08.2026","https://dimohod-trade.pro/product/sendvich-shiber-vydvizhnoi-d130-230","200","LOW_DEMAND","https://dimohod-trade.pro/product/sendvich-shiber-vydvizhnoi-d130-230","16.08.2026","Сэндвич-шибер выдвижной 130×230 мм — купить | Дымоход Трейд","DELETE"
"27.08.2026","https://dimohod-trade.pro/product/sendvich-shiber-vydvizhnoi-d140-240","200","LOW_DEMAND","https://dimohod-trade.pro/product/sendvich-shiber-vydvizhnoi-d140-240","16.08.2026","Сэндвич-шибер выдвижной 140×240 мм — купить | Дымоход Трейд","DELETE"
"27.08.2026","https://dimohod-trade.pro/product/sendvich-shiber-vydvizhnoi-d150-250","200","LOW_DEMAND","https://dimohod-trade.pro/product/sendvich-shiber-vydvizhnoi-d150-250","16.08.2026","Сэндвич-шибер выдвижной 150×250 мм — купить | Дымоход Трейд","DELETE"
"27.08.2026","https://dimohod-trade.pro/product/sendvich-shiber-vydvizhnoi-d160-260","200","LOW_DEMAND","https://dimohod-trade.pro/product/sendvich-shiber-vydvizhnoi-d160-260","16.08.2026","Сэндвич-шибер выдвижной 160×260 мм — купить | Дымоход Трейд","DELETE"
"27.08.2026","https://dimohod-trade.pro/product/sendvich-shiber-vydvizhnoi-d180-280","200","LOW_DEMAND","https://dimohod-trade.pro/product/sendvich-shiber-vydvizhnoi-d180-280","16.08.2026","Сэндвич-шибер выдвижной 180×280 мм — купить | Дымоход Трейд","DELETE"
"27.08.2026","https://dimohod-trade.pro/product/sendvich-shiber-vydvizhnoi-d250-350","200","LOW_DEMAND","https://dimohod-trade.pro/product/sendvich-shiber-vydvizhnoi-d250-350","16.08.2026","Сэндвич-шибер выдвижной 250×350 мм — купить | Дымоход Трейд","DELETE"
"27.08.2026","https://dimohod-trade.pro/product/sendvich-shiber-vydvizhnoi-d280-380","200","LOW_DEMAND","https://dimohod-trade.pro/product/sendvich-shiber-vydvizhnoi-d280-380","16.08.2026","Сэндвич-шибер выдвижной 280×380 мм — купить | Дымоход Трейд","DELETE"
"27.08.2026","https://dimohod-trade.pro/product/sendvich-troi-nik-s-k-o-45gr-d100-200","200","LOW_DEMAND","https://dimohod-trade.pro/product/sendvich-troi-nik-s-k-o-45gr-d100-200","16.08.2026","Сэндвич-тройник с К/О 45° 100×200 мм — купить | Дымоход Трейд","DELETE"
"27.08.2026","https://dimohod-trade.pro/product/sendvich-troi-nik-s-k-o-45gr-d110-210","200","LOW_DEMAND","https://dimohod-trade.pro/product/sendvich-troi-nik-s-k-o-45gr-d110-210","16.08.2026","Сэндвич-тройник с К/О 45° 110×210 мм — купить | Дымоход Трейд","DELETE"
"27.08.2026","https://dimohod-trade.pro/product/sendvich-troi-nik-s-k-o-45gr-d120-220","200","LOW_DEMAND","https://dimohod-trade.pro/product/sendvich-troi-nik-s-k-o-45gr-d120-220","16.08.2026","Сэндвич-тройник с К/О 45° 120×220 мм — купить | Дымоход Трейд","DELETE"
"27.08.2026","https://dimohod-trade.pro/product/sendvich-troi-nik-s-k-o-45gr-d130-230","200","LOW_DEMAND","https://dimohod-trade.pro/product/sendvich-troi-nik-s-k-o-45gr-d130-230","16.08.2026","Сэндвич-тройник с К/О 45° 130×230 мм — купить | Дымоход Трейд","DELETE"
"27.08.2026","https://dimohod-trade.pro/product/sendvich-troi-nik-s-k-o-45gr-d140-240","200","LOW_DEMAND","https://dimohod-trade.pro/product/sendvich-troi-nik-s-k-o-45gr-d140-240","16.08.2026","Сэндвич-тройник с К/О 45° 140×240 мм — купить | Дымоход Трейд","DELETE"
"27.08.2026","https://dimohod-trade.pro/product/sendvich-troi-nik-s-k-o-45gr-d150-250","200","LOW_DEMAND","https://dimohod-trade.pro/product/sendvich-troi-nik-s-k-o-45gr-d150-250","16.08.2026","Сэндвич-тройник с К/О 45° 150×250 мм — купить | Дымоход Трейд","DELETE"
"27.08.2026","https://dimohod-trade.pro/product/sendvich-troi-nik-s-k-o-45gr-d160-260","200","LOW_DEMAND","https://dimohod-trade.pro/product/sendvich-troi-nik-s-k-o-45gr-d160-260","16.08.2026","Сэндвич-тройник с К/О 45° 160×260 мм — купить | Дымоход Трейд","DELETE"
"27.08.2026","https://dimohod-trade.pro/product/sendvich-troi-nik-s-k-o-45gr-d180-280","200","LOW_DEMAND","https://dimohod-trade.pro/product/sendvich-troi-nik-s-k-o-45gr-d180-280","16.08.2026","Сэндвич-тройник с К/О 45° 180×280 мм — купить | Дымоход Трейд","DELETE"
"27.08.2026","https://dimohod-trade.pro/product/sendvich-troi-nik-s-k-o-45gr-d200-300","200","LOW_DEMAND","https://dimohod-trade.pro/product/sendvich-troi-nik-s-k-o-45gr-d200-300","16.08.2026","Сэндвич-тройник с К/О 45° 200×300 мм — купить | Дымоход Трейд","DELETE"
"27.08.2026","https://dimohod-trade.pro/product/sendvich-troi-nik-s-k-o-45gr-d250-350","200","LOW_DEMAND","https://dimohod-trade.pro/product/sendvich-troi-nik-s-k-o-45gr-d250-350","16.08.2026","Сэндвич-тройник с К/О 45° 250×350 мм — купить | Дымоход Трейд","DELETE"
"27.08.2026","https://dimohod-trade.pro/product/sendvich-troi-nik-s-k-o-45gr-d280-380","200","LOW_DEMAND","https://dimohod-trade.pro/product/sendvich-troi-nik-s-k-o-45gr-d280-380","16.08.2026","Сэндвич-тройник с К/О 45° 280×380 мм — купить | Дымоход Трейд","DELETE"
"27.08.2026","https://dimohod-trade.pro/product/sendvich-troi-nik-s-k-o-45gr-d300-400","200","LOW_DEMAND","https://dimohod-trade.pro/product/sendvich-troi-nik-s-k-o-45gr-d300-400","16.08.2026","Сэндвич-тройник с К/О 45° 300×400 мм — купить | Дымоход Трейд","DELETE"
"27.08.2026","https://dimohod-trade.pro/product/sendvich-troi-nik-s-k-o-90gr-d100-200","200","LOW_DEMAND","https://dimohod-trade.pro/product/sendvich-troi-nik-s-k-o-90gr-d100-200","16.08.2026","Сэндвич-тройник Сэндвич-тройник с К/О 90° Дымоход Трейд — переход на вертикаль","DELETE"
"27.08.2026","https://dimohod-trade.pro/product/sendvich-troi-nik-s-k-o-90gr-d110-210","200","LOW_DEMAND","https://dimohod-trade.pro/product/sendvich-troi-nik-s-k-o-90gr-d110-210","16.08.2026","Сэндвич-тройник Сэндвич-тройник с К/О 90° Дымоход Трейд — переход на вертикаль","DELETE"
"27.08.2026","https://dimohod-trade.pro/product/sendvich-troi-nik-s-k-o-90gr-d120-220","200","LOW_DEMAND","https://dimohod-trade.pro/product/sendvich-troi-nik-s-k-o-90gr-d120-220","16.08.2026","Сэндвич-тройник Сэндвич-тройник с К/О 90° Дымоход Трейд — переход на вертикаль","DELETE"
"27.08.2026","https://dimohod-trade.pro/product/sendvich-troi-nik-s-k-o-90gr-d130-230","200","LOW_DEMAND","https://dimohod-trade.pro/product/sendvich-troi-nik-s-k-o-90gr-d130-230","16.08.2026","Сэндвич-тройник Сэндвич-тройник с К/О 90° Дымоход Трейд — переход на вертикаль","DELETE"
"27.08.2026","https://dimohod-trade.pro/product/sendvich-troi-nik-s-k-o-90gr-d140-240","200","LOW_DEMAND","https://dimohod-trade.pro/product/sendvich-troi-nik-s-k-o-90gr-d140-240","16.08.2026","Сэндвич-тройник Сэндвич-тройник с К/О 90° Дымоход Трейд — переход на вертикаль","DELETE"
"27.08.2026","https://dimohod-trade.pro/product/sendvich-troi-nik-s-k-o-90gr-d160-260","200","LOW_DEMAND","https://dimohod-trade.pro/product/sendvich-troi-nik-s-k-o-90gr-d160-260","16.08.2026","Сэндвич-тройник Сэндвич-тройник с К/О 90° Дымоход Трейд — переход на вертикаль","DELETE"
"27.08.2026","https://dimohod-trade.pro/product/sendvich-troi-nik-s-k-o-90gr-d180-280","200","LOW_DEMAND","https://dimohod-trade.pro/product/sendvich-troi-nik-s-k-o-90gr-d180-280","16.08.2026","Сэндвич-тройник Сэндвич-тройник с К/О 90° Дымоход Трейд — переход на вертикаль","DELETE"
"27.08.2026","https://dimohod-trade.pro/product/sendvich-troi-nik-s-k-o-90gr-d200-300","200","LOW_DEMAND","https://dimohod-trade.pro/product/sendvich-troi-nik-s-k-o-90gr-d200-300","16.08.2026","Сэндвич-тройник Сэндвич-тройник с К/О 90° Дымоход Трейд — переход на вертикаль","DELETE"
"27.08.2026","https://dimohod-trade.pro/product/sendvich-troi-nik-s-k-o-90gr-d250-350","200","LOW_DEMAND","https://dimohod-trade.pro/product/sendvich-troi-nik-s-k-o-90gr-d250-350","16.08.2026","Сэндвич-тройник Сэндвич-тройник с К/О 90° Дымоход Трейд — переход на вертикаль","DELETE"
"27.08.2026","https://dimohod-trade.pro/product/sendvich-troi-nik-s-k-o-90gr-d280-380","200","LOW_DEMAND","https://dimohod-trade.pro/product/sendvich-troi-nik-s-k-o-90gr-d280-380","16.08.2026","Сэндвич-тройник Сэндвич-тройник с К/О 90° Дымоход Трейд — переход на вертикаль","DELETE"
"27.08.2026","https://dimohod-trade.pro/product/sendvich-troi-nik-s-k-o-90gr-d300-400","200","LOW_DEMAND","https://dimohod-trade.pro/product/sendvich-troi-nik-s-k-o-90gr-d300-400","16.08.2026","Сэндвич-тройник Сэндвич-тройник с К/О 90° Дымоход Трейд — переход на вертикаль","DELETE"
"27.08.2026","https://dimohod-trade.pro/product/sendvich-truba-d100-200","200","LOW_DEMAND","https://dimohod-trade.pro/product/sendvich-truba-d100-200","16.08.2026","Дымоход Трейд — сэндвич-труба Ø100/200, длина 1000","DELETE"
"27.08.2026","https://dimohod-trade.pro/product/sendvich-truba-d110-210","200","LOW_DEMAND","https://dimohod-trade.pro/product/sendvich-truba-d110-210","16.08.2026","Дымоход Трейд — сэндвич-труба Ø110/210, длина 1000","DELETE"
"27.08.2026","https://dimohod-trade.pro/product/sendvich-truba-d130-230","200","LOW_DEMAND","https://dimohod-trade.pro/product/sendvich-truba-d130-230","16.08.2026","Дымоход Трейд — сэндвич-труба Ø130/230, длина 1000","DELETE"
"27.08.2026","https://dimohod-trade.pro/product/sendvich-truba-d140-240","200","LOW_DEMAND","https://dimohod-trade.pro/product/sendvich-truba-d140-240","16.08.2026","Дымоход Трейд — сэндвич-труба Ø140/240, длина 1000","DELETE"
"27.08.2026","https://dimohod-trade.pro/product/sendvich-truba-d180-280","200","LOW_DEMAND","https://dimohod-trade.pro/product/sendvich-truba-d180-280","16.08.2026","Дымоход Трейд — сэндвич-труба Ø180/280, длина 1000","DELETE"
"27.08.2026","https://dimohod-trade.pro/product/sendvich-truba-d250-350","200","LOW_DEMAND","https://dimohod-trade.pro/product/sendvich-truba-d250-350","16.08.2026","Дымоход Трейд — сэндвич-труба Ø250/350, длина 1000","DELETE"
"27.08.2026","https://dimohod-trade.pro/product/sendvich-truba-d280-380","200","LOW_DEMAND","https://dimohod-trade.pro/product/sendvich-truba-d280-380","16.08.2026","Дымоход Трейд — сэндвич-труба Ø280/380, длина 1000","DELETE"
"25.08.2026","https://dimohod-trade.pro/product/sendvich-zaglushka-opornaya-d150-250","200","SEARCHABLE","https://dimohod-trade.pro/product/sendvich-zaglushka-opornaya-d150-250","20.08.2026","Сэндвич-заглушка «Дымоход Трейд» — адаптер основания дымохода","ADD"
"21.08.2026","https://dimohod-trade.pro/","200","SEARCHABLE","","17.08.2026","Дымоход Трейд — подбор комплекта дымохода","ADD"
"21.08.2026","https://dimohod-trade.pro/catalog","200","SEARCHABLE","","16.08.2026","Dimohod Trade","ADD"
"21.08.2026","https://dimohod-trade.pro/catalog/flantsy","200","SEARCHABLE","https://dimohod-trade.pro/catalog/flantsy","16.08.2026","Фланцы — купить | Дымоход Трейд","ADD"
"21.08.2026","https://dimohod-trade.pro/catalog/homuty-i-krepezh","200","SEARCHABLE","https://dimohod-trade.pro/catalog/homuty-i-krepezh","16.08.2026","Хомуты и крепеж — купить | Дымоход Трейд","ADD"
"21.08.2026","https://dimohod-trade.pro/catalog/odnokonturnye-elementy","200","SEARCHABLE","https://dimohod-trade.pro/catalog/odnokonturnye-elementy","16.08.2026","Одноконтурные элементы — купить | Дымоход Трейд","ADD"
"21.08.2026","https://dimohod-trade.pro/catalog/odnokonturnye-otvody","200","SEARCHABLE","https://dimohod-trade.pro/catalog/odnokonturnye-otvody","16.08.2026","Одноконтурные отводы — купить | Дымоход Трейд","ADD"
"21.08.2026","https://dimohod-trade.pro/catalog/odnokonturnye-troyniki","200","SEARCHABLE","https://dimohod-trade.pro/catalog/odnokonturnye-troyniki","16.08.2026","Одноконтурные тройники — купить | Дымоход Трейд","ADD"
"21.08.2026","https://dimohod-trade.pro/catalog/odnokonturnye-truby","200","SEARCHABLE","https://dimohod-trade.pro/catalog/odnokonturnye-truby","16.08.2026","Одноконтурные трубы — купить | Дымоход Трейд","ADD"
"21.08.2026","https://dimohod-trade.pro/catalog/sendvich-elementy","200","SEARCHABLE","https://dimohod-trade.pro/catalog/sendvich-elementy","16.08.2026","Сэндвич-элементы — купить | Дымоход Трейд","ADD"
"21.08.2026","https://dimohod-trade.pro/catalog/sendvich-ogolovki-i-deflektory","200","SEARCHABLE","https://dimohod-trade.pro/catalog/sendvich-ogolovki-i-deflektory","16.08.2026","Сэндвич-оголовки и дефлекторы — купить | Дымоход Трейд","ADD"
"21.08.2026","https://dimohod-trade.pro/catalog/sendvich-otvody","200","SEARCHABLE","https://dimohod-trade.pro/catalog/sendvich-otvody","16.08.2026","Сэндвич-отводы — купить | Дымоход Трейд","ADD"
"21.08.2026","https://dimohod-trade.pro/catalog/sendvich-troyniki","200","SEARCHABLE","https://dimohod-trade.pro/catalog/sendvich-troyniki","16.08.2026","Сэндвич-тройники — купить | Дымоход Трейд","ADD"
"21.08.2026","https://dimohod-trade.pro/catalog/sendvich-truby","200","SEARCHABLE","https://dimohod-trade.pro/catalog/sendvich-truby","16.08.2026","Сэндвич-трубы — купить | Дымоход Трейд","ADD"
"21.08.2026","https://dimohod-trade.pro/catalog/sendvich-zaglushki","200","SEARCHABLE","https://dimohod-trade.pro/catalog/sendvich-zaglushki","16.08.2026","Сэндвич-заглушки — купить | Дымоход Трейд","ADD"
"21.08.2026","https://dimohod-trade.pro/catalog/shibery","200","SEARCHABLE","https://dimohod-trade.pro/catalog/shibery","16.08.2026","Шиберы — купить | Дымоход Трейд","ADD"
"21.08.2026","https://dimohod-trade.pro/catalog/uzly-prohoda","200","SEARCHABLE","https://dimohod-trade.pro/catalog/uzly-prohoda","16.08.2026","Узлы прохода — купить | Дымоход Трейд","ADD"
"21.08.2026","https://dimohod-trade.pro/catalog/uzly-prohoda-krovli","200","SEARCHABLE","https://dimohod-trade.pro/catalog/uzly-prohoda-krovli","16.08.2026","Узлы прохода кровли — купить | Дымоход Трейд","ADD"
"21.08.2026","https://dimohod-trade.pro/catalog/uzly-prohoda-sten-i-perekrytiy","200","SEARCHABLE","https://dimohod-trade.pro/catalog/uzly-prohoda-sten-i-perekrytiy","16.08.2026","Узлы прохода стен и перекрытий — купить | Дымоход Трейд","ADD"
"21.08.2026","https://dimohod-trade.pro/consent-personal-data","200","SEARCHABLE","","16.08.2026","Согласие на обработку персональных данных — Дымоход Трейд","ADD"
"21.08.2026","https://dimohod-trade.pro/cookie-policy","200","SEARCHABLE","","16.08.2026","Cookie и локальные технологии — Дымоход Трейд","ADD"
"21.08.2026","https://dimohod-trade.pro/privacy","200","SEARCHABLE","","16.08.2026","Политика обработки персональных данных — Дымоход Трейд","ADD"
"21.08.2026","https://dimohod-trade.pro/product/dekorativnaya-yubka-d100","200","SEARCHABLE","https://dimohod-trade.pro/product/dekorativnaya-yubka-d100","16.08.2026","Дымоход Трейд — декоративная юбка для трубы Ø100 мм","ADD"
"21.08.2026","https://dimohod-trade.pro/product/dekorativnaya-yubka-d110","200","SEARCHABLE","https://dimohod-trade.pro/product/dekorativnaya-yubka-d110","16.08.2026","Дымоход Трейд — декоративная юбка для трубы Ø110 мм","ADD"
"21.08.2026","https://dimohod-trade.pro/product/dekorativnaya-yubka-d120","200","SEARCHABLE","https://dimohod-trade.pro/product/dekorativnaya-yubka-d120","16.08.2026","Дымоход Трейд — декоративная юбка для трубы Ø120 мм","ADD"
"21.08.2026","https://dimohod-trade.pro/product/dekorativnaya-yubka-d130","200","SEARCHABLE","https://dimohod-trade.pro/product/dekorativnaya-yubka-d130","16.08.2026","Дымоход Трейд — декоративная юбка для трубы Ø130 мм","ADD"
"21.08.2026","https://dimohod-trade.pro/product/dekorativnaya-yubka-d140","200","SEARCHABLE","https://dimohod-trade.pro/product/dekorativnaya-yubka-d140","16.08.2026","Дымоход Трейд — декоративная юбка для трубы Ø140 мм","ADD"
"21.08.2026","https://dimohod-trade.pro/product/dekorativnaya-yubka-d150","200","SEARCHABLE","https://dimohod-trade.pro/product/dekorativnaya-yubka-d150","16.08.2026","Дымоход Трейд — декоративная юбка для трубы Ø150 мм","ADD"
"21.08.2026","https://dimohod-trade.pro/product/dekorativnaya-yubka-d160","200","SEARCHABLE","https://dimohod-trade.pro/product/dekorativnaya-yubka-d160","16.08.2026","Дымоход Трейд — декоративная юбка для трубы Ø160 мм","ADD"
"21.08.2026","https://dimohod-trade.pro/product/dekorativnaya-yubka-d180","200","SEARCHABLE","https://dimohod-trade.pro/product/dekorativnaya-yubka-d180","16.08.2026","Дымоход Трейд — декоративная юбка для трубы Ø180 мм","ADD"
"21.08.2026","https://dimohod-trade.pro/product/dekorativnaya-yubka-d200","200","SEARCHABLE","https://dimohod-trade.pro/product/dekorativnaya-yubka-d200","16.08.2026","Дымоход Трейд — декоративная юбка для трубы Ø200 мм","ADD"
"21.08.2026","https://dimohod-trade.pro/product/dekorativnaya-yubka-d210","200","SEARCHABLE","https://dimohod-trade.pro/product/dekorativnaya-yubka-d210","16.08.2026","Дымоход Трейд — декоративная юбка для трубы Ø210 мм","ADD"
"21.08.2026","https://dimohod-trade.pro/product/dekorativnaya-yubka-d220","200","SEARCHABLE","https://dimohod-trade.pro/product/dekorativnaya-yubka-d220","16.08.2026","Дымоход Трейд — декоративная юбка для трубы Ø220 мм","ADD"
"21.08.2026","https://dimohod-trade.pro/product/dekorativnaya-yubka-d230","200","SEARCHABLE","https://dimohod-trade.pro/product/dekorativnaya-yubka-d230","16.08.2026","Дымоход Трейд — декоративная юбка для трубы Ø230 мм","ADD"
"21.08.2026","https://dimohod-trade.pro/product/dekorativnaya-yubka-d250","200","SEARCHABLE","https://dimohod-trade.pro/product/dekorativnaya-yubka-d250","16.08.2026","Дымоход Трейд — декоративная юбка для трубы Ø250 мм","ADD"
"21.08.2026","https://dimohod-trade.pro/product/dekorativnaya-yubka-d280","200","SEARCHABLE","https://dimohod-trade.pro/product/dekorativnaya-yubka-d280","16.08.2026","Дымоход Трейд — декоративная юбка для трубы Ø280 мм","ADD"
"21.08.2026","https://dimohod-trade.pro/product/dekorativnaya-yubka-d300","200","SEARCHABLE","https://dimohod-trade.pro/product/dekorativnaya-yubka-d300","16.08.2026","Дымоход Трейд — декоративная юбка для трубы Ø300 мм","ADD"
"21.08.2026","https://dimohod-trade.pro/product/flanets-dekorativnyy","200","SEARCHABLE","https://dimohod-trade.pro/product/flanets-dekorativnyy","16.08.2026","Фланец Дымоход Трейд для прохода стены и кровли","ADD"
"21.08.2026","https://dimohod-trade.pro/product/homut-v-perekrytie","200","SEARCHABLE","https://dimohod-trade.pro/product/homut-v-perekrytie","16.08.2026","Хомут в перекрытие Дымоход Трейд — крепление трубы","ADD"
"21.08.2026","https://dimohod-trade.pro/product/komplekt-vaty-dlya-prohodnogo-stakana","200","SEARCHABLE","https://dimohod-trade.pro/product/komplekt-vaty-dlya-prohodnogo-stakana","16.08.2026","Комплект ваты для проходного стакана — Дымоход Трейд","ADD"
"21.08.2026","https://dimohod-trade.pro/product/konsol-teleskopicheskaya","200","SEARCHABLE","https://dimohod-trade.pro/product/konsol-teleskopicheskaya","16.08.2026","Дымоход Трейд — телескопическая консоль для стены","ADD"
"21.08.2026","https://dimohod-trade.pro/product/konsol-universalnaya","200","SEARCHABLE","https://dimohod-trade.pro/product/konsol-universalnaya","16.08.2026","Консоль универсальная Дымоход Трейд для крепления к стене","ADD"
"21.08.2026","https://dimohod-trade.pro/product/master-flesh","200","SEARCHABLE","https://dimohod-trade.pro/product/master-flesh","16.08.2026","Мастер-флеш Дымоход Трейд для прохода дымохода через кровлю","ADD"
"21.08.2026","https://dimohod-trade.pro/product/odnostennyi-chetvernik-s-k-o-90gr-d100","200","SEARCHABLE","https://dimohod-trade.pro/product/odnostennyi-chetvernik-s-k-o-90gr-d100","16.08.2026","Одноконтурный четверник с К/О 90° 100 мм — купить | Дымоход Трейд","ADD"
"21.08.2026","https://dimohod-trade.pro/product/odnostennyi-chetvernik-s-k-o-90gr-d110","200","SEARCHABLE","https://dimohod-trade.pro/product/odnostennyi-chetvernik-s-k-o-90gr-d110","16.08.2026","Одноконтурный четверник с К/О 90° 110 мм — купить | Дымоход Трейд","ADD"
"21.08.2026","https://dimohod-trade.pro/product/odnostennyi-chetvernik-s-k-o-90gr-d120","200","SEARCHABLE","https://dimohod-trade.pro/product/odnostennyi-chetvernik-s-k-o-90gr-d120","16.08.2026","Одноконтурный четверник с К/О 90° 120 мм — купить | Дымоход Трейд","ADD"
"21.08.2026","https://dimohod-trade.pro/product/odnostennyi-chetvernik-s-k-o-90gr-d130","200","SEARCHABLE","https://dimohod-trade.pro/product/odnostennyi-chetvernik-s-k-o-90gr-d130","16.08.2026","Одноконтурный четверник с К/О 90° 130 мм — купить | Дымоход Трейд","ADD"
"21.08.2026","https://dimohod-trade.pro/product/odnostennyi-chetvernik-s-k-o-90gr-d140","200","SEARCHABLE","https://dimohod-trade.pro/product/odnostennyi-chetvernik-s-k-o-90gr-d140","16.08.2026","Одноконтурный четверник с К/О 90° 140 мм — купить | Дымоход Трейд","ADD"
"21.08.2026","https://dimohod-trade.pro/product/odnostennyi-chetvernik-s-k-o-90gr-d150","200","SEARCHABLE","https://dimohod-trade.pro/product/odnostennyi-chetvernik-s-k-o-90gr-d150","16.08.2026","Одноконтурный четверник с К/О 90° 150 мм — купить | Дымоход Трейд","ADD"
"21.08.2026","https://dimohod-trade.pro/product/odnostennyi-chetvernik-s-k-o-90gr-d160","200","SEARCHABLE","https://dimohod-trade.pro/product/odnostennyi-chetvernik-s-k-o-90gr-d160","16.08.2026","Одноконтурный четверник с К/О 90° 160 мм — купить | Дымоход Трейд","ADD"
"21.08.2026","https://dimohod-trade.pro/product/odnostennyi-chetvernik-s-k-o-90gr-d180","200","SEARCHABLE","https://dimohod-trade.pro/product/odnostennyi-chetvernik-s-k-o-90gr-d180","16.08.2026","Одноконтурный четверник с К/О 90° 180 мм — купить | Дымоход Трейд","ADD"
"21.08.2026","https://dimohod-trade.pro/product/odnostennyi-chetvernik-s-k-o-90gr-d200","200","SEARCHABLE","https://dimohod-trade.pro/product/odnostennyi-chetvernik-s-k-o-90gr-d200","16.08.2026","Одноконтурный четверник с К/О 90° 200 мм — купить | Дымоход Трейд","ADD"
"21.08.2026","https://dimohod-trade.pro/product/odnostennyi-chetvernik-s-k-o-90gr-d210","200","SEARCHABLE","https://dimohod-trade.pro/product/odnostennyi-chetvernik-s-k-o-90gr-d210","16.08.2026","Одноконтурный четверник с К/О 90° 210 мм — купить | Дымоход Трейд","ADD"
"21.08.2026","https://dimohod-trade.pro/product/odnostennyi-chetvernik-s-k-o-90gr-d220","200","SEARCHABLE","https://dimohod-trade.pro/product/odnostennyi-chetvernik-s-k-o-90gr-d220","16.08.2026","Одноконтурный четверник с К/О 90° 220 мм — купить | Дымоход Трейд","ADD"
"21.08.2026","https://dimohod-trade.pro/product/odnostennyi-chetvernik-s-k-o-90gr-d230","200","SEARCHABLE","https://dimohod-trade.pro/product/odnostennyi-chetvernik-s-k-o-90gr-d230","16.08.2026","Одноконтурный четверник с К/О 90° 230 мм — купить | Дымоход Трейд","ADD"
"21.08.2026","https://dimohod-trade.pro/product/odnostennyi-chetvernik-s-k-o-90gr-d250","200","SEARCHABLE","https://dimohod-trade.pro/product/odnostennyi-chetvernik-s-k-o-90gr-d250","16.08.2026","Одноконтурный четверник с К/О 90° 250 мм — купить | Дымоход Трейд","ADD"
"21.08.2026","https://dimohod-trade.pro/product/odnostennyi-chetvernik-s-k-o-90gr-d280","200","SEARCHABLE","https://dimohod-trade.pro/product/odnostennyi-chetvernik-s-k-o-90gr-d280","16.08.2026","Одноконтурный четверник с К/О 90° 280 мм — купить | Дымоход Трейд","ADD"
"21.08.2026","https://dimohod-trade.pro/product/odnostennyi-chetvernik-s-k-o-90gr-d300","200","SEARCHABLE","https://dimohod-trade.pro/product/odnostennyi-chetvernik-s-k-o-90gr-d300","16.08.2026","Одноконтурный четверник с К/О 90° 300 мм — купить | Дымоход Трейд","ADD"
"21.08.2026","https://dimohod-trade.pro/product/odnostennyi-kondensatootvod-d100","200","SEARCHABLE","https://dimohod-trade.pro/product/odnostennyi-kondensatootvod-d100","16.08.2026","Одноконтурный конденсатоотвод 100 мм — купить | Дымоход Трейд","ADD"
"21.08.2026","https://dimohod-trade.pro/product/odnostennyi-kondensatootvod-d110","200","SEARCHABLE","https://dimohod-trade.pro/product/odnostennyi-kondensatootvod-d110","16.08.2026","Одноконтурный конденсатоотвод 110 мм — купить | Дымоход Трейд","ADD"
"21.08.2026","https://dimohod-trade.pro/product/odnostennyi-kondensatootvod-d120","200","SEARCHABLE","https://dimohod-trade.pro/product/odnostennyi-kondensatootvod-d120","16.08.2026","Одноконтурный конденсатоотвод 120 мм — купить | Дымоход Трейд","ADD"
"21.08.2026","https://dimohod-trade.pro/product/odnostennyi-kondensatootvod-d130","200","SEARCHABLE","https://dimohod-trade.pro/product/odnostennyi-kondensatootvod-d130","16.08.2026","Одноконтурный конденсатоотвод 130 мм — купить | Дымоход Трейд","ADD"
"21.08.2026","https://dimohod-trade.pro/product/odnostennyi-kondensatootvod-d140","200","SEARCHABLE","https://dimohod-trade.pro/product/odnostennyi-kondensatootvod-d140","16.08.2026","Одноконтурный конденсатоотвод 140 мм — купить | Дымоход Трейд","ADD"
"21.08.2026","https://dimohod-trade.pro/product/odnostennyi-kondensatootvod-d150","200","SEARCHABLE","https://dimohod-trade.pro/product/odnostennyi-kondensatootvod-d150","16.08.2026","Одноконтурный конденсатоотвод 150 мм — купить | Дымоход Трейд","ADD"
"21.08.2026","https://dimohod-trade.pro/product/odnostennyi-kondensatootvod-d160","200","SEARCHABLE","https://dimohod-trade.pro/product/odnostennyi-kondensatootvod-d160","16.08.2026","Одноконтурный конденсатоотвод 160 мм — купить | Дымоход Трейд","ADD"
"21.08.2026","https://dimohod-trade.pro/product/odnostennyi-kondensatootvod-d180","200","SEARCHABLE","https://dimohod-trade.pro/product/odnostennyi-kondensatootvod-d180","16.08.2026","Одноконтурный конденсатоотвод 180 мм — купить | Дымоход Трейд","ADD"
"21.08.2026","https://dimohod-trade.pro/product/odnostennyi-kondensatootvod-d200","200","SEARCHABLE","https://dimohod-trade.pro/product/odnostennyi-kondensatootvod-d200","16.08.2026","Одноконтурный конденсатоотвод 200 мм — купить | Дымоход Трейд","ADD"
"21.08.2026","https://dimohod-trade.pro/product/odnostennyi-kondensatootvod-d210","200","SEARCHABLE","https://dimohod-trade.pro/product/odnostennyi-kondensatootvod-d210","16.08.2026","Одноконтурный конденсатоотвод 210 мм — купить | Дымоход Трейд","ADD"
"21.08.2026","https://dimohod-trade.pro/product/odnostennyi-kondensatootvod-d220","200","SEARCHABLE","https://dimohod-trade.pro/product/odnostennyi-kondensatootvod-d220","16.08.2026","Одноконтурный конденсатоотвод 220 мм — купить | Дымоход Трейд","ADD"
"21.08.2026","https://dimohod-trade.pro/product/odnostennyi-kondensatootvod-d230","200","SEARCHABLE","https://dimohod-trade.pro/product/odnostennyi-kondensatootvod-d230","16.08.2026","Одноконтурный конденсатоотвод 230 мм — купить | Дымоход Трейд","ADD"
"21.08.2026","https://dimohod-trade.pro/product/odnostennyi-kondensatootvod-d250","200","SEARCHABLE","https://dimohod-trade.pro/product/odnostennyi-kondensatootvod-d250","16.08.2026","Одноконтурный конденсатоотвод 250 мм — купить | Дымоход Трейд","ADD"
"21.08.2026","https://dimohod-trade.pro/product/odnostennyi-kondensatootvod-d280","200","SEARCHABLE","https://dimohod-trade.pro/product/odnostennyi-kondensatootvod-d280","16.08.2026","Одноконтурный конденсатоотвод 280 мм — купить | Дымоход Трейд","ADD"
"21.08.2026","https://dimohod-trade.pro/product/odnostennyi-kondensatootvod-d300","200","SEARCHABLE","https://dimohod-trade.pro/product/odnostennyi-kondensatootvod-d300","16.08.2026","Одноконтурный конденсатоотвод 300 мм — купить | Дымоход Трейд","ADD"
"21.08.2026","https://dimohod-trade.pro/product/odnostennyi-krepezh-homut-shirokii-d100","200","SEARCHABLE","https://dimohod-trade.pro/product/odnostennyi-krepezh-homut-shirokii-d100","16.08.2026","Одноконтурный хомут широкий — крепёж для дымохода","ADD"
"21.08.2026","https://dimohod-trade.pro/product/odnostennyi-krepezh-homut-shirokii-d110","200","SEARCHABLE","https://dimohod-trade.pro/product/odnostennyi-krepezh-homut-shirokii-d110","16.08.2026","Одноконтурный хомут широкий — крепёж для дымохода","ADD"
"21.08.2026","https://dimohod-trade.pro/product/odnostennyi-krepezh-homut-shirokii-d120","200","SEARCHABLE","https://dimohod-trade.pro/product/odnostennyi-krepezh-homut-shirokii-d120","16.08.2026","Одноконтурный хомут широкий — крепёж для дымохода","ADD"
"21.08.2026","https://dimohod-trade.pro/product/odnostennyi-krepezh-homut-shirokii-d130","200","SEARCHABLE","https://dimohod-trade.pro/product/odnostennyi-krepezh-homut-shirokii-d130","16.08.2026","Одноконтурный хомут широкий — крепёж для дымохода","ADD"
"21.08.2026","https://dimohod-trade.pro/product/odnostennyi-krepezh-homut-shirokii-d140","200","SEARCHABLE","https://dimohod-trade.pro/product/odnostennyi-krepezh-homut-shirokii-d140","16.08.2026","Одноконтурный хомут широкий — крепёж для дымохода","ADD"
"21.08.2026","https://dimohod-trade.pro/product/odnostennyi-krepezh-homut-shirokii-d150","200","SEARCHABLE","https://dimohod-trade.pro/product/odnostennyi-krepezh-homut-shirokii-d150","16.08.2026","Одноконтурный хомут широкий — крепёж для дымохода","ADD"
"21.08.2026","https://dimohod-trade.pro/product/odnostennyi-krepezh-homut-shirokii-d160","200","SEARCHABLE","https://dimohod-trade.pro/product/odnostennyi-krepezh-homut-shirokii-d160","16.08.2026","Одноконтурный хомут широкий — крепёж для дымохода","ADD"
"21.08.2026","https://dimohod-trade.pro/product/odnostennyi-krepezh-homut-shirokii-d180","200","SEARCHABLE","https://dimohod-trade.pro/product/odnostennyi-krepezh-homut-shirokii-d180","16.08.2026","Одноконтурный хомут широкий — крепёж для дымохода","ADD"
"21.08.2026","https://dimohod-trade.pro/product/odnostennyi-krepezh-homut-shirokii-d200","200","SEARCHABLE","https://dimohod-trade.pro/product/odnostennyi-krepezh-homut-shirokii-d200","16.08.2026","Одноконтурный хомут широкий — крепёж для дымохода","ADD"
"21.08.2026","https://dimohod-trade.pro/product/odnostennyi-krepezh-homut-shirokii-d210","200","SEARCHABLE","https://dimohod-trade.pro/product/odnostennyi-krepezh-homut-shirokii-d210","16.08.2026","Одноконтурный хомут широкий — крепёж для дымохода","ADD"
"21.08.2026","https://dimohod-trade.pro/product/odnostennyi-krepezh-homut-shirokii-d220","200","SEARCHABLE","https://dimohod-trade.pro/product/odnostennyi-krepezh-homut-shirokii-d220","16.08.2026","Одноконтурный хомут широкий — крепёж для дымохода","ADD"
"21.08.2026","https://dimohod-trade.pro/product/odnostennyi-krepezh-homut-shirokii-d230","200","SEARCHABLE","https://dimohod-trade.pro/product/odnostennyi-krepezh-homut-shirokii-d230","16.08.2026","Одноконтурный хомут широкий — крепёж для дымохода","ADD"
"21.08.2026","https://dimohod-trade.pro/product/odnostennyi-krepezh-homut-shirokii-d250","200","SEARCHABLE","https://dimohod-trade.pro/product/odnostennyi-krepezh-homut-shirokii-d250","16.08.2026","Одноконтурный хомут широкий — крепёж для дымохода","ADD"
"21.08.2026","https://dimohod-trade.pro/product/odnostennyi-krepezh-homut-shirokii-d280","200","SEARCHABLE","https://dimohod-trade.pro/product/odnostennyi-krepezh-homut-shirokii-d280","16.08.2026","Одноконтурный хомут широкий — крепёж для дымохода","ADD"
"21.08.2026","https://dimohod-trade.pro/product/odnostennyi-krepezh-homut-shirokii-d300","200","SEARCHABLE","https://dimohod-trade.pro/product/odnostennyi-krepezh-homut-shirokii-d300","16.08.2026","Одноконтурный хомут широкий — крепёж для дымохода","ADD"
"21.08.2026","https://dimohod-trade.pro/product/odnostennyi-krepezh-homut-silovoi-d100","200","SEARCHABLE","https://dimohod-trade.pro/product/odnostennyi-krepezh-homut-silovoi-d100","16.08.2026","Хомут силовой для консоли Дымоход Трейд — Ø100 мм","ADD"
"21.08.2026","https://dimohod-trade.pro/product/odnostennyi-krepezh-homut-silovoi-d110","200","SEARCHABLE","https://dimohod-trade.pro/product/odnostennyi-krepezh-homut-silovoi-d110","16.08.2026","Хомут силовой для консоли Дымоход Трейд — Ø110 мм","ADD"
"21.08.2026","https://dimohod-trade.pro/product/odnostennyi-krepezh-homut-silovoi-d120","200","SEARCHABLE","https://dimohod-trade.pro/product/odnostennyi-krepezh-homut-silovoi-d120","16.08.2026","Хомут силовой для консоли Дымоход Трейд — Ø120 мм","ADD"
"21.08.2026","https://dimohod-trade.pro/product/odnostennyi-krepezh-homut-silovoi-d130","200","SEARCHABLE","https://dimohod-trade.pro/product/odnostennyi-krepezh-homut-silovoi-d130","16.08.2026","Хомут силовой для консоли Дымоход Трейд — Ø130 мм","ADD"
"21.08.2026","https://dimohod-trade.pro/product/odnostennyi-krepezh-homut-silovoi-d140","200","SEARCHABLE","https://dimohod-trade.pro/product/odnostennyi-krepezh-homut-silovoi-d140","16.08.2026","Хомут силовой для консоли Дымоход Трейд — Ø140 мм","ADD"
"21.08.2026","https://dimohod-trade.pro/product/odnostennyi-krepezh-homut-silovoi-d150","200","SEARCHABLE","https://dimohod-trade.pro/product/odnostennyi-krepezh-homut-silovoi-d150","16.08.2026","Хомут силовой для консоли Дымоход Трейд — Ø150 мм","ADD"
"21.08.2026","https://dimohod-trade.pro/product/odnostennyi-krepezh-homut-silovoi-d160","200","SEARCHABLE","https://dimohod-trade.pro/product/odnostennyi-krepezh-homut-silovoi-d160","16.08.2026","Хомут силовой для консоли Дымоход Трейд — Ø160 мм","ADD"
"21.08.2026","https://dimohod-trade.pro/product/odnostennyi-krepezh-homut-silovoi-d180","200","SEARCHABLE","https://dimohod-trade.pro/product/odnostennyi-krepezh-homut-silovoi-d180","16.08.2026","Хомут силовой для консоли Дымоход Трейд — Ø180 мм","ADD"
"21.08.2026","https://dimohod-trade.pro/product/odnostennyi-krepezh-homut-silovoi-d200","200","SEARCHABLE","https://dimohod-trade.pro/product/odnostennyi-krepezh-homut-silovoi-d200","16.08.2026","Хомут силовой для консоли Дымоход Трейд — Ø200 мм","ADD"
"21.08.2026","https://dimohod-trade.pro/product/odnostennyi-krepezh-homut-silovoi-d210","200","SEARCHABLE","https://dimohod-trade.pro/product/odnostennyi-krepezh-homut-silovoi-d210","16.08.2026","Хомут силовой для консоли Дымоход Трейд — Ø210 мм","ADD"
"21.08.2026","https://dimohod-trade.pro/product/odnostennyi-krepezh-homut-silovoi-d220","200","SEARCHABLE","https://dimohod-trade.pro/product/odnostennyi-krepezh-homut-silovoi-d220","16.08.2026","Хомут силовой для консоли Дымоход Трейд — Ø220 мм","ADD"
"21.08.2026","https://dimohod-trade.pro/product/odnostennyi-krepezh-homut-silovoi-d230","200","SEARCHABLE","https://dimohod-trade.pro/product/odnostennyi-krepezh-homut-silovoi-d230","16.08.2026","Хомут силовой для консоли Дымоход Трейд — Ø230 мм","ADD"
"21.08.2026","https://dimohod-trade.pro/product/odnostennyi-krepezh-homut-silovoi-d250","200","SEARCHABLE","https://dimohod-trade.pro/product/odnostennyi-krepezh-homut-silovoi-d250","16.08.2026","Хомут силовой для консоли Дымоход Трейд — Ø250 мм","ADD"
"21.08.2026","https://dimohod-trade.pro/product/odnostennyi-krepezh-homut-silovoi-d280","200","SEARCHABLE","https://dimohod-trade.pro/product/odnostennyi-krepezh-homut-silovoi-d280","16.08.2026","Хомут силовой для консоли Дымоход Трейд — Ø280 мм","ADD"
"21.08.2026","https://dimohod-trade.pro/product/odnostennyi-krepezh-homut-silovoi-d300","200","SEARCHABLE","https://dimohod-trade.pro/product/odnostennyi-krepezh-homut-silovoi-d300","16.08.2026","Хомут силовой для консоли Дымоход Трейд — Ø300 мм","ADD"
"21.08.2026","https://dimohod-trade.pro/product/odnostennyi-ogolovok-deflektor-d100","200","SEARCHABLE","https://dimohod-trade.pro/product/odnostennyi-ogolovok-deflektor-d100","16.08.2026","Одноконтурный дефлектор 100 мм — купить | Дымоход Трейд","ADD"
"21.08.2026","https://dimohod-trade.pro/product/odnostennyi-ogolovok-deflektor-d110","200","SEARCHABLE","https://dimohod-trade.pro/product/odnostennyi-ogolovok-deflektor-d110","16.08.2026","Одноконтурный дефлектор 110 мм — купить | Дымоход Трейд","ADD"
"21.08.2026","https://dimohod-trade.pro/product/odnostennyi-ogolovok-deflektor-d120","200","SEARCHABLE","https://dimohod-trade.pro/product/odnostennyi-ogolovok-deflektor-d120","16.08.2026","Одноконтурный дефлектор 120 мм — купить | Дымоход Трейд","ADD"
"21.08.2026","https://dimohod-trade.pro/product/odnostennyi-ogolovok-deflektor-d130","200","SEARCHABLE","https://dimohod-trade.pro/product/odnostennyi-ogolovok-deflektor-d130","16.08.2026","Одноконтурный дефлектор 130 мм — купить | Дымоход Трейд","ADD"
"21.08.2026","https://dimohod-trade.pro/product/odnostennyi-ogolovok-deflektor-d140","200","SEARCHABLE","https://dimohod-trade.pro/product/odnostennyi-ogolovok-deflektor-d140","16.08.2026","Одноконтурный дефлектор 140 мм — купить | Дымоход Трейд","ADD"
"21.08.2026","https://dimohod-trade.pro/product/odnostennyi-ogolovok-deflektor-d150","200","SEARCHABLE","https://dimohod-trade.pro/product/odnostennyi-ogolovok-deflektor-d150","16.08.2026","Одноконтурный дефлектор 150 мм — купить | Дымоход Трейд","ADD"
"21.08.2026","https://dimohod-trade.pro/product/odnostennyi-ogolovok-deflektor-d160","200","SEARCHABLE","https://dimohod-trade.pro/product/odnostennyi-ogolovok-deflektor-d160","16.08.2026","Одноконтурный дефлектор 160 мм — купить | Дымоход Трейд","ADD"
"21.08.2026","https://dimohod-trade.pro/product/odnostennyi-ogolovok-deflektor-d180","200","SEARCHABLE","https://dimohod-trade.pro/product/odnostennyi-ogolovok-deflektor-d180","16.08.2026","Одноконтурный дефлектор 180 мм — купить | Дымоход Трейд","ADD"
"21.08.2026","https://dimohod-trade.pro/product/odnostennyi-ogolovok-deflektor-d200","200","SEARCHABLE","https://dimohod-trade.pro/product/odnostennyi-ogolovok-deflektor-d200","16.08.2026","Одноконтурный дефлектор 200 мм — купить | Дымоход Трейд","ADD"
"21.08.2026","https://dimohod-trade.pro/product/odnostennyi-ogolovok-deflektor-d210","200","SEARCHABLE","https://dimohod-trade.pro/product/odnostennyi-ogolovok-deflektor-d210","16.08.2026","Одноконтурный дефлектор 210 мм — купить | Дымоход Трейд","ADD"
"21.08.2026","https://dimohod-trade.pro/product/odnostennyi-ogolovok-deflektor-d220","200","SEARCHABLE","https://dimohod-trade.pro/product/odnostennyi-ogolovok-deflektor-d220","16.08.2026","Одноконтурный дефлектор 220 мм — купить | Дымоход Трейд","ADD"
"21.08.2026","https://dimohod-trade.pro/product/odnostennyi-ogolovok-deflektor-d230","200","SEARCHABLE","https://dimohod-trade.pro/product/odnostennyi-ogolovok-deflektor-d230","16.08.2026","Одноконтурный дефлектор 230 мм — купить | Дымоход Трейд","ADD"
"21.08.2026","https://dimohod-trade.pro/product/odnostennyi-ogolovok-deflektor-d250","200","SEARCHABLE","https://dimohod-trade.pro/product/odnostennyi-ogolovok-deflektor-d250","16.08.2026","Одноконтурный дефлектор 250 мм — купить | Дымоход Трейд","ADD"
"21.08.2026","https://dimohod-trade.pro/product/odnostennyi-ogolovok-deflektor-d280","200","SEARCHABLE","https://dimohod-trade.pro/product/odnostennyi-ogolovok-deflektor-d280","16.08.2026","Одноконтурный дефлектор 280 мм — купить | Дымоход Трейд","ADD"
"21.08.2026","https://dimohod-trade.pro/product/odnostennyi-ogolovok-deflektor-d300","200","SEARCHABLE","https://dimohod-trade.pro/product/odnostennyi-ogolovok-deflektor-d300","16.08.2026","Одноконтурный дефлектор 300 мм — купить | Дымоход Трейд","ADD"
"21.08.2026","https://dimohod-trade.pro/product/odnostennyi-ogolovok-zont-d100","200","SEARCHABLE","https://dimohod-trade.pro/product/odnostennyi-ogolovok-zont-d100","16.08.2026","Одноконтурный зонт 100 мм — купить | Дымоход Трейд","ADD"
"21.08.2026","https://dimohod-trade.pro/product/odnostennyi-ogolovok-zont-d110","200","SEARCHABLE","https://dimohod-trade.pro/product/odnostennyi-ogolovok-zont-d110","16.08.2026","Одноконтурный зонт 110 мм — купить | Дымоход Трейд","ADD"
"21.08.2026","https://dimohod-trade.pro/product/odnostennyi-ogolovok-zont-d120","200","SEARCHABLE","https://dimohod-trade.pro/product/odnostennyi-ogolovok-zont-d120","16.08.2026","Одноконтурный зонт 120 мм — купить | Дымоход Трейд","ADD"
"21.08.2026","https://dimohod-trade.pro/product/odnostennyi-ogolovok-zont-d130","200","SEARCHABLE","https://dimohod-trade.pro/product/odnostennyi-ogolovok-zont-d130","16.08.2026","Одноконтурный зонт 130 мм — купить | Дымоход Трейд","ADD"
"21.08.2026","https://dimohod-trade.pro/product/odnostennyi-ogolovok-zont-d140","200","SEARCHABLE","https://dimohod-trade.pro/product/odnostennyi-ogolovok-zont-d140","16.08.2026","Одноконтурный зонт 140 мм — купить | Дымоход Трейд","ADD"
"21.08.2026","https://dimohod-trade.pro/product/odnostennyi-ogolovok-zont-d150","200","SEARCHABLE","https://dimohod-trade.pro/product/odnostennyi-ogolovok-zont-d150","16.08.2026","Одноконтурный зонт 150 мм — купить | Дымоход Трейд","ADD"
"21.08.2026","https://dimohod-trade.pro/product/odnostennyi-ogolovok-zont-d160","200","SEARCHABLE","https://dimohod-trade.pro/product/odnostennyi-ogolovok-zont-d160","16.08.2026","Одноконтурный зонт 160 мм — купить | Дымоход Трейд","ADD"
"21.08.2026","https://dimohod-trade.pro/product/odnostennyi-ogolovok-zont-d180","200","SEARCHABLE","https://dimohod-trade.pro/product/odnostennyi-ogolovok-zont-d180","16.08.2026","Одноконтурный зонт 180 мм — купить | Дымоход Трейд","ADD"
"21.08.2026","https://dimohod-trade.pro/product/odnostennyi-ogolovok-zont-d200","200","SEARCHABLE","https://dimohod-trade.pro/product/odnostennyi-ogolovok-zont-d200","16.08.2026","Одноконтурный зонт 200 мм — купить | Дымоход Трейд","ADD"
"21.08.2026","https://dimohod-trade.pro/product/odnostennyi-ogolovok-zont-d210","200","SEARCHABLE","https://dimohod-trade.pro/product/odnostennyi-ogolovok-zont-d210","16.08.2026","Одноконтурный зонт 210 мм — купить | Дымоход Трейд","ADD"
"21.08.2026","https://dimohod-trade.pro/product/odnostennyi-ogolovok-zont-d220","200","SEARCHABLE","https://dimohod-trade.pro/product/odnostennyi-ogolovok-zont-d220","16.08.2026","Одноконтурный зонт 220 мм — купить | Дымоход Трейд","ADD"
"21.08.2026","https://dimohod-trade.pro/product/odnostennyi-ogolovok-zont-d230","200","SEARCHABLE","https://dimohod-trade.pro/product/odnostennyi-ogolovok-zont-d230","16.08.2026","Одноконтурный зонт 230 мм — купить | Дымоход Трейд","ADD"
"21.08.2026","https://dimohod-trade.pro/product/odnostennyi-ogolovok-zont-d250","200","SEARCHABLE","https://dimohod-trade.pro/product/odnostennyi-ogolovok-zont-d250","16.08.2026","Одноконтурный зонт 250 мм — купить | Дымоход Трейд","ADD"
"21.08.2026","https://dimohod-trade.pro/product/odnostennyi-ogolovok-zont-d280","200","SEARCHABLE","https://dimohod-trade.pro/product/odnostennyi-ogolovok-zont-d280","16.08.2026","Одноконтурный зонт 280 мм — купить | Дымоход Трейд","ADD"
"21.08.2026","https://dimohod-trade.pro/product/odnostennyi-ogolovok-zont-d300","200","SEARCHABLE","https://dimohod-trade.pro/product/odnostennyi-ogolovok-zont-d300","16.08.2026","Одноконтурный зонт 300 мм — купить | Дымоход Трейд","ADD"
"21.08.2026","https://dimohod-trade.pro/product/odnostennyi-otvod-45-gr-d100","200","SEARCHABLE","https://dimohod-trade.pro/product/odnostennyi-otvod-45-gr-d100","16.08.2026","Одноконтурный отвод 45° Дымоход Трейд для смещения дымохода","ADD"
"21.08.2026","https://dimohod-trade.pro/product/odnostennyi-otvod-45-gr-d110","200","SEARCHABLE","https://dimohod-trade.pro/product/odnostennyi-otvod-45-gr-d110","16.08.2026","Одноконтурный отвод 45° Дымоход Трейд для смещения дымохода","ADD"
"21.08.2026","https://dimohod-trade.pro/product/odnostennyi-otvod-45-gr-d120","200","SEARCHABLE","https://dimohod-trade.pro/product/odnostennyi-otvod-45-gr-d120","16.08.2026","Одноконтурный отвод 45° Дымоход Трейд для смещения дымохода","ADD"
"21.08.2026","https://dimohod-trade.pro/product/odnostennyi-otvod-45-gr-d130","200","SEARCHABLE","https://dimohod-trade.pro/product/odnostennyi-otvod-45-gr-d130","16.08.2026","Одноконтурный отвод 45° Дымоход Трейд для смещения дымохода","ADD"
"21.08.2026","https://dimohod-trade.pro/product/odnostennyi-otvod-45-gr-d140","200","SEARCHABLE","https://dimohod-trade.pro/product/odnostennyi-otvod-45-gr-d140","16.08.2026","Одноконтурный отвод 45° Дымоход Трейд для смещения дымохода","ADD"
"21.08.2026","https://dimohod-trade.pro/product/odnostennyi-otvod-45-gr-d150","200","SEARCHABLE","https://dimohod-trade.pro/product/odnostennyi-otvod-45-gr-d150","16.08.2026","Одноконтурный отвод 45° Дымоход Трейд для смещения дымохода","ADD"
"21.08.2026","https://dimohod-trade.pro/product/odnostennyi-otvod-45-gr-d160","200","SEARCHABLE","https://dimohod-trade.pro/product/odnostennyi-otvod-45-gr-d160","16.08.2026","Одноконтурный отвод 45° Дымоход Трейд для смещения дымохода","ADD"
"21.08.2026","https://dimohod-trade.pro/product/odnostennyi-otvod-45-gr-d180","200","SEARCHABLE","https://dimohod-trade.pro/product/odnostennyi-otvod-45-gr-d180","16.08.2026","Одноконтурный отвод 45° Дымоход Трейд для смещения дымохода","ADD"
"21.08.2026","https://dimohod-trade.pro/product/odnostennyi-otvod-45-gr-d200","200","SEARCHABLE","https://dimohod-trade.pro/product/odnostennyi-otvod-45-gr-d200","16.08.2026","Одноконтурный отвод 45° Дымоход Трейд для смещения дымохода","ADD"
"21.08.2026","https://dimohod-trade.pro/product/odnostennyi-otvod-45-gr-d210","200","SEARCHABLE","https://dimohod-trade.pro/product/odnostennyi-otvod-45-gr-d210","16.08.2026","Одноконтурный отвод 45° Дымоход Трейд для смещения дымохода","ADD"
"21.08.2026","https://dimohod-trade.pro/product/odnostennyi-otvod-45-gr-d220","200","SEARCHABLE","https://dimohod-trade.pro/product/odnostennyi-otvod-45-gr-d220","16.08.2026","Одноконтурный отвод 45° Дымоход Трейд для смещения дымохода","ADD"
"21.08.2026","https://dimohod-trade.pro/product/odnostennyi-otvod-45-gr-d230","200","SEARCHABLE","https://dimohod-trade.pro/product/odnostennyi-otvod-45-gr-d230","16.08.2026","Одноконтурный отвод 45° Дымоход Трейд для смещения дымохода","ADD"
"21.08.2026","https://dimohod-trade.pro/product/odnostennyi-otvod-45-gr-d250","200","SEARCHABLE","https://dimohod-trade.pro/product/odnostennyi-otvod-45-gr-d250","16.08.2026","Одноконтурный отвод 45° Дымоход Трейд для смещения дымохода","ADD"
"21.08.2026","https://dimohod-trade.pro/product/odnostennyi-otvod-45-gr-d280","200","SEARCHABLE","https://dimohod-trade.pro/product/odnostennyi-otvod-45-gr-d280","16.08.2026","Одноконтурный отвод 45° Дымоход Трейд для смещения дымохода","ADD"
"21.08.2026","https://dimohod-trade.pro/product/odnostennyi-otvod-45-gr-d300","200","SEARCHABLE","https://dimohod-trade.pro/product/odnostennyi-otvod-45-gr-d300","16.08.2026","Одноконтурный отвод 45° Дымоход Трейд для смещения дымохода","ADD"
"21.08.2026","https://dimohod-trade.pro/product/odnostennyi-otvod-90-gr-d100","200","SEARCHABLE","https://dimohod-trade.pro/product/odnostennyi-otvod-90-gr-d100","16.08.2026","Дымоход Трейд: Одноконтурный отвод 90° для поворота системы на 90°","ADD"
"21.08.2026","https://dimohod-trade.pro/product/odnostennyi-otvod-90-gr-d110","200","SEARCHABLE","https://dimohod-trade.pro/product/odnostennyi-otvod-90-gr-d110","16.08.2026","Дымоход Трейд: Одноконтурный отвод 90° для поворота системы на 90°","ADD"
"21.08.2026","https://dimohod-trade.pro/product/odnostennyi-otvod-90-gr-d130","200","SEARCHABLE","https://dimohod-trade.pro/product/odnostennyi-otvod-90-gr-d130","16.08.2026","Дымоход Трейд: Одноконтурный отвод 90° для поворота системы на 90°","ADD"
"21.08.2026","https://dimohod-trade.pro/product/odnostennyi-otvod-90-gr-d140","200","SEARCHABLE","https://dimohod-trade.pro/product/odnostennyi-otvod-90-gr-d140","16.08.2026","Дымоход Трейд: Одноконтурный отвод 90° для поворота системы на 90°","ADD"
"21.08.2026","https://dimohod-trade.pro/product/odnostennyi-otvod-90-gr-d150","200","SEARCHABLE","https://dimohod-trade.pro/product/odnostennyi-otvod-90-gr-d150","16.08.2026","Дымоход Трейд: Одноконтурный отвод 90° для поворота системы на 90°","ADD"
"21.08.2026","https://dimohod-trade.pro/product/odnostennyi-otvod-90-gr-d160","200","SEARCHABLE","https://dimohod-trade.pro/product/odnostennyi-otvod-90-gr-d160","16.08.2026","Дымоход Трейд: Одноконтурный отвод 90° для поворота системы на 90°","ADD"
"21.08.2026","https://dimohod-trade.pro/product/odnostennyi-otvod-90-gr-d180","200","SEARCHABLE","https://dimohod-trade.pro/product/odnostennyi-otvod-90-gr-d180","16.08.2026","Дымоход Трейд: Одноконтурный отвод 90° для поворота системы на 90°","ADD"
"21.08.2026","https://dimohod-trade.pro/product/odnostennyi-otvod-90-gr-d200","200","SEARCHABLE","https://dimohod-trade.pro/product/odnostennyi-otvod-90-gr-d200","16.08.2026","Дымоход Трейд: Одноконтурный отвод 90° для поворота системы на 90°","ADD"
"21.08.2026","https://dimohod-trade.pro/product/odnostennyi-otvod-90-gr-d210","200","SEARCHABLE","https://dimohod-trade.pro/product/odnostennyi-otvod-90-gr-d210","16.08.2026","Дымоход Трейд: Одноконтурный отвод 90° для поворота системы на 90°","ADD"
"21.08.2026","https://dimohod-trade.pro/product/odnostennyi-otvod-90-gr-d220","200","SEARCHABLE","https://dimohod-trade.pro/product/odnostennyi-otvod-90-gr-d220","16.08.2026","Дымоход Трейд: Одноконтурный отвод 90° для поворота системы на 90°","ADD"
"21.08.2026","https://dimohod-trade.pro/product/odnostennyi-otvod-90-gr-d230","200","SEARCHABLE","https://dimohod-trade.pro/product/odnostennyi-otvod-90-gr-d230","16.08.2026","Дымоход Трейд: Одноконтурный отвод 90° для поворота системы на 90°","ADD"
"21.08.2026","https://dimohod-trade.pro/product/odnostennyi-otvod-90-gr-d250","200","SEARCHABLE","https://dimohod-trade.pro/product/odnostennyi-otvod-90-gr-d250","16.08.2026","Дымоход Трейд: Одноконтурный отвод 90° для поворота системы на 90°","ADD"
"21.08.2026","https://dimohod-trade.pro/product/odnostennyi-otvod-90-gr-d280","200","SEARCHABLE","https://dimohod-trade.pro/product/odnostennyi-otvod-90-gr-d280","16.08.2026","Дымоход Трейд: Одноконтурный отвод 90° для поворота системы на 90°","ADD"
"21.08.2026","https://dimohod-trade.pro/product/odnostennyi-otvod-90-gr-d300","200","SEARCHABLE","https://dimohod-trade.pro/product/odnostennyi-otvod-90-gr-d300","16.08.2026","Дымоход Трейд: Одноконтурный отвод 90° для поворота системы на 90°","ADD"
"21.08.2026","https://dimohod-trade.pro/product/odnostennyi-shiber-povorotnyi-d100","200","SEARCHABLE","https://dimohod-trade.pro/product/odnostennyi-shiber-povorotnyi-d100","16.08.2026","Одноконтурный шибер Дымоход Трейд для регулировки тяги","ADD"
"21.08.2026","https://dimohod-trade.pro/product/odnostennyi-shiber-povorotnyi-d110","200","SEARCHABLE","https://dimohod-trade.pro/product/odnostennyi-shiber-povorotnyi-d110","16.08.2026","Одноконтурный шибер Дымоход Трейд для регулировки тяги","ADD"
"21.08.2026","https://dimohod-trade.pro/product/odnostennyi-shiber-povorotnyi-d120","200","SEARCHABLE","https://dimohod-trade.pro/product/odnostennyi-shiber-povorotnyi-d120","16.08.2026","Одноконтурный шибер Дымоход Трейд для регулировки тяги","ADD"
"21.08.2026","https://dimohod-trade.pro/product/odnostennyi-shiber-povorotnyi-d130","200","SEARCHABLE","https://dimohod-trade.pro/product/odnostennyi-shiber-povorotnyi-d130","16.08.2026","Одноконтурный шибер Дымоход Трейд для регулировки тяги","ADD"
"21.08.2026","https://dimohod-trade.pro/product/odnostennyi-shiber-povorotnyi-d140","200","SEARCHABLE","https://dimohod-trade.pro/product/odnostennyi-shiber-povorotnyi-d140","16.08.2026","Одноконтурный шибер Дымоход Трейд для регулировки тяги","ADD"
"21.08.2026","https://dimohod-trade.pro/product/odnostennyi-shiber-povorotnyi-d150","200","SEARCHABLE","https://dimohod-trade.pro/product/odnostennyi-shiber-povorotnyi-d150","16.08.2026","Одноконтурный шибер Дымоход Трейд для регулировки тяги","ADD"
"21.08.2026","https://dimohod-trade.pro/product/odnostennyi-shiber-povorotnyi-d160","200","SEARCHABLE","https://dimohod-trade.pro/product/odnostennyi-shiber-povorotnyi-d160","16.08.2026","Одноконтурный шибер Дымоход Трейд для регулировки тяги","ADD"
"21.08.2026","https://dimohod-trade.pro/product/odnostennyi-shiber-povorotnyi-d180","200","SEARCHABLE","https://dimohod-trade.pro/product/odnostennyi-shiber-povorotnyi-d180","16.08.2026","Одноконтурный шибер Дымоход Трейд для регулировки тяги","ADD"
"21.08.2026","https://dimohod-trade.pro/product/odnostennyi-shiber-povorotnyi-d200","200","SEARCHABLE","https://dimohod-trade.pro/product/odnostennyi-shiber-povorotnyi-d200","16.08.2026","Одноконтурный шибер Дымоход Трейд для регулировки тяги","ADD"
"21.08.2026","https://dimohod-trade.pro/product/odnostennyi-shiber-povorotnyi-d210","200","SEARCHABLE","https://dimohod-trade.pro/product/odnostennyi-shiber-povorotnyi-d210","16.08.2026","Одноконтурный шибер Дымоход Трейд для регулировки тяги","ADD"
"21.08.2026","https://dimohod-trade.pro/product/odnostennyi-shiber-povorotnyi-d220","200","SEARCHABLE","https://dimohod-trade.pro/product/odnostennyi-shiber-povorotnyi-d220","16.08.2026","Одноконтурный шибер Дымоход Трейд для регулировки тяги","ADD"
"21.08.2026","https://dimohod-trade.pro/product/odnostennyi-shiber-povorotnyi-d230","200","SEARCHABLE","https://dimohod-trade.pro/product/odnostennyi-shiber-povorotnyi-d230","16.08.2026","Одноконтурный шибер Дымоход Трейд для регулировки тяги","ADD"
"21.08.2026","https://dimohod-trade.pro/product/odnostennyi-shiber-povorotnyi-d250","200","SEARCHABLE","https://dimohod-trade.pro/product/odnostennyi-shiber-povorotnyi-d250","16.08.2026","Одноконтурный шибер Дымоход Трейд для регулировки тяги","ADD"
"21.08.2026","https://dimohod-trade.pro/product/odnostennyi-shiber-povorotnyi-d280","200","SEARCHABLE","https://dimohod-trade.pro/product/odnostennyi-shiber-povorotnyi-d280","16.08.2026","Одноконтурный шибер Дымоход Трейд для регулировки тяги","ADD"
"21.08.2026","https://dimohod-trade.pro/product/odnostennyi-shiber-povorotnyi-d300","200","SEARCHABLE","https://dimohod-trade.pro/product/odnostennyi-shiber-povorotnyi-d300","16.08.2026","Одноконтурный шибер Дымоход Трейд для регулировки тяги","ADD"
"21.08.2026","https://dimohod-trade.pro/product/odnostennyi-shiber-vydvizh-d100","200","SEARCHABLE","https://dimohod-trade.pro/product/odnostennyi-shiber-vydvizh-d100","16.08.2026","Одноконтурный шибер выдвижной 100 мм — купить | Дымоход Трейд","ADD"
"21.08.2026","https://dimohod-trade.pro/product/odnostennyi-shiber-vydvizh-d110","200","SEARCHABLE","https://dimohod-trade.pro/product/odnostennyi-shiber-vydvizh-d110","16.08.2026","Одноконтурный шибер выдвижной 110 мм — купить | Дымоход Трейд","ADD"
"21.08.2026","https://dimohod-trade.pro/product/odnostennyi-shiber-vydvizh-d120","200","SEARCHABLE","https://dimohod-trade.pro/product/odnostennyi-shiber-vydvizh-d120","16.08.2026","Одноконтурный шибер выдвижной 120 мм — купить | Дымоход Трейд","ADD"
"21.08.2026","https://dimohod-trade.pro/product/odnostennyi-shiber-vydvizh-d130","200","SEARCHABLE","https://dimohod-trade.pro/product/odnostennyi-shiber-vydvizh-d130","16.08.2026","Одноконтурный шибер выдвижной 130 мм — купить | Дымоход Трейд","ADD"
"21.08.2026","https://dimohod-trade.pro/product/odnostennyi-shiber-vydvizh-d140","200","SEARCHABLE","https://dimohod-trade.pro/product/odnostennyi-shiber-vydvizh-d140","16.08.2026","Одноконтурный шибер выдвижной 140 мм — купить | Дымоход Трейд","ADD"
"21.08.2026","https://dimohod-trade.pro/product/odnostennyi-shiber-vydvizh-d150","200","SEARCHABLE","https://dimohod-trade.pro/product/odnostennyi-shiber-vydvizh-d150","16.08.2026","Одноконтурный шибер выдвижной 150 мм — купить | Дымоход Трейд","ADD"
"21.08.2026","https://dimohod-trade.pro/product/odnostennyi-shiber-vydvizh-d160","200","SEARCHABLE","https://dimohod-trade.pro/product/odnostennyi-shiber-vydvizh-d160","16.08.2026","Одноконтурный шибер выдвижной 160 мм — купить | Дымоход Трейд","ADD"
"21.08.2026","https://dimohod-trade.pro/product/odnostennyi-shiber-vydvizh-d180","200","SEARCHABLE","https://dimohod-trade.pro/product/odnostennyi-shiber-vydvizh-d180","16.08.2026","Одноконтурный шибер выдвижной 180 мм — купить | Дымоход Трейд","ADD"
"21.08.2026","https://dimohod-trade.pro/product/odnostennyi-shiber-vydvizh-d200","200","SEARCHABLE","https://dimohod-trade.pro/product/odnostennyi-shiber-vydvizh-d200","16.08.2026","Одноконтурный шибер выдвижной 200 мм — купить | Дымоход Трейд","ADD"
"21.08.2026","https://dimohod-trade.pro/product/odnostennyi-shiber-vydvizh-d210","200","SEARCHABLE","https://dimohod-trade.pro/product/odnostennyi-shiber-vydvizh-d210","16.08.2026","Одноконтурный шибер выдвижной 210 мм — купить | Дымоход Трейд","ADD"
"21.08.2026","https://dimohod-trade.pro/product/odnostennyi-shiber-vydvizh-d220","200","SEARCHABLE","https://dimohod-trade.pro/product/odnostennyi-shiber-vydvizh-d220","16.08.2026","Одноконтурный шибер выдвижной 220 мм — купить | Дымоход Трейд","ADD"
"21.08.2026","https://dimohod-trade.pro/product/odnostennyi-shiber-vydvizh-d230","200","SEARCHABLE","https://dimohod-trade.pro/product/odnostennyi-shiber-vydvizh-d230","16.08.2026","Одноконтурный шибер выдвижной 230 мм — купить | Дымоход Трейд","ADD"
"21.08.2026","https://dimohod-trade.pro/product/odnostennyi-shiber-vydvizh-d250","200","SEARCHABLE","https://dimohod-trade.pro/product/odnostennyi-shiber-vydvizh-d250","16.08.2026","Одноконтурный шибер выдвижной 250 мм — купить | Дымоход Трейд","ADD"
"21.08.2026","https://dimohod-trade.pro/product/odnostennyi-shiber-vydvizh-d280","200","SEARCHABLE","https://dimohod-trade.pro/product/odnostennyi-shiber-vydvizh-d280","16.08.2026","Одноконтурный шибер выдвижной 280 мм — купить | Дымоход Трейд","ADD"
"21.08.2026","https://dimohod-trade.pro/product/odnostennyi-shiber-vydvizh-d300","200","SEARCHABLE","https://dimohod-trade.pro/product/odnostennyi-shiber-vydvizh-d300","16.08.2026","Одноконтурный шибер выдвижной 300 мм — купить | Дымоход Трейд","ADD"
"21.08.2026","https://dimohod-trade.pro/product/odnostennyi-troi-nik-s-k-o-45gr-d100","200","SEARCHABLE","https://dimohod-trade.pro/product/odnostennyi-troi-nik-s-k-o-45gr-d100","16.08.2026","Одноконтурный тройник с К/О 45° 100 мм — купить | Дымоход Трейд","ADD"
"21.08.2026","https://dimohod-trade.pro/product/odnostennyi-troi-nik-s-k-o-45gr-d110","200","SEARCHABLE","https://dimohod-trade.pro/product/odnostennyi-troi-nik-s-k-o-45gr-d110","16.08.2026","Одноконтурный тройник с К/О 45° 110 мм — купить | Дымоход Трейд","ADD"
"21.08.2026","https://dimohod-trade.pro/product/odnostennyi-troi-nik-s-k-o-45gr-d120","200","SEARCHABLE","https://dimohod-trade.pro/product/odnostennyi-troi-nik-s-k-o-45gr-d120","16.08.2026","Одноконтурный тройник с К/О 45° 120 мм — купить | Дымоход Трейд","ADD"
"21.08.2026","https://dimohod-trade.pro/product/odnostennyi-troi-nik-s-k-o-45gr-d130","200","SEARCHABLE","https://dimohod-trade.pro/product/odnostennyi-troi-nik-s-k-o-45gr-d130","16.08.2026","Одноконтурный тройник с К/О 45° 130 мм — купить | Дымоход Трейд","ADD"
"21.08.2026","https://dimohod-trade.pro/product/odnostennyi-troi-nik-s-k-o-45gr-d140","200","SEARCHABLE","https://dimohod-trade.pro/product/odnostennyi-troi-nik-s-k-o-45gr-d140","16.08.2026","Одноконтурный тройник с К/О 45° 140 мм — купить | Дымоход Трейд","ADD"
"21.08.2026","https://dimohod-trade.pro/product/odnostennyi-troi-nik-s-k-o-45gr-d150","200","SEARCHABLE","https://dimohod-trade.pro/product/odnostennyi-troi-nik-s-k-o-45gr-d150","16.08.2026","Одноконтурный тройник с К/О 45° 150 мм — купить | Дымоход Трейд","ADD"
"21.08.2026","https://dimohod-trade.pro/product/odnostennyi-troi-nik-s-k-o-45gr-d160","200","SEARCHABLE","https://dimohod-trade.pro/product/odnostennyi-troi-nik-s-k-o-45gr-d160","16.08.2026","Одноконтурный тройник с К/О 45° 160 мм — купить | Дымоход Трейд","ADD"
"21.08.2026","https://dimohod-trade.pro/product/odnostennyi-troi-nik-s-k-o-45gr-d180","200","SEARCHABLE","https://dimohod-trade.pro/product/odnostennyi-troi-nik-s-k-o-45gr-d180","16.08.2026","Одноконтурный тройник с К/О 45° 180 мм — купить | Дымоход Трейд","ADD"
"21.08.2026","https://dimohod-trade.pro/product/odnostennyi-troi-nik-s-k-o-45gr-d200","200","SEARCHABLE","https://dimohod-trade.pro/product/odnostennyi-troi-nik-s-k-o-45gr-d200","16.08.2026","Одноконтурный тройник с К/О 45° 200 мм — купить | Дымоход Трейд","ADD"
"21.08.2026","https://dimohod-trade.pro/product/odnostennyi-troi-nik-s-k-o-45gr-d210","200","SEARCHABLE","https://dimohod-trade.pro/product/odnostennyi-troi-nik-s-k-o-45gr-d210","16.08.2026","Одноконтурный тройник с К/О 45° 210 мм — купить | Дымоход Трейд","ADD"
"21.08.2026","https://dimohod-trade.pro/product/odnostennyi-troi-nik-s-k-o-45gr-d220","200","SEARCHABLE","https://dimohod-trade.pro/product/odnostennyi-troi-nik-s-k-o-45gr-d220","16.08.2026","Одноконтурный тройник с К/О 45° 220 мм — купить | Дымоход Трейд","ADD"
"21.08.2026","https://dimohod-trade.pro/product/odnostennyi-troi-nik-s-k-o-45gr-d230","200","SEARCHABLE","https://dimohod-trade.pro/product/odnostennyi-troi-nik-s-k-o-45gr-d230","16.08.2026","Одноконтурный тройник с К/О 45° 230 мм — купить | Дымоход Трейд","ADD"
"21.08.2026","https://dimohod-trade.pro/product/odnostennyi-troi-nik-s-k-o-45gr-d250","200","SEARCHABLE","https://dimohod-trade.pro/product/odnostennyi-troi-nik-s-k-o-45gr-d250","16.08.2026","Одноконтурный тройник с К/О 45° 250 мм — купить | Дымоход Трейд","ADD"
"21.08.2026","https://dimohod-trade.pro/product/odnostennyi-troi-nik-s-k-o-45gr-d280","200","SEARCHABLE","https://dimohod-trade.pro/product/odnostennyi-troi-nik-s-k-o-45gr-d280","16.08.2026","Одноконтурный тройник с К/О 45° 280 мм — купить | Дымоход Трейд","ADD"
"21.08.2026","https://dimohod-trade.pro/product/odnostennyi-troi-nik-s-k-o-45gr-d300","200","SEARCHABLE","https://dimohod-trade.pro/product/odnostennyi-troi-nik-s-k-o-45gr-d300","16.08.2026","Одноконтурный тройник с К/О 45° 300 мм — купить | Дымоход Трейд","ADD"
"21.08.2026","https://dimohod-trade.pro/product/odnostennyi-troi-nik-s-k-o-90gr-d100","200","SEARCHABLE","https://dimohod-trade.pro/product/odnostennyi-troi-nik-s-k-o-90gr-d100","16.08.2026","Дымоход Трейд: одноконтурный тройник 90° для дымохода","ADD"
"21.08.2026","https://dimohod-trade.pro/product/odnostennyi-troi-nik-s-k-o-90gr-d110","200","SEARCHABLE","https://dimohod-trade.pro/product/odnostennyi-troi-nik-s-k-o-90gr-d110","16.08.2026","Дымоход Трейд: одноконтурный тройник 90° для дымохода","ADD"
"21.08.2026","https://dimohod-trade.pro/product/odnostennyi-troi-nik-s-k-o-90gr-d120","200","SEARCHABLE","https://dimohod-trade.pro/product/odnostennyi-troi-nik-s-k-o-90gr-d120","16.08.2026","Дымоход Трейд: одноконтурный тройник 90° для дымохода","ADD"
"21.08.2026","https://dimohod-trade.pro/product/odnostennyi-troi-nik-s-k-o-90gr-d130","200","SEARCHABLE","https://dimohod-trade.pro/product/odnostennyi-troi-nik-s-k-o-90gr-d130","16.08.2026","Дымоход Трейд: одноконтурный тройник 90° для дымохода","ADD"
"21.08.2026","https://dimohod-trade.pro/product/odnostennyi-troi-nik-s-k-o-90gr-d140","200","SEARCHABLE","https://dimohod-trade.pro/product/odnostennyi-troi-nik-s-k-o-90gr-d140","16.08.2026","Дымоход Трейд: одноконтурный тройник 90° для дымохода","ADD"
"21.08.2026","https://dimohod-trade.pro/product/odnostennyi-troi-nik-s-k-o-90gr-d150","200","SEARCHABLE","https://dimohod-trade.pro/product/odnostennyi-troi-nik-s-k-o-90gr-d150","16.08.2026","Дымоход Трейд: одноконтурный тройник 90° для дымохода","ADD"
"21.08.2026","https://dimohod-trade.pro/product/odnostennyi-troi-nik-s-k-o-90gr-d160","200","SEARCHABLE","https://dimohod-trade.pro/product/odnostennyi-troi-nik-s-k-o-90gr-d160","16.08.2026","Дымоход Трейд: одноконтурный тройник 90° для дымохода","ADD"
"21.08.2026","https://dimohod-trade.pro/product/odnostennyi-troi-nik-s-k-o-90gr-d180","200","SEARCHABLE","https://dimohod-trade.pro/product/odnostennyi-troi-nik-s-k-o-90gr-d180","16.08.2026","Дымоход Трейд: одноконтурный тройник 90° для дымохода","ADD"
"21.08.2026","https://dimohod-trade.pro/product/odnostennyi-troi-nik-s-k-o-90gr-d200","200","SEARCHABLE","https://dimohod-trade.pro/product/odnostennyi-troi-nik-s-k-o-90gr-d200","16.08.2026","Дымоход Трейд: одноконтурный тройник 90° для дымохода","ADD"
"21.08.2026","https://dimohod-trade.pro/product/odnostennyi-troi-nik-s-k-o-90gr-d210","200","SEARCHABLE","https://dimohod-trade.pro/product/odnostennyi-troi-nik-s-k-o-90gr-d210","16.08.2026","Дымоход Трейд: одноконтурный тройник 90° для дымохода","ADD"
"21.08.2026","https://dimohod-trade.pro/product/odnostennyi-troi-nik-s-k-o-90gr-d220","200","SEARCHABLE","https://dimohod-trade.pro/product/odnostennyi-troi-nik-s-k-o-90gr-d220","16.08.2026","Дымоход Трейд: одноконтурный тройник 90° для дымохода","ADD"
"21.08.2026","https://dimohod-trade.pro/product/odnostennyi-troi-nik-s-k-o-90gr-d230","200","SEARCHABLE","https://dimohod-trade.pro/product/odnostennyi-troi-nik-s-k-o-90gr-d230","16.08.2026","Дымоход Трейд: одноконтурный тройник 90° для дымохода","ADD"
"21.08.2026","https://dimohod-trade.pro/product/odnostennyi-troi-nik-s-k-o-90gr-d250","200","SEARCHABLE","https://dimohod-trade.pro/product/odnostennyi-troi-nik-s-k-o-90gr-d250","16.08.2026","Дымоход Трейд: одноконтурный тройник 90° для дымохода","ADD"
"21.08.2026","https://dimohod-trade.pro/product/odnostennyi-troi-nik-s-k-o-90gr-d280","200","SEARCHABLE","https://dimohod-trade.pro/product/odnostennyi-troi-nik-s-k-o-90gr-d280","16.08.2026","Дымоход Трейд: одноконтурный тройник 90° для дымохода","ADD"
"21.08.2026","https://dimohod-trade.pro/product/odnostennyi-troi-nik-s-k-o-90gr-d300","200","SEARCHABLE","https://dimohod-trade.pro/product/odnostennyi-troi-nik-s-k-o-90gr-d300","16.08.2026","Дымоход Трейд: одноконтурный тройник 90° для дымохода","ADD"
"21.08.2026","https://dimohod-trade.pro/product/odnostennyi-truba-d100","200","SEARCHABLE","https://dimohod-trade.pro/product/odnostennyi-truba-d100","16.08.2026","Одноконтурная труба Дымоход Трейд для стартового участка","ADD"
"21.08.2026","https://dimohod-trade.pro/product/odnostennyi-truba-d110","200","SEARCHABLE","https://dimohod-trade.pro/product/odnostennyi-truba-d110","16.08.2026","Одноконтурная труба Дымоход Трейд для стартового участка","ADD"
"21.08.2026","https://dimohod-trade.pro/product/odnostennyi-truba-d120","200","SEARCHABLE","https://dimohod-trade.pro/product/odnostennyi-truba-d120","16.08.2026","Одноконтурная труба Дымоход Трейд для стартового участка","ADD"
"21.08.2026","https://dimohod-trade.pro/product/odnostennyi-truba-d130","200","SEARCHABLE","https://dimohod-trade.pro/product/odnostennyi-truba-d130","16.08.2026","Одноконтурная труба Дымоход Трейд для стартового участка","ADD"
"21.08.2026","https://dimohod-trade.pro/product/odnostennyi-truba-d140","200","SEARCHABLE","https://dimohod-trade.pro/product/odnostennyi-truba-d140","16.08.2026","Одноконтурная труба Дымоход Трейд для стартового участка","ADD"
"21.08.2026","https://dimohod-trade.pro/product/odnostennyi-truba-d150","200","SEARCHABLE","https://dimohod-trade.pro/product/odnostennyi-truba-d150","16.08.2026","Одноконтурная труба Дымоход Трейд для стартового участка","ADD"
"21.08.2026","https://dimohod-trade.pro/product/odnostennyi-truba-d160","200","SEARCHABLE","https://dimohod-trade.pro/product/odnostennyi-truba-d160","16.08.2026","Одноконтурная труба Дымоход Трейд для стартового участка","ADD"
"21.08.2026","https://dimohod-trade.pro/product/odnostennyi-truba-d180","200","SEARCHABLE","https://dimohod-trade.pro/product/odnostennyi-truba-d180","16.08.2026","Одноконтурная труба Дымоход Трейд для стартового участка","ADD"
"21.08.2026","https://dimohod-trade.pro/product/odnostennyi-truba-d200","200","SEARCHABLE","https://dimohod-trade.pro/product/odnostennyi-truba-d200","16.08.2026","Одноконтурная труба Дымоход Трейд для стартового участка","ADD"
"21.08.2026","https://dimohod-trade.pro/product/odnostennyi-truba-d210","200","SEARCHABLE","https://dimohod-trade.pro/product/odnostennyi-truba-d210","16.08.2026","Одноконтурная труба Дымоход Трейд для стартового участка","ADD"
"21.08.2026","https://dimohod-trade.pro/product/odnostennyi-truba-d220","200","SEARCHABLE","https://dimohod-trade.pro/product/odnostennyi-truba-d220","16.08.2026","Одноконтурная труба Дымоход Трейд для стартового участка","ADD"
"21.08.2026","https://dimohod-trade.pro/product/odnostennyi-truba-d230","200","SEARCHABLE","https://dimohod-trade.pro/product/odnostennyi-truba-d230","16.08.2026","Одноконтурная труба Дымоход Трейд для стартового участка","ADD"
"21.08.2026","https://dimohod-trade.pro/product/odnostennyi-truba-d250","200","SEARCHABLE","https://dimohod-trade.pro/product/odnostennyi-truba-d250","16.08.2026","Одноконтурная труба Дымоход Трейд для стартового участка","ADD"
"21.08.2026","https://dimohod-trade.pro/product/odnostennyi-truba-d280","200","SEARCHABLE","https://dimohod-trade.pro/product/odnostennyi-truba-d280","16.08.2026","Одноконтурная труба Дымоход Трейд для стартового участка","ADD"
"21.08.2026","https://dimohod-trade.pro/product/odnostennyi-truba-d300","200","SEARCHABLE","https://dimohod-trade.pro/product/odnostennyi-truba-d300","16.08.2026","Одноконтурная труба Дымоход Трейд для стартового участка","ADD"
"21.08.2026","https://dimohod-trade.pro/product/odnostennyy-reviziya-prochistka-d100","200","SEARCHABLE","https://dimohod-trade.pro/product/odnostennyy-reviziya-prochistka-d100","16.08.2026","Прочистка 100 мм — купить | Дымоход Трейд","ADD"
"21.08.2026","https://dimohod-trade.pro/product/odnostennyy-reviziya-prochistka-d110","200","SEARCHABLE","https://dimohod-trade.pro/product/odnostennyy-reviziya-prochistka-d110","16.08.2026","Прочистка 110 мм — купить | Дымоход Трейд","ADD"
"21.08.2026","https://dimohod-trade.pro/product/odnostennyy-reviziya-prochistka-d120","200","SEARCHABLE","https://dimohod-trade.pro/product/odnostennyy-reviziya-prochistka-d120","16.08.2026","Прочистка 120 мм — купить | Дымоход Трейд","ADD"
"21.08.2026","https://dimohod-trade.pro/product/odnostennyy-reviziya-prochistka-d130","200","SEARCHABLE","https://dimohod-trade.pro/product/odnostennyy-reviziya-prochistka-d130","16.08.2026","Прочистка 130 мм — купить | Дымоход Трейд","ADD"
"21.08.2026","https://dimohod-trade.pro/product/odnostennyy-reviziya-prochistka-d140","200","SEARCHABLE","https://dimohod-trade.pro/product/odnostennyy-reviziya-prochistka-d140","16.08.2026","Прочистка 140 мм — купить | Дымоход Трейд","ADD"
"21.08.2026","https://dimohod-trade.pro/product/odnostennyy-reviziya-prochistka-d150","200","SEARCHABLE","https://dimohod-trade.pro/product/odnostennyy-reviziya-prochistka-d150","16.08.2026","Прочистка 150 мм — купить | Дымоход Трейд","ADD"
"21.08.2026","https://dimohod-trade.pro/product/odnostennyy-reviziya-prochistka-d160","200","SEARCHABLE","https://dimohod-trade.pro/product/odnostennyy-reviziya-prochistka-d160","16.08.2026","Прочистка 160 мм — купить | Дымоход Трейд","ADD"
"21.08.2026","https://dimohod-trade.pro/product/odnostennyy-reviziya-prochistka-d180","200","SEARCHABLE","https://dimohod-trade.pro/product/odnostennyy-reviziya-prochistka-d180","16.08.2026","Прочистка 180 мм — купить | Дымоход Трейд","ADD"
"21.08.2026","https://dimohod-trade.pro/product/odnostennyy-reviziya-prochistka-d200","200","SEARCHABLE","https://dimohod-trade.pro/product/odnostennyy-reviziya-prochistka-d200","16.08.2026","Прочистка 200 мм — купить | Дымоход Трейд","ADD"
"21.08.2026","https://dimohod-trade.pro/product/odnostennyy-reviziya-prochistka-d210","200","SEARCHABLE","https://dimohod-trade.pro/product/odnostennyy-reviziya-prochistka-d210","16.08.2026","Прочистка 210 мм — купить | Дымоход Трейд","ADD"
"21.08.2026","https://dimohod-trade.pro/product/odnostennyy-reviziya-prochistka-d220","200","SEARCHABLE","https://dimohod-trade.pro/product/odnostennyy-reviziya-prochistka-d220","16.08.2026","Прочистка 220 мм — купить | Дымоход Трейд","ADD"
"21.08.2026","https://dimohod-trade.pro/product/odnostennyy-reviziya-prochistka-d230","200","SEARCHABLE","https://dimohod-trade.pro/product/odnostennyy-reviziya-prochistka-d230","16.08.2026","Прочистка 230 мм — купить | Дымоход Трейд","ADD"
"21.08.2026","https://dimohod-trade.pro/product/odnostennyy-reviziya-prochistka-d250","200","SEARCHABLE","https://dimohod-trade.pro/product/odnostennyy-reviziya-prochistka-d250","16.08.2026","Прочистка 250 мм — купить | Дымоход Трейд","ADD"
"21.08.2026","https://dimohod-trade.pro/product/odnostennyy-reviziya-prochistka-d280","200","SEARCHABLE","https://dimohod-trade.pro/product/odnostennyy-reviziya-prochistka-d280","16.08.2026","Прочистка 280 мм — купить | Дымоход Трейд","ADD"
"21.08.2026","https://dimohod-trade.pro/product/odnostennyy-reviziya-prochistka-d300","200","SEARCHABLE","https://dimohod-trade.pro/product/odnostennyy-reviziya-prochistka-d300","16.08.2026","Прочистка 300 мм — купить | Дымоход Трейд","ADD"
"21.08.2026","https://dimohod-trade.pro/product/prohodnoy-stakan","200","SEARCHABLE","https://dimohod-trade.pro/product/prohodnoy-stakan","16.08.2026","Проходной стакан Дымоход Трейд для стен и перекрытий","ADD"
"21.08.2026","https://dimohod-trade.pro/product/prohodnoy-uzel-krovli-upk-do-45","200","SEARCHABLE","https://dimohod-trade.pro/product/prohodnoy-uzel-krovli-upk-do-45","16.08.2026","Дымоход Трейд — проходной узел кровли до 45°","ADD"
"21.08.2026","https://dimohod-trade.pro/product/sendvich-chetvernik-s-k-o-90gr-d100-200","200","SEARCHABLE","https://dimohod-trade.pro/product/sendvich-chetvernik-s-k-o-90gr-d100-200","16.08.2026","Сэндвич-четверник с К/О 90° 100×200 мм — купить | Дымоход Трейд","ADD"
"21.08.2026","https://dimohod-trade.pro/product/sendvich-chetvernik-s-k-o-90gr-d110-210","200","SEARCHABLE","https://dimohod-trade.pro/product/sendvich-chetvernik-s-k-o-90gr-d110-210","16.08.2026","Сэндвич-четверник с К/О 90° 110×210 мм — купить | Дымоход Трейд","ADD"
"21.08.2026","https://dimohod-trade.pro/product/sendvich-chetvernik-s-k-o-90gr-d120-220","200","SEARCHABLE","https://dimohod-trade.pro/product/sendvich-chetvernik-s-k-o-90gr-d120-220","16.08.2026","Сэндвич-четверник с К/О 90° 120×220 мм — купить | Дымоход Трейд","ADD"
"21.08.2026","https://dimohod-trade.pro/product/sendvich-chetvernik-s-k-o-90gr-d130-230","200","SEARCHABLE","https://dimohod-trade.pro/product/sendvich-chetvernik-s-k-o-90gr-d130-230","16.08.2026","Сэндвич-четверник с К/О 90° 130×230 мм — купить | Дымоход Трейд","ADD"
"21.08.2026","https://dimohod-trade.pro/product/sendvich-chetvernik-s-k-o-90gr-d140-240","200","SEARCHABLE","https://dimohod-trade.pro/product/sendvich-chetvernik-s-k-o-90gr-d140-240","16.08.2026","Сэндвич-четверник с К/О 90° 140×240 мм — купить | Дымоход Трейд","ADD"
"21.08.2026","https://dimohod-trade.pro/product/sendvich-chetvernik-s-k-o-90gr-d150-250","200","SEARCHABLE","https://dimohod-trade.pro/product/sendvich-chetvernik-s-k-o-90gr-d150-250","16.08.2026","Сэндвич-четверник с К/О 90° 150×250 мм — купить | Дымоход Трейд","ADD"
"21.08.2026","https://dimohod-trade.pro/product/sendvich-chetvernik-s-k-o-90gr-d160-260","200","SEARCHABLE","https://dimohod-trade.pro/product/sendvich-chetvernik-s-k-o-90gr-d160-260","16.08.2026","Сэндвич-четверник с К/О 90° 160×260 мм — купить | Дымоход Трейд","ADD"
"21.08.2026","https://dimohod-trade.pro/product/sendvich-chetvernik-s-k-o-90gr-d180-280","200","SEARCHABLE","https://dimohod-trade.pro/product/sendvich-chetvernik-s-k-o-90gr-d180-280","16.08.2026","Сэндвич-четверник с К/О 90° 180×280 мм — купить | Дымоход Трейд","ADD"
"21.08.2026","https://dimohod-trade.pro/product/sendvich-chetvernik-s-k-o-90gr-d200-300","200","SEARCHABLE","https://dimohod-trade.pro/product/sendvich-chetvernik-s-k-o-90gr-d200-300","16.08.2026","Сэндвич-четверник с К/О 90° 200×300 мм — купить | Дымоход Трейд","ADD"
"21.08.2026","https://dimohod-trade.pro/product/sendvich-chetvernik-s-k-o-90gr-d250-350","200","SEARCHABLE","https://dimohod-trade.pro/product/sendvich-chetvernik-s-k-o-90gr-d250-350","16.08.2026","Сэндвич-четверник с К/О 90° 250×350 мм — купить | Дымоход Трейд","ADD"
"21.08.2026","https://dimohod-trade.pro/product/sendvich-chetvernik-s-k-o-90gr-d280-380","200","SEARCHABLE","https://dimohod-trade.pro/product/sendvich-chetvernik-s-k-o-90gr-d280-380","16.08.2026","Сэндвич-четверник с К/О 90° 280×380 мм — купить | Дымоход Трейд","ADD"
"21.08.2026","https://dimohod-trade.pro/product/sendvich-chetvernik-s-k-o-90gr-d300-400","200","SEARCHABLE","https://dimohod-trade.pro/product/sendvich-chetvernik-s-k-o-90gr-d300-400","16.08.2026","Сэндвич-четверник с К/О 90° 300×400 мм — купить | Дымоход Трейд","ADD"
"21.08.2026","https://dimohod-trade.pro/product/sendvich-ogolovok-deflektor-konus-d100-200","200","SEARCHABLE","https://dimohod-trade.pro/product/sendvich-ogolovok-deflektor-konus-d100-200","16.08.2026","Сэндвич-дефлектор-конус Дымоход Трейд для завершения дымохода","ADD"
"21.08.2026","https://dimohod-trade.pro/product/sendvich-ogolovok-deflektor-konus-d110-210","200","SEARCHABLE","https://dimohod-trade.pro/product/sendvich-ogolovok-deflektor-konus-d110-210","16.08.2026","Сэндвич-дефлектор-конус Дымоход Трейд для завершения дымохода","ADD"
"21.08.2026","https://dimohod-trade.pro/product/sendvich-ogolovok-deflektor-konus-d120-220","200","SEARCHABLE","https://dimohod-trade.pro/product/sendvich-ogolovok-deflektor-konus-d120-220","16.08.2026","Сэндвич-дефлектор-конус Дымоход Трейд для завершения дымохода","ADD"
"21.08.2026","https://dimohod-trade.pro/product/sendvich-ogolovok-deflektor-konus-d130-230","200","SEARCHABLE","https://dimohod-trade.pro/product/sendvich-ogolovok-deflektor-konus-d130-230","16.08.2026","Сэндвич-дефлектор-конус Дымоход Трейд для завершения дымохода","ADD"
"21.08.2026","https://dimohod-trade.pro/product/sendvich-ogolovok-deflektor-konus-d140-240","200","SEARCHABLE","https://dimohod-trade.pro/product/sendvich-ogolovok-deflektor-konus-d140-240","16.08.2026","Сэндвич-дефлектор-конус Дымоход Трейд для завершения дымохода","ADD"
"21.08.2026","https://dimohod-trade.pro/product/sendvich-ogolovok-deflektor-konus-d150-250","200","SEARCHABLE","https://dimohod-trade.pro/product/sendvich-ogolovok-deflektor-konus-d150-250","16.08.2026","Сэндвич-дефлектор-конус Дымоход Трейд для завершения дымохода","ADD"
"21.08.2026","https://dimohod-trade.pro/product/sendvich-ogolovok-deflektor-konus-d160-260","200","SEARCHABLE","https://dimohod-trade.pro/product/sendvich-ogolovok-deflektor-konus-d160-260","16.08.2026","Сэндвич-дефлектор-конус Дымоход Трейд для завершения дымохода","ADD"
"21.08.2026","https://dimohod-trade.pro/product/sendvich-ogolovok-deflektor-konus-d180-280","200","SEARCHABLE","https://dimohod-trade.pro/product/sendvich-ogolovok-deflektor-konus-d180-280","16.08.2026","Сэндвич-дефлектор-конус Дымоход Трейд для завершения дымохода","ADD"
"21.08.2026","https://dimohod-trade.pro/product/sendvich-ogolovok-deflektor-konus-d200-300","200","SEARCHABLE","https://dimohod-trade.pro/product/sendvich-ogolovok-deflektor-konus-d200-300","16.08.2026","Сэндвич-дефлектор-конус Дымоход Трейд для завершения дымохода","ADD"
"21.08.2026","https://dimohod-trade.pro/product/sendvich-ogolovok-deflektor-konus-d250-350","200","SEARCHABLE","https://dimohod-trade.pro/product/sendvich-ogolovok-deflektor-konus-d250-350","16.08.2026","Сэндвич-дефлектор-конус Дымоход Трейд для завершения дымохода","ADD"
"21.08.2026","https://dimohod-trade.pro/product/sendvich-ogolovok-deflektor-konus-d280-380","200","SEARCHABLE","https://dimohod-trade.pro/product/sendvich-ogolovok-deflektor-konus-d280-380","16.08.2026","Сэндвич-дефлектор-конус Дымоход Трейд для завершения дымохода","ADD"
"21.08.2026","https://dimohod-trade.pro/product/sendvich-ogolovok-deflektor-konus-d300-400","200","SEARCHABLE","https://dimohod-trade.pro/product/sendvich-ogolovok-deflektor-konus-d300-400","16.08.2026","Сэндвич-дефлектор-конус Дымоход Трейд для завершения дымохода","ADD"
"21.08.2026","https://dimohod-trade.pro/product/sendvich-ogolovok-konus-d100-200","200","SEARCHABLE","https://dimohod-trade.pro/product/sendvich-ogolovok-konus-d100-200","16.08.2026","Сэндвич-оголовок-конус 100×200 мм — купить | Дымоход Трейд ","ADD"
"21.08.2026","https://dimohod-trade.pro/product/sendvich-ogolovok-konus-d110-210","200","SEARCHABLE","https://dimohod-trade.pro/product/sendvich-ogolovok-konus-d110-210","16.08.2026","Сэндвич-оголовок-конус 110×210 мм — купить | Дымоход Трейд ","ADD"
"21.08.2026","https://dimohod-trade.pro/product/sendvich-ogolovok-konus-d120-220","200","SEARCHABLE","https://dimohod-trade.pro/product/sendvich-ogolovok-konus-d120-220","16.08.2026","Сэндвич-оголовок-конус 120×220 мм — купить | Дымоход Трейд ","ADD"
"21.08.2026","https://dimohod-trade.pro/product/sendvich-ogolovok-konus-d130-230","200","SEARCHABLE","https://dimohod-trade.pro/product/sendvich-ogolovok-konus-d130-230","16.08.2026","Сэндвич-оголовок-конус 130×230 мм — купить | Дымоход Трейд ","ADD"
"21.08.2026","https://dimohod-trade.pro/product/sendvich-ogolovok-konus-d140-240","200","SEARCHABLE","https://dimohod-trade.pro/product/sendvich-ogolovok-konus-d140-240","16.08.2026","Сэндвич-оголовок-конус 140×240 мм — купить | Дымоход Трейд ","ADD"
"21.08.2026","https://dimohod-trade.pro/product/sendvich-ogolovok-konus-d150-250","200","SEARCHABLE","https://dimohod-trade.pro/product/sendvich-ogolovok-konus-d150-250","16.08.2026","Сэндвич-оголовок-конус 150×250 мм — купить | Дымоход Трейд ","ADD"
"21.08.2026","https://dimohod-trade.pro/product/sendvich-ogolovok-konus-d160-260","200","SEARCHABLE","https://dimohod-trade.pro/product/sendvich-ogolovok-konus-d160-260","16.08.2026","Сэндвич-оголовок-конус 160×260 мм — купить | Дымоход Трейд ","ADD"
"21.08.2026","https://dimohod-trade.pro/product/sendvich-ogolovok-konus-d180-280","200","SEARCHABLE","https://dimohod-trade.pro/product/sendvich-ogolovok-konus-d180-280","16.08.2026","Сэндвич-оголовок-конус 180×280 мм — купить | Дымоход Трейд ","ADD"
"21.08.2026","https://dimohod-trade.pro/product/sendvich-ogolovok-konus-d200-300","200","SEARCHABLE","https://dimohod-trade.pro/product/sendvich-ogolovok-konus-d200-300","16.08.2026","Сэндвич-оголовок-конус 200×300 мм — купить | Дымоход Трейд ","ADD"
"21.08.2026","https://dimohod-trade.pro/product/sendvich-ogolovok-konus-d250-350","200","SEARCHABLE","https://dimohod-trade.pro/product/sendvich-ogolovok-konus-d250-350","16.08.2026","Сэндвич-оголовок-конус 250×350 мм — купить | Дымоход Трейд ","ADD"
"21.08.2026","https://dimohod-trade.pro/product/sendvich-ogolovok-konus-d280-380","200","SEARCHABLE","https://dimohod-trade.pro/product/sendvich-ogolovok-konus-d280-380","16.08.2026","Сэндвич-оголовок-конус 280×380 мм — купить | Дымоход Трейд ","ADD"
"21.08.2026","https://dimohod-trade.pro/product/sendvich-ogolovok-konus-d300-400","200","SEARCHABLE","https://dimohod-trade.pro/product/sendvich-ogolovok-konus-d300-400","16.08.2026","Сэндвич-оголовок-конус 300×400 мм — купить | Дымоход Трейд ","ADD"
"21.08.2026","https://dimohod-trade.pro/product/sendvich-ogolovok-zont-konus-d100-200","200","SEARCHABLE","https://dimohod-trade.pro/product/sendvich-ogolovok-zont-konus-d100-200","16.08.2026","Сэндвич-зонт-конус 100×200 мм — купить | Дымоход Трейд","ADD"
"21.08.2026","https://dimohod-trade.pro/product/sendvich-ogolovok-zont-konus-d110-210","200","SEARCHABLE","https://dimohod-trade.pro/product/sendvich-ogolovok-zont-konus-d110-210","16.08.2026","Сэндвич-зонт-конус 110×210 мм — купить | Дымоход Трейд","ADD"
"21.08.2026","https://dimohod-trade.pro/product/sendvich-ogolovok-zont-konus-d120-220","200","SEARCHABLE","https://dimohod-trade.pro/product/sendvich-ogolovok-zont-konus-d120-220","16.08.2026","Сэндвич-зонт-конус 120×220 мм — купить | Дымоход Трейд","ADD"
"21.08.2026","https://dimohod-trade.pro/product/sendvich-ogolovok-zont-konus-d130-230","200","SEARCHABLE","https://dimohod-trade.pro/product/sendvich-ogolovok-zont-konus-d130-230","16.08.2026","Сэндвич-зонт-конус 130×230 мм — купить | Дымоход Трейд","ADD"
"21.08.2026","https://dimohod-trade.pro/product/sendvich-ogolovok-zont-konus-d140-240","200","SEARCHABLE","https://dimohod-trade.pro/product/sendvich-ogolovok-zont-konus-d140-240","16.08.2026","Сэндвич-зонт-конус 140×240 мм — купить | Дымоход Трейд","ADD"
"21.08.2026","https://dimohod-trade.pro/product/sendvich-ogolovok-zont-konus-d150-250","200","SEARCHABLE","https://dimohod-trade.pro/product/sendvich-ogolovok-zont-konus-d150-250","16.08.2026","Сэндвич-зонт-конус 150×250 мм — купить | Дымоход Трейд","ADD"
"21.08.2026","https://dimohod-trade.pro/product/sendvich-ogolovok-zont-konus-d160-260","200","SEARCHABLE","https://dimohod-trade.pro/product/sendvich-ogolovok-zont-konus-d160-260","16.08.2026","Сэндвич-зонт-конус 160×260 мм — купить | Дымоход Трейд","ADD"
"21.08.2026","https://dimohod-trade.pro/product/sendvich-ogolovok-zont-konus-d180-280","200","SEARCHABLE","https://dimohod-trade.pro/product/sendvich-ogolovok-zont-konus-d180-280","16.08.2026","Сэндвич-зонт-конус 180×280 мм — купить | Дымоход Трейд","ADD"
"21.08.2026","https://dimohod-trade.pro/product/sendvich-ogolovok-zont-konus-d200-300","200","SEARCHABLE","https://dimohod-trade.pro/product/sendvich-ogolovok-zont-konus-d200-300","16.08.2026","Сэндвич-зонт-конус 200×300 мм — купить | Дымоход Трейд","ADD"
"21.08.2026","https://dimohod-trade.pro/product/sendvich-ogolovok-zont-konus-d250-350","200","SEARCHABLE","https://dimohod-trade.pro/product/sendvich-ogolovok-zont-konus-d250-350","16.08.2026","Сэндвич-зонт-конус 250×350 мм — купить | Дымоход Трейд","ADD"
"21.08.2026","https://dimohod-trade.pro/product/sendvich-ogolovok-zont-konus-d280-380","200","SEARCHABLE","https://dimohod-trade.pro/product/sendvich-ogolovok-zont-konus-d280-380","16.08.2026","Сэндвич-зонт-конус 280×380 мм — купить | Дымоход Трейд","ADD"
"21.08.2026","https://dimohod-trade.pro/product/sendvich-ogolovok-zont-konus-d300-400","200","SEARCHABLE","https://dimohod-trade.pro/product/sendvich-ogolovok-zont-konus-d300-400","16.08.2026","Сэндвич-зонт-конус 300×400 мм — купить | Дымоход Трейд","ADD"
"21.08.2026","https://dimohod-trade.pro/product/sendvich-opornaya-ploschadka-d100-200","200","SEARCHABLE","https://dimohod-trade.pro/product/sendvich-opornaya-ploschadka-d100-200","16.08.2026","Сэндвич-опорная площадка Дымоход Трейд для консоли","ADD"
"21.08.2026","https://dimohod-trade.pro/product/sendvich-opornaya-ploschadka-d110-210","200","SEARCHABLE","https://dimohod-trade.pro/product/sendvich-opornaya-ploschadka-d110-210","16.08.2026","Сэндвич-опорная площадка Дымоход Трейд для консоли","ADD"
"21.08.2026","https://dimohod-trade.pro/product/sendvich-opornaya-ploschadka-d120-220","200","SEARCHABLE","https://dimohod-trade.pro/product/sendvich-opornaya-ploschadka-d120-220","16.08.2026","Сэндвич-опорная площадка Дымоход Трейд для консоли","ADD"
"21.08.2026","https://dimohod-trade.pro/product/sendvich-opornaya-ploschadka-d130-230","200","SEARCHABLE","https://dimohod-trade.pro/product/sendvich-opornaya-ploschadka-d130-230","16.08.2026","Сэндвич-опорная площадка Дымоход Трейд для консоли","ADD"
"21.08.2026","https://dimohod-trade.pro/product/sendvich-opornaya-ploschadka-d140-240","200","SEARCHABLE","https://dimohod-trade.pro/product/sendvich-opornaya-ploschadka-d140-240","16.08.2026","Сэндвич-опорная площадка Дымоход Трейд для консоли","ADD"
"21.08.2026","https://dimohod-trade.pro/product/sendvich-opornaya-ploschadka-d150-250","200","SEARCHABLE","https://dimohod-trade.pro/product/sendvich-opornaya-ploschadka-d150-250","16.08.2026","Сэндвич-опорная площадка Дымоход Трейд для консоли","ADD"
"21.08.2026","https://dimohod-trade.pro/product/sendvich-opornaya-ploschadka-d180-280","200","SEARCHABLE","https://dimohod-trade.pro/product/sendvich-opornaya-ploschadka-d180-280","16.08.2026","Сэндвич-опорная площадка Дымоход Трейд для консоли","ADD"
"21.08.2026","https://dimohod-trade.pro/product/sendvich-opornaya-ploschadka-d200-300","200","SEARCHABLE","https://dimohod-trade.pro/product/sendvich-opornaya-ploschadka-d200-300","16.08.2026","Сэндвич-опорная площадка Дымоход Трейд для консоли","ADD"
"21.08.2026","https://dimohod-trade.pro/product/sendvich-opornaya-ploschadka-d250-350","200","SEARCHABLE","https://dimohod-trade.pro/product/sendvich-opornaya-ploschadka-d250-350","16.08.2026","Сэндвич-опорная площадка Дымоход Трейд для консоли","ADD"
"21.08.2026","https://dimohod-trade.pro/product/sendvich-opornaya-ploschadka-d280-380","200","SEARCHABLE","https://dimohod-trade.pro/product/sendvich-opornaya-ploschadka-d280-380","16.08.2026","Сэндвич-опорная площадка Дымоход Трейд для консоли","ADD"
"21.08.2026","https://dimohod-trade.pro/product/sendvich-opornaya-ploschadka-d300-400","200","SEARCHABLE","https://dimohod-trade.pro/product/sendvich-opornaya-ploschadka-d300-400","16.08.2026","Сэндвич-опорная площадка Дымоход Трейд для консоли","ADD"
"21.08.2026","https://dimohod-trade.pro/product/sendvich-otvod-45-gr-d100-200","200","SEARCHABLE","https://dimohod-trade.pro/product/sendvich-otvod-45-gr-d100-200","16.08.2026","Сэндвич-отвод 45° 100×200 мм — купить | Дымоход Трейд","ADD"
"21.08.2026","https://dimohod-trade.pro/product/sendvich-otvod-45-gr-d110-210","200","SEARCHABLE","https://dimohod-trade.pro/product/sendvich-otvod-45-gr-d110-210","16.08.2026","Сэндвич-отвод 45° 110×210 мм — купить | Дымоход Трейд","ADD"
"21.08.2026","https://dimohod-trade.pro/product/sendvich-otvod-45-gr-d120-220","200","SEARCHABLE","https://dimohod-trade.pro/product/sendvich-otvod-45-gr-d120-220","16.08.2026","Сэндвич-отвод 45° 120×220 мм — купить | Дымоход Трейд","ADD"
"21.08.2026","https://dimohod-trade.pro/product/sendvich-otvod-45-gr-d130-230","200","SEARCHABLE","https://dimohod-trade.pro/product/sendvich-otvod-45-gr-d130-230","16.08.2026","Сэндвич-отвод 45° 130×230 мм — купить | Дымоход Трейд","ADD"
"21.08.2026","https://dimohod-trade.pro/product/sendvich-otvod-45-gr-d140-240","200","SEARCHABLE","https://dimohod-trade.pro/product/sendvich-otvod-45-gr-d140-240","16.08.2026","Сэндвич-отвод 45° 140×240 мм — купить | Дымоход Трейд","ADD"
"21.08.2026","https://dimohod-trade.pro/product/sendvich-otvod-45-gr-d150-250","200","SEARCHABLE","https://dimohod-trade.pro/product/sendvich-otvod-45-gr-d150-250","16.08.2026","Сэндвич-отвод 45° 150×250 мм — купить | Дымоход Трейд","ADD"
"21.08.2026","https://dimohod-trade.pro/product/sendvich-otvod-45-gr-d160-260","200","SEARCHABLE","https://dimohod-trade.pro/product/sendvich-otvod-45-gr-d160-260","16.08.2026","Сэндвич-отвод 45° 160×260 мм — купить | Дымоход Трейд","ADD"
"21.08.2026","https://dimohod-trade.pro/product/sendvich-otvod-45-gr-d180-280","200","SEARCHABLE","https://dimohod-trade.pro/product/sendvich-otvod-45-gr-d180-280","16.08.2026","Сэндвич-отвод 45° 180×280 мм — купить | Дымоход Трейд","ADD"
"21.08.2026","https://dimohod-trade.pro/product/sendvich-otvod-45-gr-d200-300","200","SEARCHABLE","https://dimohod-trade.pro/product/sendvich-otvod-45-gr-d200-300","16.08.2026","Сэндвич-отвод 45° 200×300 мм — купить | Дымоход Трейд","ADD"
"21.08.2026","https://dimohod-trade.pro/product/sendvich-otvod-45-gr-d250-350","200","SEARCHABLE","https://dimohod-trade.pro/product/sendvich-otvod-45-gr-d250-350","16.08.2026","Сэндвич-отвод 45° 250×350 мм — купить | Дымоход Трейд","ADD"
"21.08.2026","https://dimohod-trade.pro/product/sendvich-otvod-45-gr-d280-380","200","SEARCHABLE","https://dimohod-trade.pro/product/sendvich-otvod-45-gr-d280-380","16.08.2026","Сэндвич-отвод 45° 280×380 мм — купить | Дымоход Трейд","ADD"
"21.08.2026","https://dimohod-trade.pro/product/sendvich-otvod-45-gr-d300-400","200","SEARCHABLE","https://dimohod-trade.pro/product/sendvich-otvod-45-gr-d300-400","16.08.2026","Сэндвич-отвод 45° 300×400 мм — купить | Дымоход Трейд","ADD"
"21.08.2026","https://dimohod-trade.pro/product/sendvich-otvod-90-gr-d100-200","200","SEARCHABLE","https://dimohod-trade.pro/product/sendvich-otvod-90-gr-d100-200","16.08.2026","Дымоход Трейд — сэндвич-отвод 90° для дымохода","ADD"
"21.08.2026","https://dimohod-trade.pro/product/sendvich-otvod-90-gr-d110-210","200","SEARCHABLE","https://dimohod-trade.pro/product/sendvich-otvod-90-gr-d110-210","16.08.2026","Дымоход Трейд — сэндвич-отвод 90° для дымохода","ADD"
"21.08.2026","https://dimohod-trade.pro/product/sendvich-otvod-90-gr-d120-220","200","SEARCHABLE","https://dimohod-trade.pro/product/sendvich-otvod-90-gr-d120-220","16.08.2026","Дымоход Трейд — сэндвич-отвод 90° для дымохода","ADD"
"21.08.2026","https://dimohod-trade.pro/product/sendvich-otvod-90-gr-d130-230","200","SEARCHABLE","https://dimohod-trade.pro/product/sendvich-otvod-90-gr-d130-230","16.08.2026","Дымоход Трейд — сэндвич-отвод 90° для дымохода","ADD"
"21.08.2026","https://dimohod-trade.pro/product/sendvich-otvod-90-gr-d140-240","200","SEARCHABLE","https://dimohod-trade.pro/product/sendvich-otvod-90-gr-d140-240","16.08.2026","Дымоход Трейд — сэндвич-отвод 90° для дымохода","ADD"
"21.08.2026","https://dimohod-trade.pro/product/sendvich-otvod-90-gr-d150-250","200","SEARCHABLE","https://dimohod-trade.pro/product/sendvich-otvod-90-gr-d150-250","16.08.2026","Дымоход Трейд — сэндвич-отвод 90° для дымохода","ADD"
"21.08.2026","https://dimohod-trade.pro/product/sendvich-otvod-90-gr-d160-260","200","SEARCHABLE","https://dimohod-trade.pro/product/sendvich-otvod-90-gr-d160-260","16.08.2026","Дымоход Трейд — сэндвич-отвод 90° для дымохода","ADD"
"21.08.2026","https://dimohod-trade.pro/product/sendvich-otvod-90-gr-d180-280","200","SEARCHABLE","https://dimohod-trade.pro/product/sendvich-otvod-90-gr-d180-280","16.08.2026","Дымоход Трейд — сэндвич-отвод 90° для дымохода","ADD"
"21.08.2026","https://dimohod-trade.pro/product/sendvich-otvod-90-gr-d200-300","200","SEARCHABLE","https://dimohod-trade.pro/product/sendvich-otvod-90-gr-d200-300","16.08.2026","Дымоход Трейд — сэндвич-отвод 90° для дымохода","ADD"
"21.08.2026","https://dimohod-trade.pro/product/sendvich-otvod-90-gr-d250-350","200","SEARCHABLE","https://dimohod-trade.pro/product/sendvich-otvod-90-gr-d250-350","16.08.2026","Дымоход Трейд — сэндвич-отвод 90° для дымохода","ADD"
"21.08.2026","https://dimohod-trade.pro/product/sendvich-otvod-90-gr-d280-380","200","SEARCHABLE","https://dimohod-trade.pro/product/sendvich-otvod-90-gr-d280-380","16.08.2026","Дымоход Трейд — сэндвич-отвод 90° для дымохода","ADD"
"21.08.2026","https://dimohod-trade.pro/product/sendvich-otvod-90-gr-d300-400","200","SEARCHABLE","https://dimohod-trade.pro/product/sendvich-otvod-90-gr-d300-400","16.08.2026","Дымоход Трейд — сэндвич-отвод 90° для дымохода","ADD"
"21.08.2026","https://dimohod-trade.pro/product/sendvich-shiber-povorotnyi-d100-200","200","SEARCHABLE","https://dimohod-trade.pro/product/sendvich-shiber-povorotnyi-d100-200","16.08.2026","Сэндвич-шибер поворотный 100×200 мм — купить | Дымоход Трейд","ADD"
"21.08.2026","https://dimohod-trade.pro/product/sendvich-shiber-povorotnyi-d110-210","200","SEARCHABLE","https://dimohod-trade.pro/product/sendvich-shiber-povorotnyi-d110-210","16.08.2026","Сэндвич-шибер поворотный 110×210 мм — купить | Дымоход Трейд","ADD"
"21.08.2026","https://dimohod-trade.pro/product/sendvich-shiber-povorotnyi-d120-220","200","SEARCHABLE","https://dimohod-trade.pro/product/sendvich-shiber-povorotnyi-d120-220","16.08.2026","Сэндвич-шибер поворотный 120×220 мм — купить | Дымоход Трейд","ADD"
"21.08.2026","https://dimohod-trade.pro/product/sendvich-shiber-povorotnyi-d130-230","200","SEARCHABLE","https://dimohod-trade.pro/product/sendvich-shiber-povorotnyi-d130-230","16.08.2026","Сэндвич-шибер поворотный 130×230 мм — купить | Дымоход Трейд","ADD"
"21.08.2026","https://dimohod-trade.pro/product/sendvich-shiber-povorotnyi-d140-240","200","SEARCHABLE","https://dimohod-trade.pro/product/sendvich-shiber-povorotnyi-d140-240","16.08.2026","Сэндвич-шибер поворотный 140×240 мм — купить | Дымоход Трейд","ADD"
"21.08.2026","https://dimohod-trade.pro/product/sendvich-shiber-povorotnyi-d150-250","200","SEARCHABLE","https://dimohod-trade.pro/product/sendvich-shiber-povorotnyi-d150-250","16.08.2026","Сэндвич-шибер поворотный 150×250 мм — купить | Дымоход Трейд","ADD"
"21.08.2026","https://dimohod-trade.pro/product/sendvich-shiber-povorotnyi-d160-260","200","SEARCHABLE","https://dimohod-trade.pro/product/sendvich-shiber-povorotnyi-d160-260","16.08.2026","Сэндвич-шибер поворотный 160×260 мм — купить | Дымоход Трейд","ADD"
"21.08.2026","https://dimohod-trade.pro/product/sendvich-shiber-povorotnyi-d180-280","200","SEARCHABLE","https://dimohod-trade.pro/product/sendvich-shiber-povorotnyi-d180-280","16.08.2026","Сэндвич-шибер поворотный 180×280 мм — купить | Дымоход Трейд","ADD"
"21.08.2026","https://dimohod-trade.pro/product/sendvich-shiber-povorotnyi-d200-300","200","SEARCHABLE","https://dimohod-trade.pro/product/sendvich-shiber-povorotnyi-d200-300","16.08.2026","Сэндвич-шибер поворотный 200×300 мм — купить | Дымоход Трейд","ADD"
"21.08.2026","https://dimohod-trade.pro/product/sendvich-shiber-povorotnyi-d250-350","200","SEARCHABLE","https://dimohod-trade.pro/product/sendvich-shiber-povorotnyi-d250-350","16.08.2026","Сэндвич-шибер поворотный 250×350 мм — купить | Дымоход Трейд","ADD"
"21.08.2026","https://dimohod-trade.pro/product/sendvich-shiber-povorotnyi-d280-380","200","SEARCHABLE","https://dimohod-trade.pro/product/sendvich-shiber-povorotnyi-d280-380","16.08.2026","Сэндвич-шибер поворотный 280×380 мм — купить | Дымоход Трейд","ADD"
"21.08.2026","https://dimohod-trade.pro/product/sendvich-shiber-povorotnyi-d300-400","200","SEARCHABLE","https://dimohod-trade.pro/product/sendvich-shiber-povorotnyi-d300-400","16.08.2026","Сэндвич-шибер поворотный 300×400 мм — купить | Дымоход Трейд","ADD"
"21.08.2026","https://dimohod-trade.pro/product/sendvich-shiber-vydvizhnoi-d100-200","200","SEARCHABLE","https://dimohod-trade.pro/product/sendvich-shiber-vydvizhnoi-d100-200","16.08.2026","Сэндвич-шибер выдвижной 100×200 мм — купить | Дымоход Трейд","ADD"
"21.08.2026","https://dimohod-trade.pro/product/sendvich-shiber-vydvizhnoi-d110-210","200","SEARCHABLE","https://dimohod-trade.pro/product/sendvich-shiber-vydvizhnoi-d110-210","16.08.2026","Сэндвич-шибер выдвижной 110×210 мм — купить | Дымоход Трейд","ADD"
"21.08.2026","https://dimohod-trade.pro/product/sendvich-shiber-vydvizhnoi-d120-220","200","SEARCHABLE","https://dimohod-trade.pro/product/sendvich-shiber-vydvizhnoi-d120-220","16.08.2026","Сэндвич-шибер выдвижной 120×220 мм — купить | Дымоход Трейд","ADD"
"21.08.2026","https://dimohod-trade.pro/product/sendvich-shiber-vydvizhnoi-d130-230","200","SEARCHABLE","https://dimohod-trade.pro/product/sendvich-shiber-vydvizhnoi-d130-230","16.08.2026","Сэндвич-шибер выдвижной 130×230 мм — купить | Дымоход Трейд","ADD"
"21.08.2026","https://dimohod-trade.pro/product/sendvich-shiber-vydvizhnoi-d140-240","200","SEARCHABLE","https://dimohod-trade.pro/product/sendvich-shiber-vydvizhnoi-d140-240","16.08.2026","Сэндвич-шибер выдвижной 140×240 мм — купить | Дымоход Трейд","ADD"
"21.08.2026","https://dimohod-trade.pro/product/sendvich-shiber-vydvizhnoi-d150-250","200","SEARCHABLE","https://dimohod-trade.pro/product/sendvich-shiber-vydvizhnoi-d150-250","16.08.2026","Сэндвич-шибер выдвижной 150×250 мм — купить | Дымоход Трейд","ADD"
"21.08.2026","https://dimohod-trade.pro/product/sendvich-shiber-vydvizhnoi-d160-260","200","SEARCHABLE","https://dimohod-trade.pro/product/sendvich-shiber-vydvizhnoi-d160-260","16.08.2026","Сэндвич-шибер выдвижной 160×260 мм — купить | Дымоход Трейд","ADD"
"21.08.2026","https://dimohod-trade.pro/product/sendvich-shiber-vydvizhnoi-d180-280","200","SEARCHABLE","https://dimohod-trade.pro/product/sendvich-shiber-vydvizhnoi-d180-280","16.08.2026","Сэндвич-шибер выдвижной 180×280 мм — купить | Дымоход Трейд","ADD"
"21.08.2026","https://dimohod-trade.pro/product/sendvich-shiber-vydvizhnoi-d200-300","200","SEARCHABLE","https://dimohod-trade.pro/product/sendvich-shiber-vydvizhnoi-d200-300","16.08.2026","Сэндвич-шибер выдвижной 200×300 мм — купить | Дымоход Трейд","ADD"
"21.08.2026","https://dimohod-trade.pro/product/sendvich-shiber-vydvizhnoi-d250-350","200","SEARCHABLE","https://dimohod-trade.pro/product/sendvich-shiber-vydvizhnoi-d250-350","16.08.2026","Сэндвич-шибер выдвижной 250×350 мм — купить | Дымоход Трейд","ADD"
"21.08.2026","https://dimohod-trade.pro/product/sendvich-shiber-vydvizhnoi-d280-380","200","SEARCHABLE","https://dimohod-trade.pro/product/sendvich-shiber-vydvizhnoi-d280-380","16.08.2026","Сэндвич-шибер выдвижной 280×380 мм — купить | Дымоход Трейд","ADD"
"21.08.2026","https://dimohod-trade.pro/product/sendvich-shiber-vydvizhnoi-d300-400","200","SEARCHABLE","https://dimohod-trade.pro/product/sendvich-shiber-vydvizhnoi-d300-400","16.08.2026","Сэндвич-шибер выдвижной 300×400 мм — купить | Дымоход Трейд","ADD"
"21.08.2026","https://dimohod-trade.pro/product/sendvich-troi-nik-s-k-o-45gr-d100-200","200","SEARCHABLE","https://dimohod-trade.pro/product/sendvich-troi-nik-s-k-o-45gr-d100-200","16.08.2026","Сэндвич-тройник с К/О 45° 100×200 мм — купить | Дымоход Трейд","ADD"
"21.08.2026","https://dimohod-trade.pro/product/sendvich-troi-nik-s-k-o-45gr-d110-210","200","SEARCHABLE","https://dimohod-trade.pro/product/sendvich-troi-nik-s-k-o-45gr-d110-210","16.08.2026","Сэндвич-тройник с К/О 45° 110×210 мм — купить | Дымоход Трейд","ADD"
"21.08.2026","https://dimohod-trade.pro/product/sendvich-troi-nik-s-k-o-45gr-d120-220","200","SEARCHABLE","https://dimohod-trade.pro/product/sendvich-troi-nik-s-k-o-45gr-d120-220","16.08.2026","Сэндвич-тройник с К/О 45° 120×220 мм — купить | Дымоход Трейд","ADD"
"21.08.2026","https://dimohod-trade.pro/product/sendvich-troi-nik-s-k-o-45gr-d130-230","200","SEARCHABLE","https://dimohod-trade.pro/product/sendvich-troi-nik-s-k-o-45gr-d130-230","16.08.2026","Сэндвич-тройник с К/О 45° 130×230 мм — купить | Дымоход Трейд","ADD"
"21.08.2026","https://dimohod-trade.pro/product/sendvich-troi-nik-s-k-o-45gr-d140-240","200","SEARCHABLE","https://dimohod-trade.pro/product/sendvich-troi-nik-s-k-o-45gr-d140-240","16.08.2026","Сэндвич-тройник с К/О 45° 140×240 мм — купить | Дымоход Трейд","ADD"
"21.08.2026","https://dimohod-trade.pro/product/sendvich-troi-nik-s-k-o-45gr-d150-250","200","SEARCHABLE","https://dimohod-trade.pro/product/sendvich-troi-nik-s-k-o-45gr-d150-250","16.08.2026","Сэндвич-тройник с К/О 45° 150×250 мм — купить | Дымоход Трейд","ADD"
"21.08.2026","https://dimohod-trade.pro/product/sendvich-troi-nik-s-k-o-45gr-d160-260","200","SEARCHABLE","https://dimohod-trade.pro/product/sendvich-troi-nik-s-k-o-45gr-d160-260","16.08.2026","Сэндвич-тройник с К/О 45° 160×260 мм — купить | Дымоход Трейд","ADD"
"21.08.2026","https://dimohod-trade.pro/product/sendvich-troi-nik-s-k-o-45gr-d180-280","200","SEARCHABLE","https://dimohod-trade.pro/product/sendvich-troi-nik-s-k-o-45gr-d180-280","16.08.2026","Сэндвич-тройник с К/О 45° 180×280 мм — купить | Дымоход Трейд","ADD"
"21.08.2026","https://dimohod-trade.pro/product/sendvich-troi-nik-s-k-o-45gr-d200-300","200","SEARCHABLE","https://dimohod-trade.pro/product/sendvich-troi-nik-s-k-o-45gr-d200-300","16.08.2026","Сэндвич-тройник с К/О 45° 200×300 мм — купить | Дымоход Трейд","ADD"
"21.08.2026","https://dimohod-trade.pro/product/sendvich-troi-nik-s-k-o-45gr-d250-350","200","SEARCHABLE","https://dimohod-trade.pro/product/sendvich-troi-nik-s-k-o-45gr-d250-350","16.08.2026","Сэндвич-тройник с К/О 45° 250×350 мм — купить | Дымоход Трейд","ADD"
"21.08.2026","https://dimohod-trade.pro/product/sendvich-troi-nik-s-k-o-45gr-d280-380","200","SEARCHABLE","https://dimohod-trade.pro/product/sendvich-troi-nik-s-k-o-45gr-d280-380","16.08.2026","Сэндвич-тройник с К/О 45° 280×380 мм — купить | Дымоход Трейд","ADD"
"21.08.2026","https://dimohod-trade.pro/product/sendvich-troi-nik-s-k-o-45gr-d300-400","200","SEARCHABLE","https://dimohod-trade.pro/product/sendvich-troi-nik-s-k-o-45gr-d300-400","16.08.2026","Сэндвич-тройник с К/О 45° 300×400 мм — купить | Дымоход Трейд","ADD"
"21.08.2026","https://dimohod-trade.pro/product/sendvich-troi-nik-s-k-o-90gr-d100-200","200","SEARCHABLE","https://dimohod-trade.pro/product/sendvich-troi-nik-s-k-o-90gr-d100-200","16.08.2026","Сэндвич-тройник Сэндвич-тройник с К/О 90° Дымоход Трейд — переход на вертикаль","ADD"
"21.08.2026","https://dimohod-trade.pro/product/sendvich-troi-nik-s-k-o-90gr-d110-210","200","SEARCHABLE","https://dimohod-trade.pro/product/sendvich-troi-nik-s-k-o-90gr-d110-210","16.08.2026","Сэндвич-тройник Сэндвич-тройник с К/О 90° Дымоход Трейд — переход на вертикаль","ADD"
"21.08.2026","https://dimohod-trade.pro/product/sendvich-troi-nik-s-k-o-90gr-d120-220","200","SEARCHABLE","https://dimohod-trade.pro/product/sendvich-troi-nik-s-k-o-90gr-d120-220","16.08.2026","Сэндвич-тройник Сэндвич-тройник с К/О 90° Дымоход Трейд — переход на вертикаль","ADD"
"21.08.2026","https://dimohod-trade.pro/product/sendvich-troi-nik-s-k-o-90gr-d130-230","200","SEARCHABLE","https://dimohod-trade.pro/product/sendvich-troi-nik-s-k-o-90gr-d130-230","16.08.2026","Сэндвич-тройник Сэндвич-тройник с К/О 90° Дымоход Трейд — переход на вертикаль","ADD"
"21.08.2026","https://dimohod-trade.pro/product/sendvich-troi-nik-s-k-o-90gr-d140-240","200","SEARCHABLE","https://dimohod-trade.pro/product/sendvich-troi-nik-s-k-o-90gr-d140-240","16.08.2026","Сэндвич-тройник Сэндвич-тройник с К/О 90° Дымоход Трейд — переход на вертикаль","ADD"
"21.08.2026","https://dimohod-trade.pro/product/sendvich-troi-nik-s-k-o-90gr-d150-250","200","SEARCHABLE","https://dimohod-trade.pro/product/sendvich-troi-nik-s-k-o-90gr-d150-250","16.08.2026","Сэндвич-тройник Сэндвич-тройник с К/О 90° Дымоход Трейд — переход на вертикаль","ADD"
"21.08.2026","https://dimohod-trade.pro/product/sendvich-troi-nik-s-k-o-90gr-d160-260","200","SEARCHABLE","https://dimohod-trade.pro/product/sendvich-troi-nik-s-k-o-90gr-d160-260","16.08.2026","Сэндвич-тройник Сэндвич-тройник с К/О 90° Дымоход Трейд — переход на вертикаль","ADD"
"21.08.2026","https://dimohod-trade.pro/product/sendvich-troi-nik-s-k-o-90gr-d180-280","200","SEARCHABLE","https://dimohod-trade.pro/product/sendvich-troi-nik-s-k-o-90gr-d180-280","16.08.2026","Сэндвич-тройник Сэндвич-тройник с К/О 90° Дымоход Трейд — переход на вертикаль","ADD"
"21.08.2026","https://dimohod-trade.pro/product/sendvich-troi-nik-s-k-o-90gr-d200-300","200","SEARCHABLE","https://dimohod-trade.pro/product/sendvich-troi-nik-s-k-o-90gr-d200-300","16.08.2026","Сэндвич-тройник Сэндвич-тройник с К/О 90° Дымоход Трейд — переход на вертикаль","ADD"
"21.08.2026","https://dimohod-trade.pro/product/sendvich-troi-nik-s-k-o-90gr-d250-350","200","SEARCHABLE","https://dimohod-trade.pro/product/sendvich-troi-nik-s-k-o-90gr-d250-350","16.08.2026","Сэндвич-тройник Сэндвич-тройник с К/О 90° Дымоход Трейд — переход на вертикаль","ADD"
"21.08.2026","https://dimohod-trade.pro/product/sendvich-troi-nik-s-k-o-90gr-d280-380","200","SEARCHABLE","https://dimohod-trade.pro/product/sendvich-troi-nik-s-k-o-90gr-d280-380","16.08.2026","Сэндвич-тройник Сэндвич-тройник с К/О 90° Дымоход Трейд — переход на вертикаль","ADD"
"21.08.2026","https://dimohod-trade.pro/product/sendvich-troi-nik-s-k-o-90gr-d300-400","200","SEARCHABLE","https://dimohod-trade.pro/product/sendvich-troi-nik-s-k-o-90gr-d300-400","16.08.2026","Сэндвич-тройник Сэндвич-тройник с К/О 90° Дымоход Трейд — переход на вертикаль","ADD"
"21.08.2026","https://dimohod-trade.pro/product/sendvich-truba-d100-200","200","SEARCHABLE","https://dimohod-trade.pro/product/sendvich-truba-d100-200","16.08.2026","Дымоход Трейд — сэндвич-труба Ø100/200, длина 1000","ADD"
"21.08.2026","https://dimohod-trade.pro/product/sendvich-truba-d110-210","200","SEARCHABLE","https://dimohod-trade.pro/product/sendvich-truba-d110-210","16.08.2026","Дымоход Трейд — сэндвич-труба Ø110/210, длина 1000","ADD"
"21.08.2026","https://dimohod-trade.pro/product/sendvich-truba-d120-220","200","SEARCHABLE","https://dimohod-trade.pro/product/sendvich-truba-d120-220","16.08.2026","Дымоход Трейд — сэндвич-труба Ø120/220, длина 1000","ADD"
"21.08.2026","https://dimohod-trade.pro/product/sendvich-truba-d130-230","200","SEARCHABLE","https://dimohod-trade.pro/product/sendvich-truba-d130-230","16.08.2026","Дымоход Трейд — сэндвич-труба Ø130/230, длина 1000","ADD"
"21.08.2026","https://dimohod-trade.pro/product/sendvich-truba-d140-240","200","SEARCHABLE","https://dimohod-trade.pro/product/sendvich-truba-d140-240","16.08.2026","Дымоход Трейд — сэндвич-труба Ø140/240, длина 1000","ADD"
"21.08.2026","https://dimohod-trade.pro/product/sendvich-truba-d150-250","200","SEARCHABLE","https://dimohod-trade.pro/product/sendvich-truba-d150-250","16.08.2026","Дымоход Трейд — сэндвич-труба Ø150/250, длина 1000","ADD"
"21.08.2026","https://dimohod-trade.pro/product/sendvich-truba-d160-260","200","SEARCHABLE","https://dimohod-trade.pro/product/sendvich-truba-d160-260","16.08.2026","Дымоход Трейд — сэндвич-труба Ø160/260, длина 1000","ADD"
"21.08.2026","https://dimohod-trade.pro/product/sendvich-truba-d180-280","200","SEARCHABLE","https://dimohod-trade.pro/product/sendvich-truba-d180-280","16.08.2026","Дымоход Трейд — сэндвич-труба Ø180/280, длина 1000","ADD"
"21.08.2026","https://dimohod-trade.pro/product/sendvich-truba-d200-300","200","SEARCHABLE","https://dimohod-trade.pro/product/sendvich-truba-d200-300","16.08.2026","Дымоход Трейд — сэндвич-труба Ø200/300, длина 1000","ADD"
"21.08.2026","https://dimohod-trade.pro/product/sendvich-truba-d250-350","200","SEARCHABLE","https://dimohod-trade.pro/product/sendvich-truba-d250-350","16.08.2026","Дымоход Трейд — сэндвич-труба Ø250/350, длина 1000","ADD"
"21.08.2026","https://dimohod-trade.pro/product/sendvich-truba-d280-380","200","SEARCHABLE","https://dimohod-trade.pro/product/sendvich-truba-d280-380","16.08.2026","Дымоход Трейд — сэндвич-труба Ø280/380, длина 1000","ADD"
"21.08.2026","https://dimohod-trade.pro/product/sendvich-truba-d300-400","200","SEARCHABLE","https://dimohod-trade.pro/product/sendvich-truba-d300-400","16.08.2026","Дымоход Трейд — сэндвич-труба Ø300/400, длина 1000","ADD"
"21.08.2026","https://dimohod-trade.pro/product/sendvich-zaglushka-opornaya-d100-200","200","SEARCHABLE","https://dimohod-trade.pro/product/sendvich-zaglushka-opornaya-d100-200","16.08.2026","Сэндвич-заглушка «Дымоход Трейд» — адаптер основания дымохода","ADD"
"21.08.2026","https://dimohod-trade.pro/product/sendvich-zaglushka-opornaya-d110-210","200","SEARCHABLE","https://dimohod-trade.pro/product/sendvich-zaglushka-opornaya-d110-210","16.08.2026","Сэндвич-заглушка «Дымоход Трейд» — адаптер основания дымохода","ADD"
"21.08.2026","https://dimohod-trade.pro/product/sendvich-zaglushka-opornaya-d120-220","200","SEARCHABLE","https://dimohod-trade.pro/product/sendvich-zaglushka-opornaya-d120-220","16.08.2026","Сэндвич-заглушка «Дымоход Трейд» — адаптер основания дымохода","ADD"
"21.08.2026","https://dimohod-trade.pro/product/sendvich-zaglushka-opornaya-d130-230","200","SEARCHABLE","https://dimohod-trade.pro/product/sendvich-zaglushka-opornaya-d130-230","16.08.2026","Сэндвич-заглушка «Дымоход Трейд» — адаптер основания дымохода","ADD"
"21.08.2026","https://dimohod-trade.pro/product/sendvich-zaglushka-opornaya-d140-240","200","SEARCHABLE","https://dimohod-trade.pro/product/sendvich-zaglushka-opornaya-d140-240","16.08.2026","Сэндвич-заглушка «Дымоход Трейд» — адаптер основания дымохода","ADD"
"21.08.2026","https://dimohod-trade.pro/product/sendvich-zaglushka-opornaya-d160-260","200","SEARCHABLE","https://dimohod-trade.pro/product/sendvich-zaglushka-opornaya-d160-260","16.08.2026","Сэндвич-заглушка «Дымоход Трейд» — адаптер основания дымохода","ADD"
"21.08.2026","https://dimohod-trade.pro/product/sendvich-zaglushka-opornaya-d180-280","200","SEARCHABLE","https://dimohod-trade.pro/product/sendvich-zaglushka-opornaya-d180-280","16.08.2026","Сэндвич-заглушка «Дымоход Трейд» — адаптер основания дымохода","ADD"
"21.08.2026","https://dimohod-trade.pro/product/sendvich-zaglushka-opornaya-d200-300","200","SEARCHABLE","https://dimohod-trade.pro/product/sendvich-zaglushka-opornaya-d200-300","16.08.2026","Сэндвич-заглушка «Дымоход Трейд» — адаптер основания дымохода","ADD"
"21.08.2026","https://dimohod-trade.pro/product/sendvich-zaglushka-opornaya-d250-350","200","SEARCHABLE","https://dimohod-trade.pro/product/sendvich-zaglushka-opornaya-d250-350","16.08.2026","Сэндвич-заглушка «Дымоход Трейд» — адаптер основания дымохода","ADD"
"21.08.2026","https://dimohod-trade.pro/product/sendvich-zaglushka-opornaya-d280-380","200","SEARCHABLE","https://dimohod-trade.pro/product/sendvich-zaglushka-opornaya-d280-380","16.08.2026","Сэндвич-заглушка «Дымоход Трейд» — адаптер основания дымохода","ADD"
"21.08.2026","https://dimohod-trade.pro/product/sendvich-zaglushka-opornaya-d300-400","200","SEARCHABLE","https://dimohod-trade.pro/product/sendvich-zaglushka-opornaya-d300-400","16.08.2026","Сэндвич-заглушка «Дымоход Трейд» — адаптер основания дымохода","ADD"
"21.08.2026","https://dimohod-trade.pro/solutions","200","SEARCHABLE","https://dimohod-trade.pro/solutions","16.08.2026","Подбор дымохода по отопителю и объекту","ADD"
"21.08.2026","https://dimohod-trade.pro/solutions/banya","200","SEARCHABLE","https://dimohod-trade.pro/solutions/banya","16.08.2026","Дымоход для бани: подбор комплекта по печи и трассе","ADD"
"21.08.2026","https://dimohod-trade.pro/solutions/banya/zamery","200","SEARCHABLE","https://dimohod-trade.pro/solutions/banya/zamery","16.08.2026","Замеры для расчёта дымохода в бане — Дымоход Трейд","ADD"
"21.08.2026","https://dimohod-trade.pro/solutions/dom","200","SEARCHABLE","https://dimohod-trade.pro/solutions/dom","16.08.2026","Дымоход для дома: подбор по отопителю и маршруту","ADD"
"21.08.2026","https://dimohod-trade.pro/solutions/gazovyy-kotel","200","SEARCHABLE","https://dimohod-trade.pro/solutions/gazovyy-kotel","16.08.2026","Дымоход для газового котла: подбор по модели","ADD"
"21.08.2026","https://dimohod-trade.pro/solutions/kamin","200","SEARCHABLE","https://dimohod-trade.pro/solutions/kamin","16.08.2026","Дымоход для камина: подбор комплекта по топке и трассе","ADD"
"21.08.2026","https://dimohod-trade.pro/solutions/pech","200","SEARCHABLE","https://dimohod-trade.pro/solutions/pech","16.08.2026","Дымоход для печи: подбор комплекта по модели и трассе","ADD"
"21.08.2026","https://dimohod-trade.pro/solutions/tverdotoplivny-kotel","200","SEARCHABLE","https://dimohod-trade.pro/solutions/tverdotoplivny-kotel","16.08.2026","Дымоход для твердотопливного котла: подбор комплекта","ADD"
"21.08.2026","https://dimohod-trade.pro/user-agreement","200","SEARCHABLE","","16.08.2026","Пользовательское соглашение — Дымоход Трейд","ADD"
"21.08.2026","https://dimohod-trade.pro/zamery","200","SEARCHABLE","https://dimohod-trade.pro/zamery","16.08.2026","Мои замеры для расчёта дымохода — Дымоход Трейд","ADD"
"21.08.2026","https://dimohod-trade.pro/zamery?edit=1","200","SEARCHABLE","https://dimohod-trade.pro/zamery","16.08.2026","Мои замеры для расчёта дымохода — Дымоход Трейд","ADD"
