url,csv_latest_date,csv_latest_status,csv_latest_event,csv_history,current_http_code,current_page_state,product_family,product_name,diameter,production_db_match,active_skus_for_diameter,skus_with_positive_price,publication_blocker,current_h1,current_canonical,in_current_sitemap,category_url,linked_from_category,category_link_kind,jsonld_product,jsonld_material,jsonld_price_rub,recommended_action
https://dimohod-trade.pro/catalog/flantsy,07.09.2026,SEARCHABLE,ADD,07.09.2026:ADD:SEARCHABLE:200 | 28.08.2026:DELETE:LOW_DEMAND:200 | 21.08.2026:ADD:SEARCHABLE:200,200,live_page,,,,not_applicable,,,,Фланцы,https://dimohod-trade.pro/catalog/flantsy,yes,,,,,,,keep_url; no_redirect
https://dimohod-trade.pro/catalog/odnokonturnye-troyniki,07.09.2026,SEARCHABLE,ADD,07.09.2026:ADD:SEARCHABLE:200 | 28.08.2026:DELETE:LOW_DEMAND:200 | 21.08.2026:ADD:SEARCHABLE:200,200,live_page,,,,not_applicable,,,,Одноконтурные тройники,https://dimohod-trade.pro/catalog/odnokonturnye-troyniki,yes,,,,,,,keep_url; no_redirect
https://dimohod-trade.pro/catalog/odnokonturnye-truby,07.09.2026,SEARCHABLE,ADD,07.09.2026:ADD:SEARCHABLE:200 | 28.08.2026:DELETE:LOW_DEMAND:200 | 21.08.2026:ADD:SEARCHABLE:200,200,live_page,,,,not_applicable,,,,Одноконтурные трубы,https://dimohod-trade.pro/catalog/odnokonturnye-truby,yes,,,,,,,keep_url; no_redirect
https://dimohod-trade.pro/delivery,07.09.2026,SEARCHABLE,ADD,07.09.2026:ADD:SEARCHABLE:200,200,live_page,,,,not_applicable,,,,Отправляем трубы и комплектующие из Санкт-Петербурга,https://dimohod-trade.pro/delivery,yes,,,,,,,keep_url; no_redirect
https://dimohod-trade.pro/guides/dymohod-cherez-stenu,07.09.2026,SEARCHABLE,ADD,07.09.2026:ADD:SEARCHABLE:200,200,live_page,,,,not_applicable,,,,Дымоход через стену: какие размеры нужны для наружной трассы,https://dimohod-trade.pro/guides/dymohod-cherez-stenu,yes,,,,,,,keep_url; no_redirect
https://dimohod-trade.pro/product/odnostennyy-reviziya-prochistka-d100,07.09.2026,UNKNOWN_URL,DELETE,07.09.2026:DELETE:UNKNOWN_URL:0 | 06.09.2026:ADD:SEARCHABLE:200 | 28.08.2026:DELETE:LOW_DEMAND:200 | 21.08.2026:ADD:SEARCHABLE:200,200,soft_404_product_not_found,odnostennyy-reviziya-prochistka,Прочистка,100,active_family_and_active_diameter,5,5,missing_description_and_applicable_photo,,,no,https://dimohod-trade.pro/catalog/revizii,no,none,,,,restore_publication_data_for_active_product; if intentionally withdrawn return real 404/410; do_not_redirect_to_catalog
https://dimohod-trade.pro/zamery?edit=1,07.09.2026,META_NO_INDEX,DELETE,07.09.2026:DELETE:META_NO_INDEX:200 | 06.09.2026:ADD:SEARCHABLE:200 | 28.08.2026:DELETE:NOT_CANONICAL:200 | 21.08.2026:ADD:SEARCHABLE:200,200,intentional_parameter_variant,,,,not_applicable,,,,Новый полный замер,https://dimohod-trade.pro/zamery,no,,,,,,,keep canonical to /zamery and noindex; keep out of sitemap
https://dimohod-trade.pro/catalog/sendvich-troyniki,06.09.2026,SEARCHABLE,ADD,06.09.2026:ADD:SEARCHABLE:200 | 02.09.2026:DELETE:LOW_DEMAND:200 | 21.08.2026:ADD:SEARCHABLE:200,200,live_page,,,,not_applicable,,,,Сэндвич-тройники,https://dimohod-trade.pro/catalog/sendvich-troyniki,yes,,,,,,,keep_url; no_redirect
https://dimohod-trade.pro/catalog/shibery,06.09.2026,SEARCHABLE,ADD,06.09.2026:ADD:SEARCHABLE:200 | 02.09.2026:DELETE:LOW_DEMAND:200 | 21.08.2026:ADD:SEARCHABLE:200,200,live_page,,,,not_applicable,,,,Шиберы,https://dimohod-trade.pro/catalog/shibery,yes,,,,,,,keep_url; no_redirect
https://dimohod-trade.pro/pechi,02.09.2026,SEARCHABLE,ADD,02.09.2026:ADD:SEARCHABLE:200,200,live_page,,,,not_applicable,,,,Печи для бани,https://dimohod-trade.pro/pechi,yes,,,,,,,keep_url; no_redirect
https://dimohod-trade.pro/catalog/homuty-i-krepezh,28.08.2026,LOW_DEMAND,DELETE,28.08.2026:DELETE:LOW_DEMAND:200 | 21.08.2026:ADD:SEARCHABLE:200,200,live_page,,,,not_applicable,,,,Хомуты и крепеж,https://dimohod-trade.pro/catalog/homuty-i-krepezh,yes,,,,,,,keep_url; no_redirect
https://dimohod-trade.pro/catalog/odnokonturnye-elementy,28.08.2026,LOW_DEMAND,DELETE,28.08.2026:DELETE:LOW_DEMAND:200 | 21.08.2026:ADD:SEARCHABLE:200,200,live_page,,,,not_applicable,,,,Одноконтурные элементы,https://dimohod-trade.pro/catalog/odnokonturnye-elementy,yes,,,,,,,keep_url; no_redirect
https://dimohod-trade.pro/catalog/sendvich-elementy,28.08.2026,LOW_DEMAND,DELETE,28.08.2026:DELETE:LOW_DEMAND:200 | 21.08.2026:ADD:SEARCHABLE:200,200,live_page,,,,not_applicable,,,,Сэндвич-элементы,https://dimohod-trade.pro/catalog/sendvich-elementy,yes,,,,,,,keep_url; no_redirect
https://dimohod-trade.pro/catalog/sendvich-otvody,28.08.2026,LOW_DEMAND,DELETE,28.08.2026:DELETE:LOW_DEMAND:200 | 21.08.2026:ADD:SEARCHABLE:200,200,live_page,,,,not_applicable,,,,Сэндвич-отводы,https://dimohod-trade.pro/catalog/sendvich-otvody,yes,,,,,,,keep_url; no_redirect
https://dimohod-trade.pro/catalog/sendvich-zaglushki,28.08.2026,LOW_DEMAND,DELETE,28.08.2026:DELETE:LOW_DEMAND:200 | 21.08.2026:ADD:SEARCHABLE:200,200,live_page,,,,not_applicable,,,,Сэндвич-заглушки,https://dimohod-trade.pro/catalog/sendvich-zaglushki,yes,,,,,,,keep_url; no_redirect
https://dimohod-trade.pro/catalog/uzly-prohoda,28.08.2026,LOW_DEMAND,DELETE,28.08.2026:DELETE:LOW_DEMAND:200 | 21.08.2026:ADD:SEARCHABLE:200,200,live_page,,,,not_applicable,,,,Узлы прохода,https://dimohod-trade.pro/catalog/uzly-prohoda,yes,,,,,,,keep_url; no_redirect
https://dimohod-trade.pro/catalog/uzly-prohoda-krovli,28.08.2026,LOW_DEMAND,DELETE,28.08.2026:DELETE:LOW_DEMAND:200 | 21.08.2026:ADD:SEARCHABLE:200,200,live_page,,,,not_applicable,,,,Узлы прохода кровли,https://dimohod-trade.pro/catalog/uzly-prohoda-krovli,yes,,,,,,,keep_url; no_redirect
https://dimohod-trade.pro/catalog/uzly-prohoda-sten-i-perekrytiy,28.08.2026,LOW_DEMAND,DELETE,28.08.2026:DELETE:LOW_DEMAND:200 | 21.08.2026:ADD:SEARCHABLE:200,200,live_page,,,,not_applicable,,,,Узлы прохода стен и перекрытий,https://dimohod-trade.pro/catalog/uzly-prohoda-sten-i-perekrytiy,yes,,,,,,,keep_url; no_redirect
https://dimohod-trade.pro/configurator,28.08.2026,SEARCHABLE,ADD,28.08.2026:ADD:SEARCHABLE:200,200,live_page,,,,not_applicable,,,,Конфигуратор дымохода,https://dimohod-trade.pro/configurator,yes,,,,,,,keep_url; no_redirect
https://dimohod-trade.pro/product/dekorativnaya-yubka-d100,28.08.2026,LOW_DEMAND,DELETE,28.08.2026:DELETE:LOW_DEMAND:200 | 21.08.2026:ADD:SEARCHABLE:200,200,live_product_page,dekorativnaya-yubka,Декоративная юбка,100,active_family_and_active_diameter,5,5,none,Декоративная юбка 100 мм,https://dimohod-trade.pro/product/dekorativnaya-yubka-d100,yes,https://dimohod-trade.pro/catalog/uzly-prohoda-sten-i-perekrytiy,yes,canonical_url,yes,Нержавеющая сталь,542.30,keep_url; no_redirect
https://dimohod-trade.pro/product/dekorativnaya-yubka-d110,28.08.2026,LOW_DEMAND,DELETE,28.08.2026:DELETE:LOW_DEMAND:200 | 21.08.2026:ADD:SEARCHABLE:200,200,live_product_page,dekorativnaya-yubka,Декоративная юбка,110,active_family_and_active_diameter,5,5,none,Декоративная юбка 110 мм,https://dimohod-trade.pro/product/dekorativnaya-yubka-d110,yes,https://dimohod-trade.pro/catalog/uzly-prohoda-sten-i-perekrytiy,yes,canonical_url,yes,оцинковка,553.30,keep_url; no_redirect
https://dimohod-trade.pro/product/dekorativnaya-yubka-d120,28.08.2026,LOW_DEMAND,DELETE,28.08.2026:DELETE:LOW_DEMAND:200 | 21.08.2026:ADD:SEARCHABLE:200,200,live_product_page,dekorativnaya-yubka,Декоративная юбка,120,active_family_and_active_diameter,5,5,none,Декоративная юбка 120 мм,https://dimohod-trade.pro/product/dekorativnaya-yubka-d120,yes,https://dimohod-trade.pro/catalog/uzly-prohoda-sten-i-perekrytiy,yes,canonical_url,yes,оцинковка,565.40,keep_url; no_redirect
https://dimohod-trade.pro/product/dekorativnaya-yubka-d130,28.08.2026,LOW_DEMAND,DELETE,28.08.2026:DELETE:LOW_DEMAND:200 | 21.08.2026:ADD:SEARCHABLE:200,200,live_product_page,dekorativnaya-yubka,Декоративная юбка,130,active_family_and_active_diameter,5,5,none,Декоративная юбка 130 мм,https://dimohod-trade.pro/product/dekorativnaya-yubka-d130,yes,https://dimohod-trade.pro/catalog/uzly-prohoda-sten-i-perekrytiy,yes,canonical_url,yes,оцинковка,578.60,keep_url; no_redirect
https://dimohod-trade.pro/product/dekorativnaya-yubka-d140,28.08.2026,LOW_DEMAND,DELETE,28.08.2026:DELETE:LOW_DEMAND:200 | 21.08.2026:ADD:SEARCHABLE:200,200,live_product_page,dekorativnaya-yubka,Декоративная юбка,140,active_family_and_active_diameter,5,5,none,Декоративная юбка 140 мм,https://dimohod-trade.pro/product/dekorativnaya-yubka-d140,yes,https://dimohod-trade.pro/catalog/uzly-prohoda-sten-i-perekrytiy,yes,canonical_url,yes,оцинковка,591.80,keep_url; no_redirect
https://dimohod-trade.pro/product/dekorativnaya-yubka-d160,28.08.2026,LOW_DEMAND,DELETE,28.08.2026:DELETE:LOW_DEMAND:200 | 21.08.2026:ADD:SEARCHABLE:200,200,live_product_page,dekorativnaya-yubka,Декоративная юбка,160,active_family_and_active_diameter,5,5,none,Декоративная юбка 160 мм,https://dimohod-trade.pro/product/dekorativnaya-yubka-d160,yes,https://dimohod-trade.pro/catalog/uzly-prohoda-sten-i-perekrytiy,yes,canonical_url,yes,оцинковка,640.20,keep_url; no_redirect
https://dimohod-trade.pro/product/dekorativnaya-yubka-d180,28.08.2026,LOW_DEMAND,DELETE,28.08.2026:DELETE:LOW_DEMAND:200 | 21.08.2026:ADD:SEARCHABLE:200,200,live_product_page,dekorativnaya-yubka,Декоративная юбка,180,active_family_and_active_diameter,5,5,none,Декоративная юбка 180 мм,https://dimohod-trade.pro/product/dekorativnaya-yubka-d180,yes,https://dimohod-trade.pro/catalog/uzly-prohoda-sten-i-perekrytiy,yes,canonical_url,yes,оцинковка,674.30,keep_url; no_redirect
https://dimohod-trade.pro/product/dekorativnaya-yubka-d200,28.08.2026,LOW_DEMAND,DELETE,28.08.2026:DELETE:LOW_DEMAND:200 | 21.08.2026:ADD:SEARCHABLE:200,200,live_product_page,dekorativnaya-yubka,Декоративная юбка,200,active_family_and_active_diameter,5,5,none,Декоративная юбка 200 мм,https://dimohod-trade.pro/product/dekorativnaya-yubka-d200,yes,https://dimohod-trade.pro/catalog/uzly-prohoda-sten-i-perekrytiy,yes,canonical_url,yes,оцинковка,685.30,keep_url; no_redirect
https://dimohod-trade.pro/product/dekorativnaya-yubka-d210,28.08.2026,LOW_DEMAND,DELETE,28.08.2026:DELETE:LOW_DEMAND:200 | 21.08.2026:ADD:SEARCHABLE:200,200,live_product_page,dekorativnaya-yubka,Декоративная юбка,210,active_family_and_active_diameter,5,5,none,Декоративная юбка 210 мм,https://dimohod-trade.pro/product/dekorativnaya-yubka-d210,yes,https://dimohod-trade.pro/catalog/uzly-prohoda-sten-i-perekrytiy,yes,canonical_url,yes,оцинковка,704.00,keep_url; no_redirect
https://dimohod-trade.pro/product/dekorativnaya-yubka-d220,28.08.2026,LOW_DEMAND,DELETE,28.08.2026:DELETE:LOW_DEMAND:200 | 21.08.2026:ADD:SEARCHABLE:200,200,live_product_page,dekorativnaya-yubka,Декоративная юбка,220,active_family_and_active_diameter,5,5,none,Декоративная юбка 220 мм,https://dimohod-trade.pro/product/dekorativnaya-yubka-d220,yes,https://dimohod-trade.pro/catalog/uzly-prohoda-sten-i-perekrytiy,yes,canonical_url,yes,оцинковка,724.90,keep_url; no_redirect
https://dimohod-trade.pro/product/dekorativnaya-yubka-d230,28.08.2026,LOW_DEMAND,DELETE,28.08.2026:DELETE:LOW_DEMAND:200 | 21.08.2026:ADD:SEARCHABLE:200,200,live_product_page,dekorativnaya-yubka,Декоративная юбка,230,active_family_and_active_diameter,5,5,none,Декоративная юбка 230 мм,https://dimohod-trade.pro/product/dekorativnaya-yubka-d230,yes,https://dimohod-trade.pro/catalog/uzly-prohoda-sten-i-perekrytiy,yes,canonical_url,yes,оцинковка,742.50,keep_url; no_redirect
https://dimohod-trade.pro/product/dekorativnaya-yubka-d250,28.08.2026,LOW_DEMAND,DELETE,28.08.2026:DELETE:LOW_DEMAND:200 | 21.08.2026:ADD:SEARCHABLE:200,200,live_product_page,dekorativnaya-yubka,Декоративная юбка,250,active_family_and_active_diameter,5,5,none,Декоративная юбка 250 мм,https://dimohod-trade.pro/product/dekorativnaya-yubka-d250,yes,https://dimohod-trade.pro/catalog/uzly-prohoda-sten-i-perekrytiy,yes,canonical_url,yes,оцинковка,809.60,keep_url; no_redirect
https://dimohod-trade.pro/product/dekorativnaya-yubka-d280,28.08.2026,LOW_DEMAND,DELETE,28.08.2026:DELETE:LOW_DEMAND:200 | 21.08.2026:ADD:SEARCHABLE:200,200,live_product_page,dekorativnaya-yubka,Декоративная юбка,280,active_family_and_active_diameter,5,5,none,Декоративная юбка 280 мм,https://dimohod-trade.pro/product/dekorativnaya-yubka-d280,yes,https://dimohod-trade.pro/catalog/uzly-prohoda-sten-i-perekrytiy,yes,canonical_url,yes,оцинковка,881.10,keep_url; no_redirect
https://dimohod-trade.pro/product/dekorativnaya-yubka-d300,28.08.2026,LOW_DEMAND,DELETE,28.08.2026:DELETE:LOW_DEMAND:200 | 21.08.2026:ADD:SEARCHABLE:200,200,live_product_page,dekorativnaya-yubka,Декоративная юбка,300,active_family_and_active_diameter,5,5,none,Декоративная юбка 300 мм,https://dimohod-trade.pro/product/dekorativnaya-yubka-d300,yes,https://dimohod-trade.pro/catalog/uzly-prohoda-sten-i-perekrytiy,yes,canonical_url,yes,оцинковка,964.70,keep_url; no_redirect
https://dimohod-trade.pro/product/flanets-dekorativnyy,28.08.2026,LOW_DEMAND,DELETE,28.08.2026:DELETE:LOW_DEMAND:200 | 21.08.2026:ADD:SEARCHABLE:200,200,live_product_page,flanets-dekorativnyy,Фланец декоративный,,active_family_and_active_diameter,66,66,none,Фланец декоративный,https://dimohod-trade.pro/product/flanets-dekorativnyy,yes,https://dimohod-trade.pro/catalog/flantsy,yes,sku_query_variant,yes,AISI 304,5643.00,keep_url; no_redirect
https://dimohod-trade.pro/product/homut-v-perekrytie,28.08.2026,LOW_DEMAND,DELETE,28.08.2026:DELETE:LOW_DEMAND:200 | 21.08.2026:ADD:SEARCHABLE:200,200,live_product_page,homut-v-perekrytie,Хомут в перекрытие,,active_family_and_active_diameter,2,2,none,Хомут в перекрытие,https://dimohod-trade.pro/product/homut-v-perekrytie,yes,https://dimohod-trade.pro/catalog/uzly-prohoda-sten-i-perekrytiy,yes,sku_query_variant,yes,Оцинкованная сталь,2200.00,keep_url; no_redirect
https://dimohod-trade.pro/product/komplekt-vaty-dlya-prohodnogo-stakana,28.08.2026,LOW_DEMAND,DELETE,28.08.2026:DELETE:LOW_DEMAND:200 | 21.08.2026:ADD:SEARCHABLE:200,200,live_product_page,komplekt-vaty-dlya-prohodnogo-stakana,Комплект ваты для проходного стакана,,active_family_and_active_diameter,1,1,none,Комплект ваты для проходного стакана,https://dimohod-trade.pro/product/komplekt-vaty-dlya-prohodnogo-stakana,yes,https://dimohod-trade.pro/catalog/uzly-prohoda-sten-i-perekrytiy,yes,sku_query_variant,yes,,900.00,keep_url; no_redirect
https://dimohod-trade.pro/product/konsol-teleskopicheskaya,28.08.2026,LOW_DEMAND,DELETE,28.08.2026:DELETE:LOW_DEMAND:200 | 21.08.2026:ADD:SEARCHABLE:200,200,live_product_page,konsol-teleskopicheskaya,Консоль телескопическая,,active_family_and_active_diameter,2,2,none,Консоль телескопическая,https://dimohod-trade.pro/product/konsol-teleskopicheskaya,yes,https://dimohod-trade.pro/catalog/homuty-i-krepezh,yes,sku_query_variant,yes,,2500.00,keep_url; no_redirect
https://dimohod-trade.pro/product/master-flesh,28.08.2026,LOW_DEMAND,DELETE,28.08.2026:DELETE:LOW_DEMAND:200 | 21.08.2026:ADD:SEARCHABLE:200,200,live_product_page,master-flesh,Мастер-флеш,,active_family_and_active_diameter,1,1,none,Мастер-флеш,https://dimohod-trade.pro/product/master-flesh,yes,https://dimohod-trade.pro/catalog/uzly-prohoda-krovli,yes,sku_query_variant,yes,,2300.00,keep_url; no_redirect
https://dimohod-trade.pro/product/odnostennyi-chetvernik-s-k-o-90gr-d100,28.08.2026,LOW_DEMAND,DELETE,28.08.2026:DELETE:LOW_DEMAND:200 | 21.08.2026:ADD:SEARCHABLE:200,200,soft_404_product_not_found,odnostennyi-chetvernik-s-k-o-90gr,Одноконтурный четверник с К/О 90°,100,active_family_and_active_diameter,9,9,missing_applicable_photo,,,no,https://dimohod-trade.pro/catalog/odnokonturnye-chetverniki,no,none,,,,restore_publication_data_for_active_product; if intentionally withdrawn return real 404/410; do_not_redirect_to_catalog
https://dimohod-trade.pro/product/odnostennyi-chetvernik-s-k-o-90gr-d110,28.08.2026,LOW_DEMAND,DELETE,28.08.2026:DELETE:LOW_DEMAND:200 | 21.08.2026:ADD:SEARCHABLE:200,200,soft_404_product_not_found,odnostennyi-chetvernik-s-k-o-90gr,Одноконтурный четверник с К/О 90°,110,active_family_and_active_diameter,9,9,missing_applicable_photo,,,no,https://dimohod-trade.pro/catalog/odnokonturnye-chetverniki,no,none,,,,restore_publication_data_for_active_product; if intentionally withdrawn return real 404/410; do_not_redirect_to_catalog
https://dimohod-trade.pro/product/odnostennyi-chetvernik-s-k-o-90gr-d120,28.08.2026,LOW_DEMAND,DELETE,28.08.2026:DELETE:LOW_DEMAND:200 | 21.08.2026:ADD:SEARCHABLE:200,200,soft_404_product_not_found,odnostennyi-chetvernik-s-k-o-90gr,Одноконтурный четверник с К/О 90°,120,active_family_and_active_diameter,9,9,missing_applicable_photo,,,no,https://dimohod-trade.pro/catalog/odnokonturnye-chetverniki,no,none,,,,restore_publication_data_for_active_product; if intentionally withdrawn return real 404/410; do_not_redirect_to_catalog
https://dimohod-trade.pro/product/odnostennyi-chetvernik-s-k-o-90gr-d130,28.08.2026,LOW_DEMAND,DELETE,28.08.2026:DELETE:LOW_DEMAND:200 | 21.08.2026:ADD:SEARCHABLE:200,200,soft_404_product_not_found,odnostennyi-chetvernik-s-k-o-90gr,Одноконтурный четверник с К/О 90°,130,active_family_and_active_diameter,9,9,missing_applicable_photo,,,no,https://dimohod-trade.pro/catalog/odnokonturnye-chetverniki,no,none,,,,restore_publication_data_for_active_product; if intentionally withdrawn return real 404/410; do_not_redirect_to_catalog
https://dimohod-trade.pro/product/odnostennyi-chetvernik-s-k-o-90gr-d150,28.08.2026,LOW_DEMAND,DELETE,28.08.2026:DELETE:LOW_DEMAND:200 | 21.08.2026:ADD:SEARCHABLE:200,200,soft_404_product_not_found,odnostennyi-chetvernik-s-k-o-90gr,Одноконтурный четверник с К/О 90°,150,active_family_and_active_diameter,9,9,missing_applicable_photo,,,no,https://dimohod-trade.pro/catalog/odnokonturnye-chetverniki,no,none,,,,restore_publication_data_for_active_product; if intentionally withdrawn return real 404/410; do_not_redirect_to_catalog
https://dimohod-trade.pro/product/odnostennyi-chetvernik-s-k-o-90gr-d160,28.08.2026,LOW_DEMAND,DELETE,28.08.2026:DELETE:LOW_DEMAND:200 | 21.08.2026:ADD:SEARCHABLE:200,200,soft_404_product_not_found,odnostennyi-chetvernik-s-k-o-90gr,Одноконтурный четверник с К/О 90°,160,active_family_and_active_diameter,9,9,missing_applicable_photo,,,no,https://dimohod-trade.pro/catalog/odnokonturnye-chetverniki,no,none,,,,restore_publication_data_for_active_product; if intentionally withdrawn return real 404/410; do_not_redirect_to_catalog
https://dimohod-trade.pro/product/odnostennyi-chetvernik-s-k-o-90gr-d180,28.08.2026,LOW_DEMAND,DELETE,28.08.2026:DELETE:LOW_DEMAND:200 | 21.08.2026:ADD:SEARCHABLE:200,200,soft_404_product_not_found,odnostennyi-chetvernik-s-k-o-90gr,Одноконтурный четверник с К/О 90°,180,active_family_and_active_diameter,9,9,missing_applicable_photo,,,no,https://dimohod-trade.pro/catalog/odnokonturnye-chetverniki,no,none,,,,restore_publication_data_for_active_product; if intentionally withdrawn return real 404/410; do_not_redirect_to_catalog
https://dimohod-trade.pro/product/odnostennyi-chetvernik-s-k-o-90gr-d200,28.08.2026,LOW_DEMAND,DELETE,28.08.2026:DELETE:LOW_DEMAND:200 | 21.08.2026:ADD:SEARCHABLE:200,200,soft_404_product_not_found,odnostennyi-chetvernik-s-k-o-90gr,Одноконтурный четверник с К/О 90°,200,active_family_and_active_diameter,9,9,missing_applicable_photo,,,no,https://dimohod-trade.pro/catalog/odnokonturnye-chetverniki,no,none,,,,restore_publication_data_for_active_product; if intentionally withdrawn return real 404/410; do_not_redirect_to_catalog
https://dimohod-trade.pro/product/odnostennyi-chetvernik-s-k-o-90gr-d210,28.08.2026,LOW_DEMAND,DELETE,28.08.2026:DELETE:LOW_DEMAND:200 | 21.08.2026:ADD:SEARCHABLE:200,200,soft_404_product_not_found,odnostennyi-chetvernik-s-k-o-90gr,Одноконтурный четверник с К/О 90°,210,active_family_and_active_diameter,9,9,missing_applicable_photo,,,no,https://dimohod-trade.pro/catalog/odnokonturnye-chetverniki,no,none,,,,restore_publication_data_for_active_product; if intentionally withdrawn return real 404/410; do_not_redirect_to_catalog
https://dimohod-trade.pro/product/odnostennyi-chetvernik-s-k-o-90gr-d220,28.08.2026,LOW_DEMAND,DELETE,28.08.2026:DELETE:LOW_DEMAND:200 | 21.08.2026:ADD:SEARCHABLE:200,200,soft_404_product_not_found,odnostennyi-chetvernik-s-k-o-90gr,Одноконтурный четверник с К/О 90°,220,active_family_and_active_diameter,9,9,missing_applicable_photo,,,no,https://dimohod-trade.pro/catalog/odnokonturnye-chetverniki,no,none,,,,restore_publication_data_for_active_product; if intentionally withdrawn return real 404/410; do_not_redirect_to_catalog
https://dimohod-trade.pro/product/odnostennyi-chetvernik-s-k-o-90gr-d230,28.08.2026,LOW_DEMAND,DELETE,28.08.2026:DELETE:LOW_DEMAND:200 | 21.08.2026:ADD:SEARCHABLE:200,200,soft_404_product_not_found,odnostennyi-chetvernik-s-k-o-90gr,Одноконтурный четверник с К/О 90°,230,active_family_and_active_diameter,9,9,missing_applicable_photo,,,no,https://dimohod-trade.pro/catalog/odnokonturnye-chetverniki,no,none,,,,restore_publication_data_for_active_product; if intentionally withdrawn return real 404/410; do_not_redirect_to_catalog
https://dimohod-trade.pro/product/odnostennyi-chetvernik-s-k-o-90gr-d250,28.08.2026,LOW_DEMAND,DELETE,28.08.2026:DELETE:LOW_DEMAND:200 | 21.08.2026:ADD:SEARCHABLE:200,200,soft_404_product_not_found,odnostennyi-chetvernik-s-k-o-90gr,Одноконтурный четверник с К/О 90°,250,active_family_and_active_diameter,9,9,missing_applicable_photo,,,no,https://dimohod-trade.pro/catalog/odnokonturnye-chetverniki,no,none,,,,restore_publication_data_for_active_product; if intentionally withdrawn return real 404/410; do_not_redirect_to_catalog
https://dimohod-trade.pro/product/odnostennyi-chetvernik-s-k-o-90gr-d300,28.08.2026,LOW_DEMAND,DELETE,28.08.2026:DELETE:LOW_DEMAND:200 | 21.08.2026:ADD:SEARCHABLE:200,200,soft_404_product_not_found,odnostennyi-chetvernik-s-k-o-90gr,Одноконтурный четверник с К/О 90°,300,active_family_and_active_diameter,9,9,missing_applicable_photo,,,no,https://dimohod-trade.pro/catalog/odnokonturnye-chetverniki,no,none,,,,restore_publication_data_for_active_product; if intentionally withdrawn return real 404/410; do_not_redirect_to_catalog
https://dimohod-trade.pro/product/odnostennyi-kondensatootvod-d100,28.08.2026,LOW_DEMAND,DELETE,28.08.2026:DELETE:LOW_DEMAND:200 | 21.08.2026:ADD:SEARCHABLE:200,200,soft_404_product_not_found,odnostennyi-kondensatootvod,Одноконтурный конденсатоотвод,100,active_family_and_active_diameter,5,5,missing_applicable_photo,,,no,https://dimohod-trade.pro/catalog/odnokonturnye-otvody,no,none,,,,restore_publication_data_for_active_product; if intentionally withdrawn return real 404/410; do_not_redirect_to_catalog
https://dimohod-trade.pro/product/odnostennyi-kondensatootvod-d110,28.08.2026,LOW_DEMAND,DELETE,28.08.2026:DELETE:LOW_DEMAND:200 | 21.08.2026:ADD:SEARCHABLE:200,200,soft_404_product_not_found,odnostennyi-kondensatootvod,Одноконтурный конденсатоотвод,110,active_family_and_active_diameter,5,5,missing_applicable_photo,,,no,https://dimohod-trade.pro/catalog/odnokonturnye-otvody,no,none,,,,restore_publication_data_for_active_product; if intentionally withdrawn return real 404/410; do_not_redirect_to_catalog
https://dimohod-trade.pro/product/odnostennyi-kondensatootvod-d120,28.08.2026,LOW_DEMAND,DELETE,28.08.2026:DELETE:LOW_DEMAND:200 | 21.08.2026:ADD:SEARCHABLE:200,200,soft_404_product_not_found,odnostennyi-kondensatootvod,Одноконтурный конденсатоотвод,120,active_family_and_active_diameter,5,5,missing_applicable_photo,,,no,https://dimohod-trade.pro/catalog/odnokonturnye-otvody,no,none,,,,restore_publication_data_for_active_product; if intentionally withdrawn return real 404/410; do_not_redirect_to_catalog
https://dimohod-trade.pro/product/odnostennyi-kondensatootvod-d130,28.08.2026,LOW_DEMAND,DELETE,28.08.2026:DELETE:LOW_DEMAND:200 | 21.08.2026:ADD:SEARCHABLE:200,200,soft_404_product_not_found,odnostennyi-kondensatootvod,Одноконтурный конденсатоотвод,130,active_family_and_active_diameter,5,5,missing_applicable_photo,,,no,https://dimohod-trade.pro/catalog/odnokonturnye-otvody,no,none,,,,restore_publication_data_for_active_product; if intentionally withdrawn return real 404/410; do_not_redirect_to_catalog
https://dimohod-trade.pro/product/odnostennyi-kondensatootvod-d140,28.08.2026,LOW_DEMAND,DELETE,28.08.2026:DELETE:LOW_DEMAND:200 | 21.08.2026:ADD:SEARCHABLE:200,200,soft_404_product_not_found,odnostennyi-kondensatootvod,Одноконтурный конденсатоотвод,140,active_family_and_active_diameter,5,5,missing_applicable_photo,,,no,https://dimohod-trade.pro/catalog/odnokonturnye-otvody,no,none,,,,restore_publication_data_for_active_product; if intentionally withdrawn return real 404/410; do_not_redirect_to_catalog
https://dimohod-trade.pro/product/odnostennyi-kondensatootvod-d150,28.08.2026,LOW_DEMAND,DELETE,28.08.2026:DELETE:LOW_DEMAND:200 | 21.08.2026:ADD:SEARCHABLE:200,200,soft_404_product_not_found,odnostennyi-kondensatootvod,Одноконтурный конденсатоотвод,150,active_family_and_active_diameter,5,5,missing_applicable_photo,,,no,https://dimohod-trade.pro/catalog/odnokonturnye-otvody,no,none,,,,restore_publication_data_for_active_product; if intentionally withdrawn return real 404/410; do_not_redirect_to_catalog
https://dimohod-trade.pro/product/odnostennyi-kondensatootvod-d160,28.08.2026,LOW_DEMAND,DELETE,28.08.2026:DELETE:LOW_DEMAND:200 | 21.08.2026:ADD:SEARCHABLE:200,200,soft_404_product_not_found,odnostennyi-kondensatootvod,Одноконтурный конденсатоотвод,160,active_family_and_active_diameter,5,5,missing_applicable_photo,,,no,https://dimohod-trade.pro/catalog/odnokonturnye-otvody,no,none,,,,restore_publication_data_for_active_product; if intentionally withdrawn return real 404/410; do_not_redirect_to_catalog
https://dimohod-trade.pro/product/odnostennyi-kondensatootvod-d180,28.08.2026,LOW_DEMAND,DELETE,28.08.2026:DELETE:LOW_DEMAND:200 | 21.08.2026:ADD:SEARCHABLE:200,200,soft_404_product_not_found,odnostennyi-kondensatootvod,Одноконтурный конденсатоотвод,180,active_family_and_active_diameter,5,5,missing_applicable_photo,,,no,https://dimohod-trade.pro/catalog/odnokonturnye-otvody,no,none,,,,restore_publication_data_for_active_product; if intentionally withdrawn return real 404/410; do_not_redirect_to_catalog
https://dimohod-trade.pro/product/odnostennyi-kondensatootvod-d200,28.08.2026,LOW_DEMAND,DELETE,28.08.2026:DELETE:LOW_DEMAND:200 | 21.08.2026:ADD:SEARCHABLE:200,200,soft_404_product_not_found,odnostennyi-kondensatootvod,Одноконтурный конденсатоотвод,200,active_family_and_active_diameter,5,5,missing_applicable_photo,,,no,https://dimohod-trade.pro/catalog/odnokonturnye-otvody,no,none,,,,restore_publication_data_for_active_product; if intentionally withdrawn return real 404/410; do_not_redirect_to_catalog
https://dimohod-trade.pro/product/odnostennyi-kondensatootvod-d210,28.08.2026,LOW_DEMAND,DELETE,28.08.2026:DELETE:LOW_DEMAND:200 | 21.08.2026:ADD:SEARCHABLE:200,200,soft_404_product_not_found,odnostennyi-kondensatootvod,Одноконтурный конденсатоотвод,210,active_family_and_active_diameter,5,5,missing_applicable_photo,,,no,https://dimohod-trade.pro/catalog/odnokonturnye-otvody,no,none,,,,restore_publication_data_for_active_product; if intentionally withdrawn return real 404/410; do_not_redirect_to_catalog
https://dimohod-trade.pro/product/odnostennyi-kondensatootvod-d220,28.08.2026,LOW_DEMAND,DELETE,28.08.2026:DELETE:LOW_DEMAND:200 | 21.08.2026:ADD:SEARCHABLE:200,200,soft_404_product_not_found,odnostennyi-kondensatootvod,Одноконтурный конденсатоотвод,220,active_family_and_active_diameter,5,5,missing_applicable_photo,,,no,https://dimohod-trade.pro/catalog/odnokonturnye-otvody,no,none,,,,restore_publication_data_for_active_product; if intentionally withdrawn return real 404/410; do_not_redirect_to_catalog
https://dimohod-trade.pro/product/odnostennyi-kondensatootvod-d230,28.08.2026,LOW_DEMAND,DELETE,28.08.2026:DELETE:LOW_DEMAND:200 | 21.08.2026:ADD:SEARCHABLE:200,200,soft_404_product_not_found,odnostennyi-kondensatootvod,Одноконтурный конденсатоотвод,230,active_family_and_active_diameter,5,5,missing_applicable_photo,,,no,https://dimohod-trade.pro/catalog/odnokonturnye-otvody,no,none,,,,restore_publication_data_for_active_product; if intentionally withdrawn return real 404/410; do_not_redirect_to_catalog
https://dimohod-trade.pro/product/odnostennyi-kondensatootvod-d250,28.08.2026,LOW_DEMAND,DELETE,28.08.2026:DELETE:LOW_DEMAND:200 | 21.08.2026:ADD:SEARCHABLE:200,200,soft_404_product_not_found,odnostennyi-kondensatootvod,Одноконтурный конденсатоотвод,250,active_family_and_active_diameter,5,5,missing_applicable_photo,,,no,https://dimohod-trade.pro/catalog/odnokonturnye-otvody,no,none,,,,restore_publication_data_for_active_product; if intentionally withdrawn return real 404/410; do_not_redirect_to_catalog
https://dimohod-trade.pro/product/odnostennyi-kondensatootvod-d280,28.08.2026,LOW_DEMAND,DELETE,28.08.2026:DELETE:LOW_DEMAND:200 | 21.08.2026:ADD:SEARCHABLE:200,200,soft_404_product_not_found,odnostennyi-kondensatootvod,Одноконтурный конденсатоотвод,280,active_family_and_active_diameter,5,5,missing_applicable_photo,,,no,https://dimohod-trade.pro/catalog/odnokonturnye-otvody,no,none,,,,restore_publication_data_for_active_product; if intentionally withdrawn return real 404/410; do_not_redirect_to_catalog
https://dimohod-trade.pro/product/odnostennyi-kondensatootvod-d300,28.08.2026,LOW_DEMAND,DELETE,28.08.2026:DELETE:LOW_DEMAND:200 | 21.08.2026:ADD:SEARCHABLE:200,200,soft_404_product_not_found,odnostennyi-kondensatootvod,Одноконтурный конденсатоотвод,300,active_family_and_active_diameter,5,5,missing_applicable_photo,,,no,https://dimohod-trade.pro/catalog/odnokonturnye-otvody,no,none,,,,restore_publication_data_for_active_product; if intentionally withdrawn return real 404/410; do_not_redirect_to_catalog
https://dimohod-trade.pro/product/odnostennyi-krepezh-homut-shirokii-d110,28.08.2026,LOW_DEMAND,DELETE,28.08.2026:DELETE:LOW_DEMAND:200 | 21.08.2026:ADD:SEARCHABLE:200,200,live_product_page,odnostennyi-krepezh-homut-shirokii,Одноконтурный хомут широкий,110,active_family_and_active_diameter,5,5,none,Одноконтурный хомут широкий 110 мм,https://dimohod-trade.pro/product/odnostennyi-krepezh-homut-shirokii-d110,yes,https://dimohod-trade.pro/catalog/homuty-i-krepezh,yes,canonical_url,yes,оцинковка,489.50,keep_url; no_redirect
https://dimohod-trade.pro/product/odnostennyi-krepezh-homut-shirokii-d120,28.08.2026,LOW_DEMAND,DELETE,28.08.2026:DELETE:LOW_DEMAND:200 | 21.08.2026:ADD:SEARCHABLE:200,200,live_product_page,odnostennyi-krepezh-homut-shirokii,Одноконтурный хомут широкий,120,active_family_and_active_diameter,5,5,none,Одноконтурный хомут широкий 120 мм,https://dimohod-trade.pro/product/odnostennyi-krepezh-homut-shirokii-d120,yes,https://dimohod-trade.pro/catalog/homuty-i-krepezh,yes,canonical_url,yes,оцинковка,499.40,keep_url; no_redirect
https://dimohod-trade.pro/product/odnostennyi-krepezh-homut-shirokii-d130,28.08.2026,LOW_DEMAND,DELETE,28.08.2026:DELETE:LOW_DEMAND:200 | 21.08.2026:ADD:SEARCHABLE:200,200,live_product_page,odnostennyi-krepezh-homut-shirokii,Одноконтурный хомут широкий,130,active_family_and_active_diameter,5,5,none,Одноконтурный хомут широкий 130 мм,https://dimohod-trade.pro/product/odnostennyi-krepezh-homut-shirokii-d130,yes,https://dimohod-trade.pro/catalog/homuty-i-krepezh,yes,canonical_url,yes,оцинковка,508.20,keep_url; no_redirect
https://dimohod-trade.pro/product/odnostennyi-krepezh-homut-shirokii-d140,28.08.2026,LOW_DEMAND,DELETE,28.08.2026:DELETE:LOW_DEMAND:200 | 21.08.2026:ADD:SEARCHABLE:200,200,live_product_page,odnostennyi-krepezh-homut-shirokii,Одноконтурный хомут широкий,140,active_family_and_active_diameter,5,5,none,Одноконтурный хомут широкий 140 мм,https://dimohod-trade.pro/product/odnostennyi-krepezh-homut-shirokii-d140,yes,https://dimohod-trade.pro/catalog/homuty-i-krepezh,yes,canonical_url,yes,оцинковка,518.10,keep_url; no_redirect
https://dimohod-trade.pro/product/odnostennyi-krepezh-homut-shirokii-d160,28.08.2026,LOW_DEMAND,DELETE,28.08.2026:DELETE:LOW_DEMAND:200 | 21.08.2026:ADD:SEARCHABLE:200,200,live_product_page,odnostennyi-krepezh-homut-shirokii,Одноконтурный хомут широкий,160,active_family_and_active_diameter,5,5,none,Одноконтурный хомут широкий 160 мм,https://dimohod-trade.pro/product/odnostennyi-krepezh-homut-shirokii-d160,yes,https://dimohod-trade.pro/catalog/homuty-i-krepezh,yes,canonical_url,yes,оцинковка,558.80,keep_url; no_redirect
https://dimohod-trade.pro/product/odnostennyi-krepezh-homut-shirokii-d180,28.08.2026,LOW_DEMAND,DELETE,28.08.2026:DELETE:LOW_DEMAND:200 | 21.08.2026:ADD:SEARCHABLE:200,200,live_product_page,odnostennyi-krepezh-homut-shirokii,Одноконтурный хомут широкий,180,active_family_and_active_diameter,5,5,none,Одноконтурный хомут широкий 180 мм,https://dimohod-trade.pro/product/odnostennyi-krepezh-homut-shirokii-d180,yes,https://dimohod-trade.pro/catalog/homuty-i-krepezh,yes,canonical_url,yes,оцинковка,581.90,keep_url; no_redirect
https://dimohod-trade.pro/product/odnostennyi-krepezh-homut-shirokii-d200,28.08.2026,LOW_DEMAND,DELETE,28.08.2026:DELETE:LOW_DEMAND:200 | 21.08.2026:ADD:SEARCHABLE:200,200,live_product_page,odnostennyi-krepezh-homut-shirokii,Одноконтурный хомут широкий,200,active_family_and_active_diameter,5,5,none,Одноконтурный хомут широкий 200 мм,https://dimohod-trade.pro/product/odnostennyi-krepezh-homut-shirokii-d200,yes,https://dimohod-trade.pro/catalog/homuty-i-krepezh,yes,canonical_url,yes,оцинковка,596.20,keep_url; no_redirect
https://dimohod-trade.pro/product/odnostennyi-krepezh-homut-shirokii-d210,28.08.2026,LOW_DEMAND,DELETE,28.08.2026:DELETE:LOW_DEMAND:200 | 21.08.2026:ADD:SEARCHABLE:200,200,live_product_page,odnostennyi-krepezh-homut-shirokii,Одноконтурный хомут широкий,210,active_family_and_active_diameter,5,5,none,Одноконтурный хомут широкий 210 мм,https://dimohod-trade.pro/product/odnostennyi-krepezh-homut-shirokii-d210,yes,https://dimohod-trade.pro/catalog/homuty-i-krepezh,yes,canonical_url,yes,оцинковка,607.20,keep_url; no_redirect
https://dimohod-trade.pro/product/odnostennyi-krepezh-homut-shirokii-d220,28.08.2026,LOW_DEMAND,DELETE,28.08.2026:DELETE:LOW_DEMAND:200 | 21.08.2026:ADD:SEARCHABLE:200,200,live_product_page,odnostennyi-krepezh-homut-shirokii,Одноконтурный хомут широкий,220,active_family_and_active_diameter,5,5,none,Одноконтурный хомут широкий 220 мм,https://dimohod-trade.pro/product/odnostennyi-krepezh-homut-shirokii-d220,yes,https://dimohod-trade.pro/catalog/homuty-i-krepezh,yes,canonical_url,yes,оцинковка,609.40,keep_url; no_redirect
https://dimohod-trade.pro/product/odnostennyi-krepezh-homut-shirokii-d230,28.08.2026,LOW_DEMAND,DELETE,28.08.2026:DELETE:LOW_DEMAND:200 | 21.08.2026:ADD:SEARCHABLE:200,200,live_product_page,odnostennyi-krepezh-homut-shirokii,Одноконтурный хомут широкий,230,active_family_and_active_diameter,5,5,none,Одноконтурный хомут широкий 230 мм,https://dimohod-trade.pro/product/odnostennyi-krepezh-homut-shirokii-d230,yes,https://dimohod-trade.pro/catalog/homuty-i-krepezh,yes,canonical_url,yes,оцинковка,624.80,keep_url; no_redirect
https://dimohod-trade.pro/product/odnostennyi-krepezh-homut-shirokii-d250,28.08.2026,LOW_DEMAND,DELETE,28.08.2026:DELETE:LOW_DEMAND:200 | 21.08.2026:ADD:SEARCHABLE:200,200,live_product_page,odnostennyi-krepezh-homut-shirokii,Одноконтурный хомут широкий,250,active_family_and_active_diameter,5,5,none,Одноконтурный хомут широкий 250 мм,https://dimohod-trade.pro/product/odnostennyi-krepezh-homut-shirokii-d250,yes,https://dimohod-trade.pro/catalog/homuty-i-krepezh,yes,canonical_url,yes,оцинковка,676.50,keep_url; no_redirect
https://dimohod-trade.pro/product/odnostennyi-krepezh-homut-shirokii-d280,28.08.2026,LOW_DEMAND,DELETE,28.08.2026:DELETE:LOW_DEMAND:200 | 21.08.2026:ADD:SEARCHABLE:200,200,live_product_page,odnostennyi-krepezh-homut-shirokii,Одноконтурный хомут широкий,280,active_family_and_active_diameter,5,5,none,Одноконтурный хомут широкий 280 мм,https://dimohod-trade.pro/product/odnostennyi-krepezh-homut-shirokii-d280,yes,https://dimohod-trade.pro/catalog/homuty-i-krepezh,yes,canonical_url,yes,оцинковка,712.80,keep_url; no_redirect
https://dimohod-trade.pro/product/odnostennyi-krepezh-homut-shirokii-d300,28.08.2026,LOW_DEMAND,DELETE,28.08.2026:DELETE:LOW_DEMAND:200 | 21.08.2026:ADD:SEARCHABLE:200,200,live_product_page,odnostennyi-krepezh-homut-shirokii,Одноконтурный хомут широкий,300,active_family_and_active_diameter,5,5,none,Одноконтурный хомут широкий 300 мм,https://dimohod-trade.pro/product/odnostennyi-krepezh-homut-shirokii-d300,yes,https://dimohod-trade.pro/catalog/homuty-i-krepezh,yes,canonical_url,yes,оцинковка,789.80,keep_url; no_redirect
https://dimohod-trade.pro/product/odnostennyi-krepezh-homut-silovoi-d100,28.08.2026,LOW_DEMAND,DELETE,28.08.2026:DELETE:LOW_DEMAND:200 | 21.08.2026:ADD:SEARCHABLE:200,200,live_product_page,odnostennyi-krepezh-homut-silovoi,Хомут силовой для консоли,100,active_family_and_active_diameter,5,5,none,Хомут силовой для консоли 100 мм,https://dimohod-trade.pro/product/odnostennyi-krepezh-homut-silovoi-d100,yes,https://dimohod-trade.pro/catalog/homuty-i-krepezh,yes,canonical_url,yes,Нержавеющая сталь,427.90,keep_url; no_redirect
https://dimohod-trade.pro/product/odnostennyi-krepezh-homut-silovoi-d110,28.08.2026,LOW_DEMAND,DELETE,28.08.2026:DELETE:LOW_DEMAND:200 | 21.08.2026:ADD:SEARCHABLE:200,200,live_product_page,odnostennyi-krepezh-homut-silovoi,Хомут силовой для консоли,110,active_family_and_active_diameter,5,5,none,Хомут силовой для консоли 110 мм,https://dimohod-trade.pro/product/odnostennyi-krepezh-homut-silovoi-d110,yes,https://dimohod-trade.pro/catalog/homuty-i-krepezh,yes,canonical_url,yes,оцинковка,432.30,keep_url; no_redirect
https://dimohod-trade.pro/product/odnostennyi-krepezh-homut-silovoi-d120,28.08.2026,LOW_DEMAND,DELETE,28.08.2026:DELETE:LOW_DEMAND:200 | 21.08.2026:ADD:SEARCHABLE:200,200,live_product_page,odnostennyi-krepezh-homut-silovoi,Хомут силовой для консоли,120,active_family_and_active_diameter,5,5,none,Хомут силовой для консоли 120 мм,https://dimohod-trade.pro/product/odnostennyi-krepezh-homut-silovoi-d120,yes,https://dimohod-trade.pro/catalog/homuty-i-krepezh,yes,canonical_url,yes,оцинковка,434.50,keep_url; no_redirect
https://dimohod-trade.pro/product/odnostennyi-krepezh-homut-silovoi-d130,28.08.2026,LOW_DEMAND,DELETE,28.08.2026:DELETE:LOW_DEMAND:200 | 21.08.2026:ADD:SEARCHABLE:200,200,live_product_page,odnostennyi-krepezh-homut-silovoi,Хомут силовой для консоли,130,active_family_and_active_diameter,5,5,none,Хомут силовой для консоли 130 мм,https://dimohod-trade.pro/product/odnostennyi-krepezh-homut-silovoi-d130,yes,https://dimohod-trade.pro/catalog/homuty-i-krepezh,yes,canonical_url,yes,оцинковка,437.80,keep_url; no_redirect
https://dimohod-trade.pro/product/odnostennyi-krepezh-homut-silovoi-d140,28.08.2026,LOW_DEMAND,DELETE,28.08.2026:DELETE:LOW_DEMAND:200 | 21.08.2026:ADD:SEARCHABLE:200,200,live_product_page,odnostennyi-krepezh-homut-silovoi,Хомут силовой для консоли,140,active_family_and_active_diameter,5,5,none,Хомут силовой для консоли 140 мм,https://dimohod-trade.pro/product/odnostennyi-krepezh-homut-silovoi-d140,yes,https://dimohod-trade.pro/catalog/homuty-i-krepezh,yes,canonical_url,yes,оцинковка,442.20,keep_url; no_redirect
https://dimohod-trade.pro/product/odnostennyi-krepezh-homut-silovoi-d160,28.08.2026,LOW_DEMAND,DELETE,28.08.2026:DELETE:LOW_DEMAND:200 | 21.08.2026:ADD:SEARCHABLE:200,200,live_product_page,odnostennyi-krepezh-homut-silovoi,Хомут силовой для консоли,160,active_family_and_active_diameter,5,5,none,Хомут силовой для консоли 160 мм,https://dimohod-trade.pro/product/odnostennyi-krepezh-homut-silovoi-d160,yes,https://dimohod-trade.pro/catalog/homuty-i-krepezh,yes,canonical_url,yes,оцинковка,463.10,keep_url; no_redirect
https://dimohod-trade.pro/product/odnostennyi-krepezh-homut-silovoi-d180,28.08.2026,LOW_DEMAND,DELETE,28.08.2026:DELETE:LOW_DEMAND:200 | 21.08.2026:ADD:SEARCHABLE:200,200,live_product_page,odnostennyi-krepezh-homut-silovoi,Хомут силовой для консоли,180,active_family_and_active_diameter,5,5,none,Хомут силовой для консоли 180 мм,https://dimohod-trade.pro/product/odnostennyi-krepezh-homut-silovoi-d180,yes,https://dimohod-trade.pro/catalog/homuty-i-krepezh,yes,canonical_url,yes,оцинковка,470.80,keep_url; no_redirect
https://dimohod-trade.pro/product/odnostennyi-krepezh-homut-silovoi-d200,28.08.2026,LOW_DEMAND,DELETE,28.08.2026:DELETE:LOW_DEMAND:200 | 21.08.2026:ADD:SEARCHABLE:200,200,live_product_page,odnostennyi-krepezh-homut-silovoi,Хомут силовой для консоли,200,active_family_and_active_diameter,5,5,none,Хомут силовой для консоли 200 мм,https://dimohod-trade.pro/product/odnostennyi-krepezh-homut-silovoi-d200,yes,https://dimohod-trade.pro/catalog/homuty-i-krepezh,yes,canonical_url,yes,оцинковка,520.30,keep_url; no_redirect
https://dimohod-trade.pro/product/odnostennyi-krepezh-homut-silovoi-d210,28.08.2026,LOW_DEMAND,DELETE,28.08.2026:DELETE:LOW_DEMAND:200 | 21.08.2026:ADD:SEARCHABLE:200,200,live_product_page,odnostennyi-krepezh-homut-silovoi,Хомут силовой для консоли,210,active_family_and_active_diameter,5,5,none,Хомут силовой для консоли 210 мм,https://dimohod-trade.pro/product/odnostennyi-krepezh-homut-silovoi-d210,yes,https://dimohod-trade.pro/catalog/homuty-i-krepezh,yes,canonical_url,yes,оцинковка,522.50,keep_url; no_redirect
https://dimohod-trade.pro/product/odnostennyi-krepezh-homut-silovoi-d220,28.08.2026,LOW_DEMAND,DELETE,28.08.2026:DELETE:LOW_DEMAND:200 | 21.08.2026:ADD:SEARCHABLE:200,200,live_product_page,odnostennyi-krepezh-homut-silovoi,Хомут силовой для консоли,220,active_family_and_active_diameter,5,5,none,Хомут силовой для консоли 220 мм,https://dimohod-trade.pro/product/odnostennyi-krepezh-homut-silovoi-d220,yes,https://dimohod-trade.pro/catalog/homuty-i-krepezh,yes,canonical_url,yes,оцинковка,530.20,keep_url; no_redirect
https://dimohod-trade.pro/product/odnostennyi-krepezh-homut-silovoi-d230,28.08.2026,LOW_DEMAND,DELETE,28.08.2026:DELETE:LOW_DEMAND:200 | 21.08.2026:ADD:SEARCHABLE:200,200,live_product_page,odnostennyi-krepezh-homut-silovoi,Хомут силовой для консоли,230,active_family_and_active_diameter,5,5,none,Хомут силовой для консоли 230 мм,https://dimohod-trade.pro/product/odnostennyi-krepezh-homut-silovoi-d230,yes,https://dimohod-trade.pro/catalog/homuty-i-krepezh,yes,canonical_url,yes,оцинковка,530.20,keep_url; no_redirect
https://dimohod-trade.pro/product/odnostennyi-krepezh-homut-silovoi-d250,28.08.2026,LOW_DEMAND,DELETE,28.08.2026:DELETE:LOW_DEMAND:200 | 21.08.2026:ADD:SEARCHABLE:200,200,live_product_page,odnostennyi-krepezh-homut-silovoi,Хомут силовой для консоли,250,active_family_and_active_diameter,5,5,none,Хомут силовой для консоли 250 мм,https://dimohod-trade.pro/product/odnostennyi-krepezh-homut-silovoi-d250,yes,https://dimohod-trade.pro/catalog/homuty-i-krepezh,yes,canonical_url,yes,оцинковка,586.30,keep_url; no_redirect
https://dimohod-trade.pro/product/odnostennyi-krepezh-homut-silovoi-d280,28.08.2026,LOW_DEMAND,DELETE,28.08.2026:DELETE:LOW_DEMAND:200 | 21.08.2026:ADD:SEARCHABLE:200,200,live_product_page,odnostennyi-krepezh-homut-silovoi,Хомут силовой для консоли,280,active_family_and_active_diameter,5,5,none,Хомут силовой для консоли 280 мм,https://dimohod-trade.pro/product/odnostennyi-krepezh-homut-silovoi-d280,yes,https://dimohod-trade.pro/catalog/homuty-i-krepezh,yes,canonical_url,yes,оцинковка,597.30,keep_url; no_redirect
https://dimohod-trade.pro/product/odnostennyi-krepezh-homut-silovoi-d300,28.08.2026,LOW_DEMAND,DELETE,28.08.2026:DELETE:LOW_DEMAND:200 | 21.08.2026:ADD:SEARCHABLE:200,200,live_product_page,odnostennyi-krepezh-homut-silovoi,Хомут силовой для консоли,300,active_family_and_active_diameter,5,5,none,Хомут силовой для консоли 300 мм,https://dimohod-trade.pro/product/odnostennyi-krepezh-homut-silovoi-d300,yes,https://dimohod-trade.pro/catalog/homuty-i-krepezh,yes,canonical_url,yes,оцинковка,577.50,keep_url; no_redirect
https://dimohod-trade.pro/product/odnostennyi-ogolovok-deflektor-d100,28.08.2026,LOW_DEMAND,DELETE,28.08.2026:DELETE:LOW_DEMAND:200 | 21.08.2026:ADD:SEARCHABLE:200,200,soft_404_product_not_found,odnostennyi-ogolovok-deflektor,Одноконтурный дефлектор,100,active_family_and_active_diameter,3,3,missing_applicable_photo,,,no,https://dimohod-trade.pro/catalog/ogolovki-i-deflektory,no,none,,,,restore_publication_data_for_active_product; if intentionally withdrawn return real 404/410; do_not_redirect_to_catalog
https://dimohod-trade.pro/product/odnostennyi-ogolovok-deflektor-d110,28.08.2026,LOW_DEMAND,DELETE,28.08.2026:DELETE:LOW_DEMAND:200 | 21.08.2026:ADD:SEARCHABLE:200,200,soft_404_product_not_found,odnostennyi-ogolovok-deflektor,Одноконтурный дефлектор,110,active_family_and_active_diameter,3,3,missing_applicable_photo,,,no,https://dimohod-trade.pro/catalog/ogolovki-i-deflektory,no,none,,,,restore_publication_data_for_active_product; if intentionally withdrawn return real 404/410; do_not_redirect_to_catalog
https://dimohod-trade.pro/product/odnostennyi-ogolovok-deflektor-d120,28.08.2026,LOW_DEMAND,DELETE,28.08.2026:DELETE:LOW_DEMAND:200 | 21.08.2026:ADD:SEARCHABLE:200,200,soft_404_product_not_found,odnostennyi-ogolovok-deflektor,Одноконтурный дефлектор,120,active_family_and_active_diameter,3,3,missing_applicable_photo,,,no,https://dimohod-trade.pro/catalog/ogolovki-i-deflektory,no,none,,,,restore_publication_data_for_active_product; if intentionally withdrawn return real 404/410; do_not_redirect_to_catalog
https://dimohod-trade.pro/product/odnostennyi-ogolovok-deflektor-d130,28.08.2026,LOW_DEMAND,DELETE,28.08.2026:DELETE:LOW_DEMAND:200 | 21.08.2026:ADD:SEARCHABLE:200,200,soft_404_product_not_found,odnostennyi-ogolovok-deflektor,Одноконтурный дефлектор,130,active_family_and_active_diameter,3,3,missing_applicable_photo,,,no,https://dimohod-trade.pro/catalog/ogolovki-i-deflektory,no,none,,,,restore_publication_data_for_active_product; if intentionally withdrawn return real 404/410; do_not_redirect_to_catalog
https://dimohod-trade.pro/product/odnostennyi-ogolovok-deflektor-d150,28.08.2026,LOW_DEMAND,DELETE,28.08.2026:DELETE:LOW_DEMAND:200 | 21.08.2026:ADD:SEARCHABLE:200,200,soft_404_product_not_found,odnostennyi-ogolovok-deflektor,Одноконтурный дефлектор,150,active_family_and_active_diameter,3,3,missing_applicable_photo,,,no,https://dimohod-trade.pro/catalog/ogolovki-i-deflektory,no,none,,,,restore_publication_data_for_active_product; if intentionally withdrawn return real 404/410; do_not_redirect_to_catalog
https://dimohod-trade.pro/product/odnostennyi-ogolovok-deflektor-d160,28.08.2026,LOW_DEMAND,DELETE,28.08.2026:DELETE:LOW_DEMAND:200 | 21.08.2026:ADD:SEARCHABLE:200,200,soft_404_product_not_found,odnostennyi-ogolovok-deflektor,Одноконтурный дефлектор,160,active_family_and_active_diameter,3,3,missing_applicable_photo,,,no,https://dimohod-trade.pro/catalog/ogolovki-i-deflektory,no,none,,,,restore_publication_data_for_active_product; if intentionally withdrawn return real 404/410; do_not_redirect_to_catalog
https://dimohod-trade.pro/product/odnostennyi-ogolovok-deflektor-d180,28.08.2026,LOW_DEMAND,DELETE,28.08.2026:DELETE:LOW_DEMAND:200 | 21.08.2026:ADD:SEARCHABLE:200,200,soft_404_product_not_found,odnostennyi-ogolovok-deflektor,Одноконтурный дефлектор,180,active_family_and_active_diameter,3,3,missing_applicable_photo,,,no,https://dimohod-trade.pro/catalog/ogolovki-i-deflektory,no,none,,,,restore_publication_data_for_active_product; if intentionally withdrawn return real 404/410; do_not_redirect_to_catalog
https://dimohod-trade.pro/product/odnostennyi-ogolovok-deflektor-d200,28.08.2026,LOW_DEMAND,DELETE,28.08.2026:DELETE:LOW_DEMAND:200 | 21.08.2026:ADD:SEARCHABLE:200,200,soft_404_product_not_found,odnostennyi-ogolovok-deflektor,Одноконтурный дефлектор,200,active_family_and_active_diameter,3,3,missing_applicable_photo,,,no,https://dimohod-trade.pro/catalog/ogolovki-i-deflektory,no,none,,,,restore_publication_data_for_active_product; if intentionally withdrawn return real 404/410; do_not_redirect_to_catalog
https://dimohod-trade.pro/product/odnostennyi-ogolovok-deflektor-d210,28.08.2026,LOW_DEMAND,DELETE,28.08.2026:DELETE:LOW_DEMAND:200 | 21.08.2026:ADD:SEARCHABLE:200,200,soft_404_product_not_found,odnostennyi-ogolovok-deflektor,Одноконтурный дефлектор,210,active_family_and_active_diameter,3,3,missing_applicable_photo,,,no,https://dimohod-trade.pro/catalog/ogolovki-i-deflektory,no,none,,,,restore_publication_data_for_active_product; if intentionally withdrawn return real 404/410; do_not_redirect_to_catalog
https://dimohod-trade.pro/product/odnostennyi-ogolovok-deflektor-d220,28.08.2026,LOW_DEMAND,DELETE,28.08.2026:DELETE:LOW_DEMAND:200 | 21.08.2026:ADD:SEARCHABLE:200,200,soft_404_product_not_found,odnostennyi-ogolovok-deflektor,Одноконтурный дефлектор,220,active_family_and_active_diameter,3,3,missing_applicable_photo,,,no,https://dimohod-trade.pro/catalog/ogolovki-i-deflektory,no,none,,,,restore_publication_data_for_active_product; if intentionally withdrawn return real 404/410; do_not_redirect_to_catalog
https://dimohod-trade.pro/product/odnostennyi-ogolovok-deflektor-d230,28.08.2026,LOW_DEMAND,DELETE,28.08.2026:DELETE:LOW_DEMAND:200 | 21.08.2026:ADD:SEARCHABLE:200,200,soft_404_product_not_found,odnostennyi-ogolovok-deflektor,Одноконтурный дефлектор,230,active_family_and_active_diameter,3,3,missing_applicable_photo,,,no,https://dimohod-trade.pro/catalog/ogolovki-i-deflektory,no,none,,,,restore_publication_data_for_active_product; if intentionally withdrawn return real 404/410; do_not_redirect_to_catalog
https://dimohod-trade.pro/product/odnostennyi-ogolovok-deflektor-d250,28.08.2026,LOW_DEMAND,DELETE,28.08.2026:DELETE:LOW_DEMAND:200 | 21.08.2026:ADD:SEARCHABLE:200,200,soft_404_product_not_found,odnostennyi-ogolovok-deflektor,Одноконтурный дефлектор,250,active_family_and_active_diameter,3,3,missing_applicable_photo,,,no,https://dimohod-trade.pro/catalog/ogolovki-i-deflektory,no,none,,,,restore_publication_data_for_active_product; if intentionally withdrawn return real 404/410; do_not_redirect_to_catalog
https://dimohod-trade.pro/product/odnostennyi-ogolovok-deflektor-d280,28.08.2026,LOW_DEMAND,DELETE,28.08.2026:DELETE:LOW_DEMAND:200 | 21.08.2026:ADD:SEARCHABLE:200,200,soft_404_product_not_found,odnostennyi-ogolovok-deflektor,Одноконтурный дефлектор,280,active_family_and_active_diameter,3,3,missing_applicable_photo,,,no,https://dimohod-trade.pro/catalog/ogolovki-i-deflektory,no,none,,,,restore_publication_data_for_active_product; if intentionally withdrawn return real 404/410; do_not_redirect_to_catalog
https://dimohod-trade.pro/product/odnostennyi-ogolovok-deflektor-d300,28.08.2026,LOW_DEMAND,DELETE,28.08.2026:DELETE:LOW_DEMAND:200 | 21.08.2026:ADD:SEARCHABLE:200,200,soft_404_product_not_found,odnostennyi-ogolovok-deflektor,Одноконтурный дефлектор,300,active_family_and_active_diameter,3,3,missing_applicable_photo,,,no,https://dimohod-trade.pro/catalog/ogolovki-i-deflektory,no,none,,,,restore_publication_data_for_active_product; if intentionally withdrawn return real 404/410; do_not_redirect_to_catalog
https://dimohod-trade.pro/product/odnostennyi-ogolovok-zont-d100,28.08.2026,LOW_DEMAND,DELETE,28.08.2026:DELETE:LOW_DEMAND:200 | 21.08.2026:ADD:SEARCHABLE:200,200,soft_404_product_not_found,odnostennyi-ogolovok-zont,Одноконтурный зонт,100,active_family_and_active_diameter,5,5,missing_applicable_photo,,,no,https://dimohod-trade.pro/catalog/ogolovki-i-deflektory,no,none,,,,restore_publication_data_for_active_product; if intentionally withdrawn return real 404/410; do_not_redirect_to_catalog
https://dimohod-trade.pro/product/odnostennyi-ogolovok-zont-d110,28.08.2026,LOW_DEMAND,DELETE,28.08.2026:DELETE:LOW_DEMAND:200 | 21.08.2026:ADD:SEARCHABLE:200,200,soft_404_product_not_found,odnostennyi-ogolovok-zont,Одноконтурный зонт,110,active_family_and_active_diameter,5,5,missing_applicable_photo,,,no,https://dimohod-trade.pro/catalog/ogolovki-i-deflektory,no,none,,,,restore_publication_data_for_active_product; if intentionally withdrawn return real 404/410; do_not_redirect_to_catalog
https://dimohod-trade.pro/product/odnostennyi-ogolovok-zont-d120,28.08.2026,LOW_DEMAND,DELETE,28.08.2026:DELETE:LOW_DEMAND:200 | 21.08.2026:ADD:SEARCHABLE:200,200,soft_404_product_not_found,odnostennyi-ogolovok-zont,Одноконтурный зонт,120,active_family_and_active_diameter,5,5,missing_applicable_photo,,,no,https://dimohod-trade.pro/catalog/ogolovki-i-deflektory,no,none,,,,restore_publication_data_for_active_product; if intentionally withdrawn return real 404/410; do_not_redirect_to_catalog
https://dimohod-trade.pro/product/odnostennyi-ogolovok-zont-d130,28.08.2026,LOW_DEMAND,DELETE,28.08.2026:DELETE:LOW_DEMAND:200 | 21.08.2026:ADD:SEARCHABLE:200,200,soft_404_product_not_found,odnostennyi-ogolovok-zont,Одноконтурный зонт,130,active_family_and_active_diameter,5,5,missing_applicable_photo,,,no,https://dimohod-trade.pro/catalog/ogolovki-i-deflektory,no,none,,,,restore_publication_data_for_active_product; if intentionally withdrawn return real 404/410; do_not_redirect_to_catalog
https://dimohod-trade.pro/product/odnostennyi-ogolovok-zont-d140,28.08.2026,LOW_DEMAND,DELETE,28.08.2026:DELETE:LOW_DEMAND:200 | 21.08.2026:ADD:SEARCHABLE:200,200,soft_404_product_not_found,odnostennyi-ogolovok-zont,Одноконтурный зонт,140,active_family_and_active_diameter,5,5,missing_applicable_photo,,,no,https://dimohod-trade.pro/catalog/ogolovki-i-deflektory,no,none,,,,restore_publication_data_for_active_product; if intentionally withdrawn return real 404/410; do_not_redirect_to_catalog
https://dimohod-trade.pro/product/odnostennyi-ogolovok-zont-d150,28.08.2026,LOW_DEMAND,DELETE,28.08.2026:DELETE:LOW_DEMAND:200 | 21.08.2026:ADD:SEARCHABLE:200,200,soft_404_product_not_found,odnostennyi-ogolovok-zont,Одноконтурный зонт,150,active_family_and_active_diameter,5,5,missing_applicable_photo,,,no,https://dimohod-trade.pro/catalog/ogolovki-i-deflektory,no,none,,,,restore_publication_data_for_active_product; if intentionally withdrawn return real 404/410; do_not_redirect_to_catalog
https://dimohod-trade.pro/product/odnostennyi-ogolovok-zont-d160,28.08.2026,LOW_DEMAND,DELETE,28.08.2026:DELETE:LOW_DEMAND:200 | 21.08.2026:ADD:SEARCHABLE:200,200,soft_404_product_not_found,odnostennyi-ogolovok-zont,Одноконтурный зонт,160,active_family_and_active_diameter,5,5,missing_applicable_photo,,,no,https://dimohod-trade.pro/catalog/ogolovki-i-deflektory,no,none,,,,restore_publication_data_for_active_product; if intentionally withdrawn return real 404/410; do_not_redirect_to_catalog
https://dimohod-trade.pro/product/odnostennyi-ogolovok-zont-d180,28.08.2026,LOW_DEMAND,DELETE,28.08.2026:DELETE:LOW_DEMAND:200 | 21.08.2026:ADD:SEARCHABLE:200,200,soft_404_product_not_found,odnostennyi-ogolovok-zont,Одноконтурный зонт,180,active_family_and_active_diameter,5,5,missing_applicable_photo,,,no,https://dimohod-trade.pro/catalog/ogolovki-i-deflektory,no,none,,,,restore_publication_data_for_active_product; if intentionally withdrawn return real 404/410; do_not_redirect_to_catalog
https://dimohod-trade.pro/product/odnostennyi-ogolovok-zont-d200,28.08.2026,LOW_DEMAND,DELETE,28.08.2026:DELETE:LOW_DEMAND:200 | 21.08.2026:ADD:SEARCHABLE:200,200,soft_404_product_not_found,odnostennyi-ogolovok-zont,Одноконтурный зонт,200,active_family_and_active_diameter,5,5,missing_applicable_photo,,,no,https://dimohod-trade.pro/catalog/ogolovki-i-deflektory,no,none,,,,restore_publication_data_for_active_product; if intentionally withdrawn return real 404/410; do_not_redirect_to_catalog
https://dimohod-trade.pro/product/odnostennyi-ogolovok-zont-d210,28.08.2026,LOW_DEMAND,DELETE,28.08.2026:DELETE:LOW_DEMAND:200 | 21.08.2026:ADD:SEARCHABLE:200,200,soft_404_product_not_found,odnostennyi-ogolovok-zont,Одноконтурный зонт,210,active_family_and_active_diameter,5,5,missing_applicable_photo,,,no,https://dimohod-trade.pro/catalog/ogolovki-i-deflektory,no,none,,,,restore_publication_data_for_active_product; if intentionally withdrawn return real 404/410; do_not_redirect_to_catalog
https://dimohod-trade.pro/product/odnostennyi-ogolovok-zont-d220,28.08.2026,LOW_DEMAND,DELETE,28.08.2026:DELETE:LOW_DEMAND:200 | 21.08.2026:ADD:SEARCHABLE:200,200,soft_404_product_not_found,odnostennyi-ogolovok-zont,Одноконтурный зонт,220,active_family_and_active_diameter,5,5,missing_applicable_photo,,,no,https://dimohod-trade.pro/catalog/ogolovki-i-deflektory,no,none,,,,restore_publication_data_for_active_product; if intentionally withdrawn return real 404/410; do_not_redirect_to_catalog
https://dimohod-trade.pro/product/odnostennyi-ogolovok-zont-d230,28.08.2026,LOW_DEMAND,DELETE,28.08.2026:DELETE:LOW_DEMAND:200 | 21.08.2026:ADD:SEARCHABLE:200,200,soft_404_product_not_found,odnostennyi-ogolovok-zont,Одноконтурный зонт,230,active_family_and_active_diameter,5,5,missing_applicable_photo,,,no,https://dimohod-trade.pro/catalog/ogolovki-i-deflektory,no,none,,,,restore_publication_data_for_active_product; if intentionally withdrawn return real 404/410; do_not_redirect_to_catalog
https://dimohod-trade.pro/product/odnostennyi-ogolovok-zont-d250,28.08.2026,LOW_DEMAND,DELETE,28.08.2026:DELETE:LOW_DEMAND:200 | 21.08.2026:ADD:SEARCHABLE:200,200,soft_404_product_not_found,odnostennyi-ogolovok-zont,Одноконтурный зонт,250,active_family_and_active_diameter,5,5,missing_applicable_photo,,,no,https://dimohod-trade.pro/catalog/ogolovki-i-deflektory,no,none,,,,restore_publication_data_for_active_product; if intentionally withdrawn return real 404/410; do_not_redirect_to_catalog
https://dimohod-trade.pro/product/odnostennyi-ogolovok-zont-d280,28.08.2026,LOW_DEMAND,DELETE,28.08.2026:DELETE:LOW_DEMAND:200 | 21.08.2026:ADD:SEARCHABLE:200,200,soft_404_product_not_found,odnostennyi-ogolovok-zont,Одноконтурный зонт,280,active_family_and_active_diameter,5,5,missing_applicable_photo,,,no,https://dimohod-trade.pro/catalog/ogolovki-i-deflektory,no,none,,,,restore_publication_data_for_active_product; if intentionally withdrawn return real 404/410; do_not_redirect_to_catalog
https://dimohod-trade.pro/product/odnostennyi-ogolovok-zont-d300,28.08.2026,LOW_DEMAND,DELETE,28.08.2026:DELETE:LOW_DEMAND:200 | 21.08.2026:ADD:SEARCHABLE:200,200,soft_404_product_not_found,odnostennyi-ogolovok-zont,Одноконтурный зонт,300,active_family_and_active_diameter,5,5,missing_applicable_photo,,,no,https://dimohod-trade.pro/catalog/ogolovki-i-deflektory,no,none,,,,restore_publication_data_for_active_product; if intentionally withdrawn return real 404/410; do_not_redirect_to_catalog
https://dimohod-trade.pro/product/odnostennyi-otvod-45-gr-d100,28.08.2026,LOW_DEMAND,DELETE,28.08.2026:DELETE:LOW_DEMAND:200 | 21.08.2026:ADD:SEARCHABLE:200,200,live_product_page,odnostennyi-otvod-45-gr,Одноконтурный отвод 45°,100,active_family_and_active_diameter,9,9,none,Одноконтурный отвод 45° 100 мм,https://dimohod-trade.pro/product/odnostennyi-otvod-45-gr-d100,yes,https://dimohod-trade.pro/catalog/odnokonturnye-otvody,yes,canonical_url,yes,оцинковка,653.40,keep_url; no_redirect
https://dimohod-trade.pro/product/odnostennyi-otvod-45-gr-d110,28.08.2026,LOW_DEMAND,DELETE,28.08.2026:DELETE:LOW_DEMAND:200 | 21.08.2026:ADD:SEARCHABLE:200,200,live_product_page,odnostennyi-otvod-45-gr,Одноконтурный отвод 45°,110,active_family_and_active_diameter,9,9,none,Одноконтурный отвод 45° 110 мм,https://dimohod-trade.pro/product/odnostennyi-otvod-45-gr-d110,yes,https://dimohod-trade.pro/catalog/odnokonturnye-otvody,yes,canonical_url,yes,оцинковка,735.90,keep_url; no_redirect
https://dimohod-trade.pro/product/odnostennyi-otvod-45-gr-d120,28.08.2026,LOW_DEMAND,DELETE,28.08.2026:DELETE:LOW_DEMAND:200 | 21.08.2026:ADD:SEARCHABLE:200,200,live_product_page,odnostennyi-otvod-45-gr,Одноконтурный отвод 45°,120,active_family_and_active_diameter,9,9,none,Одноконтурный отвод 45° 120 мм,https://dimohod-trade.pro/product/odnostennyi-otvod-45-gr-d120,yes,https://dimohod-trade.pro/catalog/odnokonturnye-otvody,yes,canonical_url,yes,оцинковка,808.50,keep_url; no_redirect
https://dimohod-trade.pro/product/odnostennyi-otvod-45-gr-d130,28.08.2026,LOW_DEMAND,DELETE,28.08.2026:DELETE:LOW_DEMAND:200 | 21.08.2026:ADD:SEARCHABLE:200,200,live_product_page,odnostennyi-otvod-45-gr,Одноконтурный отвод 45°,130,active_family_and_active_diameter,9,9,none,Одноконтурный отвод 45° 130 мм,https://dimohod-trade.pro/product/odnostennyi-otvod-45-gr-d130,yes,https://dimohod-trade.pro/catalog/odnokonturnye-otvody,yes,canonical_url,yes,оцинковка,872.30,keep_url; no_redirect
https://dimohod-trade.pro/product/odnostennyi-otvod-45-gr-d140,28.08.2026,LOW_DEMAND,DELETE,28.08.2026:DELETE:LOW_DEMAND:200 | 21.08.2026:ADD:SEARCHABLE:200,200,live_product_page,odnostennyi-otvod-45-gr,Одноконтурный отвод 45°,140,active_family_and_active_diameter,9,9,none,Одноконтурный отвод 45° 140 мм,https://dimohod-trade.pro/product/odnostennyi-otvod-45-gr-d140,yes,https://dimohod-trade.pro/catalog/odnokonturnye-otvody,yes,canonical_url,yes,оцинковка,968.00,keep_url; no_redirect
https://dimohod-trade.pro/product/odnostennyi-otvod-45-gr-d150,28.08.2026,LOW_DEMAND,DELETE,28.08.2026:DELETE:LOW_DEMAND:200 | 21.08.2026:ADD:SEARCHABLE:200,200,live_product_page,odnostennyi-otvod-45-gr,Одноконтурный отвод 45°,150,active_family_and_active_diameter,9,9,none,Одноконтурный отвод 45° 150 мм,https://dimohod-trade.pro/product/odnostennyi-otvod-45-gr-d150,yes,https://dimohod-trade.pro/catalog/odnokonturnye-otvody,yes,canonical_url,yes,оцинковка,1040.60,keep_url; no_redirect
https://dimohod-trade.pro/product/odnostennyi-otvod-45-gr-d160,28.08.2026,LOW_DEMAND,DELETE,28.08.2026:DELETE:LOW_DEMAND:200 | 21.08.2026:ADD:SEARCHABLE:200,200,live_product_page,odnostennyi-otvod-45-gr,Одноконтурный отвод 45°,160,active_family_and_active_diameter,9,9,none,Одноконтурный отвод 45° 160 мм,https://dimohod-trade.pro/product/odnostennyi-otvod-45-gr-d160,yes,https://dimohod-trade.pro/catalog/odnokonturnye-otvody,yes,canonical_url,yes,оцинковка,1162.70,keep_url; no_redirect
https://dimohod-trade.pro/product/odnostennyi-otvod-45-gr-d180,28.08.2026,LOW_DEMAND,DELETE,28.08.2026:DELETE:LOW_DEMAND:200 | 21.08.2026:ADD:SEARCHABLE:200,200,live_product_page,odnostennyi-otvod-45-gr,Одноконтурный отвод 45°,180,active_family_and_active_diameter,9,9,none,Одноконтурный отвод 45° 180 мм,https://dimohod-trade.pro/product/odnostennyi-otvod-45-gr-d180,yes,https://dimohod-trade.pro/catalog/odnokonturnye-otvody,yes,canonical_url,yes,оцинковка,1211.10,keep_url; no_redirect
https://dimohod-trade.pro/product/odnostennyi-otvod-45-gr-d200,28.08.2026,LOW_DEMAND,DELETE,28.08.2026:DELETE:LOW_DEMAND:200 | 21.08.2026:ADD:SEARCHABLE:200,200,live_product_page,odnostennyi-otvod-45-gr,Одноконтурный отвод 45°,200,active_family_and_active_diameter,9,9,none,Одноконтурный отвод 45° 200 мм,https://dimohod-trade.pro/product/odnostennyi-otvod-45-gr-d200,yes,https://dimohod-trade.pro/catalog/odnokonturnye-otvody,yes,canonical_url,yes,оцинковка,1379.40,keep_url; no_redirect
https://dimohod-trade.pro/product/odnostennyi-otvod-45-gr-d250,28.08.2026,LOW_DEMAND,DELETE,28.08.2026:DELETE:LOW_DEMAND:200 | 21.08.2026:ADD:SEARCHABLE:200,200,live_product_page,odnostennyi-otvod-45-gr,Одноконтурный отвод 45°,250,active_family_and_active_diameter,9,9,none,Одноконтурный отвод 45° 250 мм,https://dimohod-trade.pro/product/odnostennyi-otvod-45-gr-d250,yes,https://dimohod-trade.pro/catalog/odnokonturnye-otvody,yes,canonical_url,yes,оцинковка,1754.50,keep_url; no_redirect
https://dimohod-trade.pro/product/odnostennyi-otvod-45-gr-d280,28.08.2026,LOW_DEMAND,DELETE,28.08.2026:DELETE:LOW_DEMAND:200 | 21.08.2026:ADD:SEARCHABLE:200,200,live_product_page,odnostennyi-otvod-45-gr,Одноконтурный отвод 45°,280,active_family_and_active_diameter,9,9,none,Одноконтурный отвод 45° 280 мм,https://dimohod-trade.pro/product/odnostennyi-otvod-45-gr-d280,yes,https://dimohod-trade.pro/catalog/odnokonturnye-otvody,yes,canonical_url,yes,оцинковка,1955.80,keep_url; no_redirect
https://dimohod-trade.pro/product/odnostennyi-otvod-45-gr-d300,28.08.2026,LOW_DEMAND,DELETE,28.08.2026:DELETE:LOW_DEMAND:200 | 21.08.2026:ADD:SEARCHABLE:200,200,live_product_page,odnostennyi-otvod-45-gr,Одноконтурный отвод 45°,300,active_family_and_active_diameter,9,9,none,Одноконтурный отвод 45° 300 мм,https://dimohod-trade.pro/product/odnostennyi-otvod-45-gr-d300,yes,https://dimohod-trade.pro/catalog/odnokonturnye-otvody,yes,canonical_url,yes,оцинковка,2140.60,keep_url; no_redirect
https://dimohod-trade.pro/product/odnostennyi-otvod-90-gr-d110,28.08.2026,LOW_DEMAND,DELETE,28.08.2026:DELETE:LOW_DEMAND:200 | 21.08.2026:ADD:SEARCHABLE:200,200,live_product_page,odnostennyi-otvod-90-gr,Одноконтурный отвод 90°,110,active_family_and_active_diameter,9,9,none,Одноконтурный отвод 90° 110 мм,https://dimohod-trade.pro/product/odnostennyi-otvod-90-gr-d110,yes,https://dimohod-trade.pro/catalog/odnokonturnye-otvody,yes,canonical_url,yes,оцинковка,885.50,keep_url; no_redirect
https://dimohod-trade.pro/product/odnostennyi-otvod-90-gr-d140,28.08.2026,LOW_DEMAND,DELETE,28.08.2026:DELETE:LOW_DEMAND:200 | 21.08.2026:ADD:SEARCHABLE:200,200,live_product_page,odnostennyi-otvod-90-gr,Одноконтурный отвод 90°,140,active_family_and_active_diameter,9,9,none,Одноконтурный отвод 90° 140 мм,https://dimohod-trade.pro/product/odnostennyi-otvod-90-gr-d140,yes,https://dimohod-trade.pro/catalog/odnokonturnye-otvody,yes,canonical_url,yes,оцинковка,1006.50,keep_url; no_redirect
https://dimohod-trade.pro/product/odnostennyi-otvod-90-gr-d180,28.08.2026,LOW_DEMAND,DELETE,28.08.2026:DELETE:LOW_DEMAND:200 | 21.08.2026:ADD:SEARCHABLE:200,200,live_product_page,odnostennyi-otvod-90-gr,Одноконтурный отвод 90°,180,active_family_and_active_diameter,9,9,none,Одноконтурный отвод 90° 180 мм,https://dimohod-trade.pro/product/odnostennyi-otvod-90-gr-d180,yes,https://dimohod-trade.pro/catalog/odnokonturnye-otvody,yes,canonical_url,yes,оцинковка,1249.60,keep_url; no_redirect
https://dimohod-trade.pro/product/odnostennyi-otvod-90-gr-d200,28.08.2026,LOW_DEMAND,DELETE,28.08.2026:DELETE:LOW_DEMAND:200 | 21.08.2026:ADD:SEARCHABLE:200,200,live_product_page,odnostennyi-otvod-90-gr,Одноконтурный отвод 90°,200,active_family_and_active_diameter,9,9,none,Одноконтурный отвод 90° 200 мм,https://dimohod-trade.pro/product/odnostennyi-otvod-90-gr-d200,yes,https://dimohod-trade.pro/catalog/odnokonturnye-otvody,yes,canonical_url,yes,оцинковка,1417.90,keep_url; no_redirect
https://dimohod-trade.pro/product/odnostennyi-otvod-90-gr-d250,28.08.2026,LOW_DEMAND,DELETE,28.08.2026:DELETE:LOW_DEMAND:200 | 21.08.2026:ADD:SEARCHABLE:200,200,live_product_page,odnostennyi-otvod-90-gr,Одноконтурный отвод 90°,250,active_family_and_active_diameter,9,9,none,Одноконтурный отвод 90° 250 мм,https://dimohod-trade.pro/product/odnostennyi-otvod-90-gr-d250,yes,https://dimohod-trade.pro/catalog/odnokonturnye-otvody,yes,canonical_url,yes,оцинковка,1793.00,keep_url; no_redirect
https://dimohod-trade.pro/product/odnostennyi-shiber-povorotnyi-d100,28.08.2026,LOW_DEMAND,DELETE,28.08.2026:DELETE:LOW_DEMAND:200 | 21.08.2026:ADD:SEARCHABLE:200,200,live_product_page,odnostennyi-shiber-povorotnyi,Одноконтурный шибер поворотный,100,active_family_and_active_diameter,4,4,none,Одноконтурный шибер поворотный 100 мм,https://dimohod-trade.pro/product/odnostennyi-shiber-povorotnyi-d100,yes,https://dimohod-trade.pro/catalog/shibery,yes,canonical_url,yes,AISI 430,1830.46,keep_url; no_redirect
https://dimohod-trade.pro/product/odnostennyi-shiber-povorotnyi-d110,28.08.2026,LOW_DEMAND,DELETE,28.08.2026:DELETE:LOW_DEMAND:200 | 21.08.2026:ADD:SEARCHABLE:200,200,live_product_page,odnostennyi-shiber-povorotnyi,Одноконтурный шибер поворотный,110,active_family_and_active_diameter,4,4,none,Одноконтурный шибер поворотный 110 мм,https://dimohod-trade.pro/product/odnostennyi-shiber-povorotnyi-d110,yes,https://dimohod-trade.pro/catalog/shibery,yes,canonical_url,yes,AISI 430,1859.55,keep_url; no_redirect
https://dimohod-trade.pro/product/odnostennyi-shiber-povorotnyi-d120,28.08.2026,LOW_DEMAND,DELETE,28.08.2026:DELETE:LOW_DEMAND:200 | 21.08.2026:ADD:SEARCHABLE:200,200,live_product_page,odnostennyi-shiber-povorotnyi,Одноконтурный шибер поворотный,120,active_family_and_active_diameter,4,4,none,Одноконтурный шибер поворотный 120 мм,https://dimohod-trade.pro/product/odnostennyi-shiber-povorotnyi-d120,yes,https://dimohod-trade.pro/catalog/shibery,yes,canonical_url,yes,AISI 430,1907.62,keep_url; no_redirect
https://dimohod-trade.pro/product/odnostennyi-shiber-povorotnyi-d130,28.08.2026,LOW_DEMAND,DELETE,28.08.2026:DELETE:LOW_DEMAND:200 | 21.08.2026:ADD:SEARCHABLE:200,200,live_product_page,odnostennyi-shiber-povorotnyi,Одноконтурный шибер поворотный,130,active_family_and_active_diameter,4,4,none,Одноконтурный шибер поворотный 130 мм,https://dimohod-trade.pro/product/odnostennyi-shiber-povorotnyi-d130,yes,https://dimohod-trade.pro/catalog/shibery,yes,canonical_url,yes,AISI 430,1940.51,keep_url; no_redirect
https://dimohod-trade.pro/product/odnostennyi-shiber-povorotnyi-d140,28.08.2026,LOW_DEMAND,DELETE,28.08.2026:DELETE:LOW_DEMAND:200 | 21.08.2026:ADD:SEARCHABLE:200,200,live_product_page,odnostennyi-shiber-povorotnyi,Одноконтурный шибер поворотный,140,active_family_and_active_diameter,4,4,none,Одноконтурный шибер поворотный 140 мм,https://dimohod-trade.pro/product/odnostennyi-shiber-povorotnyi-d140,yes,https://dimohod-trade.pro/catalog/shibery,yes,canonical_url,yes,AISI 430,2049.30,keep_url; no_redirect
https://dimohod-trade.pro/product/odnostennyi-shiber-povorotnyi-d150,28.08.2026,LOW_DEMAND,DELETE,28.08.2026:DELETE:LOW_DEMAND:200 | 21.08.2026:ADD:SEARCHABLE:200,200,live_product_page,odnostennyi-shiber-povorotnyi,Одноконтурный шибер поворотный,150,active_family_and_active_diameter,4,4,none,Одноконтурный шибер поворотный 150 мм,https://dimohod-trade.pro/product/odnostennyi-shiber-povorotnyi-d150,yes,https://dimohod-trade.pro/catalog/shibery,yes,canonical_url,yes,AISI 430,2104.96,keep_url; no_redirect
https://dimohod-trade.pro/product/odnostennyi-shiber-povorotnyi-d160,28.08.2026,LOW_DEMAND,DELETE,28.08.2026:DELETE:LOW_DEMAND:200 | 21.08.2026:ADD:SEARCHABLE:200,200,live_product_page,odnostennyi-shiber-povorotnyi,Одноконтурный шибер поворотный,160,active_family_and_active_diameter,4,4,none,Одноконтурный шибер поворотный 160 мм,https://dimohod-trade.pro/product/odnostennyi-shiber-povorotnyi-d160,yes,https://dimohod-trade.pro/catalog/shibery,yes,canonical_url,yes,AISI 430,2163.15,keep_url; no_redirect
https://dimohod-trade.pro/product/odnostennyi-shiber-povorotnyi-d180,28.08.2026,LOW_DEMAND,DELETE,28.08.2026:DELETE:LOW_DEMAND:200 | 21.08.2026:ADD:SEARCHABLE:200,200,live_product_page,odnostennyi-shiber-povorotnyi,Одноконтурный шибер поворотный,180,active_family_and_active_diameter,4,4,none,Одноконтурный шибер поворотный 180 мм,https://dimohod-trade.pro/product/odnostennyi-shiber-povorotnyi-d180,yes,https://dimohod-trade.pro/catalog/shibery,yes,canonical_url,yes,AISI 430,2258.02,keep_url; no_redirect
https://dimohod-trade.pro/product/odnostennyi-shiber-povorotnyi-d200,28.08.2026,LOW_DEMAND,DELETE,28.08.2026:DELETE:LOW_DEMAND:200 | 21.08.2026:ADD:SEARCHABLE:200,200,live_product_page,odnostennyi-shiber-povorotnyi,Одноконтурный шибер поворотный,200,active_family_and_active_diameter,4,4,none,Одноконтурный шибер поворотный 200 мм,https://dimohod-trade.pro/product/odnostennyi-shiber-povorotnyi-d200,yes,https://dimohod-trade.pro/catalog/shibery,yes,canonical_url,yes,AISI 430,2340.25,keep_url; no_redirect
https://dimohod-trade.pro/product/odnostennyi-shiber-povorotnyi-d210,28.08.2026,LOW_DEMAND,DELETE,28.08.2026:DELETE:LOW_DEMAND:200 | 21.08.2026:ADD:SEARCHABLE:200,200,live_product_page,odnostennyi-shiber-povorotnyi,Одноконтурный шибер поворотный,210,active_family_and_active_diameter,4,4,none,Одноконтурный шибер поворотный 210 мм,https://dimohod-trade.pro/product/odnostennyi-shiber-povorotnyi-d210,yes,https://dimohod-trade.pro/catalog/shibery,yes,canonical_url,yes,AISI 430,2476.87,keep_url; no_redirect
https://dimohod-trade.pro/product/odnostennyi-shiber-povorotnyi-d220,28.08.2026,LOW_DEMAND,DELETE,28.08.2026:DELETE:LOW_DEMAND:200 | 21.08.2026:ADD:SEARCHABLE:200,200,live_product_page,odnostennyi-shiber-povorotnyi,Одноконтурный шибер поворотный,220,active_family_and_active_diameter,4,4,none,Одноконтурный шибер поворотный 220 мм,https://dimohod-trade.pro/product/odnostennyi-shiber-povorotnyi-d220,yes,https://dimohod-trade.pro/catalog/shibery,yes,canonical_url,yes,AISI 430,2679.27,keep_url; no_redirect
https://dimohod-trade.pro/product/odnostennyi-shiber-povorotnyi-d230,28.08.2026,LOW_DEMAND,DELETE,28.08.2026:DELETE:LOW_DEMAND:200 | 21.08.2026:ADD:SEARCHABLE:200,200,live_product_page,odnostennyi-shiber-povorotnyi,Одноконтурный шибер поворотный,230,active_family_and_active_diameter,4,4,none,Одноконтурный шибер поворотный 230 мм,https://dimohod-trade.pro/product/odnostennyi-shiber-povorotnyi-d230,yes,https://dimohod-trade.pro/catalog/shibery,yes,canonical_url,yes,AISI 430,2781.74,keep_url; no_redirect
https://dimohod-trade.pro/product/odnostennyi-shiber-povorotnyi-d250,28.08.2026,LOW_DEMAND,DELETE,28.08.2026:DELETE:LOW_DEMAND:200 | 21.08.2026:ADD:SEARCHABLE:200,200,live_product_page,odnostennyi-shiber-povorotnyi,Одноконтурный шибер поворотный,250,active_family_and_active_diameter,4,4,none,Одноконтурный шибер поворотный 250 мм,https://dimohod-trade.pro/product/odnostennyi-shiber-povorotnyi-d250,yes,https://dimohod-trade.pro/catalog/shibery,yes,canonical_url,yes,AISI 430,3036.00,keep_url; no_redirect
https://dimohod-trade.pro/product/odnostennyi-shiber-povorotnyi-d280,28.08.2026,LOW_DEMAND,DELETE,28.08.2026:DELETE:LOW_DEMAND:200 | 21.08.2026:ADD:SEARCHABLE:200,200,live_product_page,odnostennyi-shiber-povorotnyi,Одноконтурный шибер поворотный,280,active_family_and_active_diameter,4,4,none,Одноконтурный шибер поворотный 280 мм,https://dimohod-trade.pro/product/odnostennyi-shiber-povorotnyi-d280,yes,https://dimohod-trade.pro/catalog/shibery,yes,canonical_url,yes,AISI 430,3235.87,keep_url; no_redirect
https://dimohod-trade.pro/product/odnostennyi-shiber-povorotnyi-d300,28.08.2026,LOW_DEMAND,DELETE,28.08.2026:DELETE:LOW_DEMAND:200 | 21.08.2026:ADD:SEARCHABLE:200,200,live_product_page,odnostennyi-shiber-povorotnyi,Одноконтурный шибер поворотный,300,active_family_and_active_diameter,4,4,none,Одноконтурный шибер поворотный 300 мм,https://dimohod-trade.pro/product/odnostennyi-shiber-povorotnyi-d300,yes,https://dimohod-trade.pro/catalog/shibery,yes,canonical_url,yes,AISI 430,3364.90,keep_url; no_redirect
https://dimohod-trade.pro/product/odnostennyi-shiber-vydvizh-d100,28.08.2026,LOW_DEMAND,DELETE,28.08.2026:DELETE:LOW_DEMAND:200 | 21.08.2026:ADD:SEARCHABLE:200,200,soft_404_product_not_found,odnostennyi-shiber-vydvizh,Одноконтурный шибер выдвижной,100,active_family_and_active_diameter,13,13,missing_applicable_photo,,,no,https://dimohod-trade.pro/catalog/shibery,no,none,,,,restore_publication_data_for_active_product; if intentionally withdrawn return real 404/410; do_not_redirect_to_catalog
https://dimohod-trade.pro/product/odnostennyi-shiber-vydvizh-d110,28.08.2026,LOW_DEMAND,DELETE,28.08.2026:DELETE:LOW_DEMAND:200 | 21.08.2026:ADD:SEARCHABLE:200,200,soft_404_product_not_found,odnostennyi-shiber-vydvizh,Одноконтурный шибер выдвижной,110,active_family_and_active_diameter,13,13,missing_applicable_photo,,,no,https://dimohod-trade.pro/catalog/shibery,no,none,,,,restore_publication_data_for_active_product; if intentionally withdrawn return real 404/410; do_not_redirect_to_catalog
https://dimohod-trade.pro/product/odnostennyi-shiber-vydvizh-d120,28.08.2026,LOW_DEMAND,DELETE,28.08.2026:DELETE:LOW_DEMAND:200 | 21.08.2026:ADD:SEARCHABLE:200,200,soft_404_product_not_found,odnostennyi-shiber-vydvizh,Одноконтурный шибер выдвижной,120,active_family_and_active_diameter,13,13,missing_applicable_photo,,,no,https://dimohod-trade.pro/catalog/shibery,no,none,,,,restore_publication_data_for_active_product; if intentionally withdrawn return real 404/410; do_not_redirect_to_catalog
https://dimohod-trade.pro/product/odnostennyi-shiber-vydvizh-d130,28.08.2026,LOW_DEMAND,DELETE,28.08.2026:DELETE:LOW_DEMAND:200 | 21.08.2026:ADD:SEARCHABLE:200,200,soft_404_product_not_found,odnostennyi-shiber-vydvizh,Одноконтурный шибер выдвижной,130,active_family_and_active_diameter,13,13,missing_applicable_photo,,,no,https://dimohod-trade.pro/catalog/shibery,no,none,,,,restore_publication_data_for_active_product; if intentionally withdrawn return real 404/410; do_not_redirect_to_catalog
https://dimohod-trade.pro/product/odnostennyi-shiber-vydvizh-d140,28.08.2026,LOW_DEMAND,DELETE,28.08.2026:DELETE:LOW_DEMAND:200 | 21.08.2026:ADD:SEARCHABLE:200,200,soft_404_product_not_found,odnostennyi-shiber-vydvizh,Одноконтурный шибер выдвижной,140,active_family_and_active_diameter,13,13,missing_applicable_photo,,,no,https://dimohod-trade.pro/catalog/shibery,no,none,,,,restore_publication_data_for_active_product; if intentionally withdrawn return real 404/410; do_not_redirect_to_catalog
https://dimohod-trade.pro/product/odnostennyi-shiber-vydvizh-d150,28.08.2026,LOW_DEMAND,DELETE,28.08.2026:DELETE:LOW_DEMAND:200 | 21.08.2026:ADD:SEARCHABLE:200,200,soft_404_product_not_found,odnostennyi-shiber-vydvizh,Одноконтурный шибер выдвижной,150,active_family_and_active_diameter,13,13,missing_applicable_photo,,,no,https://dimohod-trade.pro/catalog/shibery,no,none,,,,restore_publication_data_for_active_product; if intentionally withdrawn return real 404/410; do_not_redirect_to_catalog
https://dimohod-trade.pro/product/odnostennyi-shiber-vydvizh-d160,28.08.2026,LOW_DEMAND,DELETE,28.08.2026:DELETE:LOW_DEMAND:200 | 21.08.2026:ADD:SEARCHABLE:200,200,soft_404_product_not_found,odnostennyi-shiber-vydvizh,Одноконтурный шибер выдвижной,160,active_family_and_active_diameter,13,13,missing_applicable_photo,,,no,https://dimohod-trade.pro/catalog/shibery,no,none,,,,restore_publication_data_for_active_product; if intentionally withdrawn return real 404/410; do_not_redirect_to_catalog
https://dimohod-trade.pro/product/odnostennyi-shiber-vydvizh-d180,28.08.2026,LOW_DEMAND,DELETE,28.08.2026:DELETE:LOW_DEMAND:200 | 21.08.2026:ADD:SEARCHABLE:200,200,soft_404_product_not_found,odnostennyi-shiber-vydvizh,Одноконтурный шибер выдвижной,180,active_family_and_active_diameter,13,13,missing_applicable_photo,,,no,https://dimohod-trade.pro/catalog/shibery,no,none,,,,restore_publication_data_for_active_product; if intentionally withdrawn return real 404/410; do_not_redirect_to_catalog
https://dimohod-trade.pro/product/odnostennyi-shiber-vydvizh-d200,28.08.2026,LOW_DEMAND,DELETE,28.08.2026:DELETE:LOW_DEMAND:200 | 21.08.2026:ADD:SEARCHABLE:200,200,soft_404_product_not_found,odnostennyi-shiber-vydvizh,Одноконтурный шибер выдвижной,200,active_family_and_active_diameter,13,13,missing_applicable_photo,,,no,https://dimohod-trade.pro/catalog/shibery,no,none,,,,restore_publication_data_for_active_product; if intentionally withdrawn return real 404/410; do_not_redirect_to_catalog
https://dimohod-trade.pro/product/odnostennyi-shiber-vydvizh-d210,28.08.2026,LOW_DEMAND,DELETE,28.08.2026:DELETE:LOW_DEMAND:200 | 21.08.2026:ADD:SEARCHABLE:200,200,soft_404_product_not_found,odnostennyi-shiber-vydvizh,Одноконтурный шибер выдвижной,210,active_family_and_active_diameter,13,13,missing_applicable_photo,,,no,https://dimohod-trade.pro/catalog/shibery,no,none,,,,restore_publication_data_for_active_product; if intentionally withdrawn return real 404/410; do_not_redirect_to_catalog
https://dimohod-trade.pro/product/odnostennyi-shiber-vydvizh-d220,28.08.2026,LOW_DEMAND,DELETE,28.08.2026:DELETE:LOW_DEMAND:200 | 21.08.2026:ADD:SEARCHABLE:200,200,soft_404_product_not_found,odnostennyi-shiber-vydvizh,Одноконтурный шибер выдвижной,220,active_family_and_active_diameter,13,13,missing_applicable_photo,,,no,https://dimohod-trade.pro/catalog/shibery,no,none,,,,restore_publication_data_for_active_product; if intentionally withdrawn return real 404/410; do_not_redirect_to_catalog
https://dimohod-trade.pro/product/odnostennyi-shiber-vydvizh-d230,28.08.2026,LOW_DEMAND,DELETE,28.08.2026:DELETE:LOW_DEMAND:200 | 21.08.2026:ADD:SEARCHABLE:200,200,soft_404_product_not_found,odnostennyi-shiber-vydvizh,Одноконтурный шибер выдвижной,230,active_family_and_active_diameter,13,13,missing_applicable_photo,,,no,https://dimohod-trade.pro/catalog/shibery,no,none,,,,restore_publication_data_for_active_product; if intentionally withdrawn return real 404/410; do_not_redirect_to_catalog
https://dimohod-trade.pro/product/odnostennyi-shiber-vydvizh-d250,28.08.2026,LOW_DEMAND,DELETE,28.08.2026:DELETE:LOW_DEMAND:200 | 21.08.2026:ADD:SEARCHABLE:200,200,soft_404_product_not_found,odnostennyi-shiber-vydvizh,Одноконтурный шибер выдвижной,250,active_family_and_active_diameter,13,13,missing_applicable_photo,,,no,https://dimohod-trade.pro/catalog/shibery,no,none,,,,restore_publication_data_for_active_product; if intentionally withdrawn return real 404/410; do_not_redirect_to_catalog
https://dimohod-trade.pro/product/odnostennyi-shiber-vydvizh-d280,28.08.2026,LOW_DEMAND,DELETE,28.08.2026:DELETE:LOW_DEMAND:200 | 21.08.2026:ADD:SEARCHABLE:200,200,soft_404_product_not_found,odnostennyi-shiber-vydvizh,Одноконтурный шибер выдвижной,280,active_family_and_active_diameter,13,13,missing_applicable_photo,,,no,https://dimohod-trade.pro/catalog/shibery,no,none,,,,restore_publication_data_for_active_product; if intentionally withdrawn return real 404/410; do_not_redirect_to_catalog
https://dimohod-trade.pro/product/odnostennyi-shiber-vydvizh-d300,28.08.2026,LOW_DEMAND,DELETE,28.08.2026:DELETE:LOW_DEMAND:200 | 21.08.2026:ADD:SEARCHABLE:200,200,soft_404_product_not_found,odnostennyi-shiber-vydvizh,Одноконтурный шибер выдвижной,300,active_family_and_active_diameter,13,13,missing_applicable_photo,,,no,https://dimohod-trade.pro/catalog/shibery,no,none,,,,restore_publication_data_for_active_product; if intentionally withdrawn return real 404/410; do_not_redirect_to_catalog
https://dimohod-trade.pro/product/odnostennyi-truba-d100,28.08.2026,LOW_DEMAND,DELETE,28.08.2026:DELETE:LOW_DEMAND:200 | 21.08.2026:ADD:SEARCHABLE:200,200,live_product_page,odnostennyi-truba,Одноконтурная труба,100,active_family_and_active_diameter,54,54,none,Одноконтурная труба 100 мм,https://dimohod-trade.pro/product/odnostennyi-truba-d100,yes,https://dimohod-trade.pro/catalog/odnokonturnye-truby,yes,canonical_url,yes,Нержавеющая сталь,737.00,keep_url; no_redirect
https://dimohod-trade.pro/product/odnostennyi-truba-d110,28.08.2026,LOW_DEMAND,DELETE,28.08.2026:DELETE:LOW_DEMAND:200 | 21.08.2026:ADD:SEARCHABLE:200,200,live_product_page,odnostennyi-truba,Одноконтурная труба,110,active_family_and_active_diameter,54,54,none,Одноконтурная труба 110 мм,https://dimohod-trade.pro/product/odnostennyi-truba-d110,yes,https://dimohod-trade.pro/catalog/odnokonturnye-truby,yes,canonical_url,yes,оцинковка,782.10,keep_url; no_redirect
https://dimohod-trade.pro/product/odnostennyi-truba-d120,28.08.2026,LOW_DEMAND,DELETE,28.08.2026:DELETE:LOW_DEMAND:200 | 21.08.2026:ADD:SEARCHABLE:200,200,live_product_page,odnostennyi-truba,Одноконтурная труба,120,active_family_and_active_diameter,54,54,none,Одноконтурная труба 120 мм,https://dimohod-trade.pro/product/odnostennyi-truba-d120,yes,https://dimohod-trade.pro/catalog/odnokonturnye-truby,yes,canonical_url,yes,оцинковка,845.90,keep_url; no_redirect
https://dimohod-trade.pro/product/odnostennyi-truba-d130,28.08.2026,LOW_DEMAND,DELETE,28.08.2026:DELETE:LOW_DEMAND:200 | 21.08.2026:ADD:SEARCHABLE:200,200,live_product_page,odnostennyi-truba,Одноконтурная труба,130,active_family_and_active_diameter,54,54,none,Одноконтурная труба 130 мм,https://dimohod-trade.pro/product/odnostennyi-truba-d130,yes,https://dimohod-trade.pro/catalog/odnokonturnye-truby,yes,canonical_url,yes,оцинковка,885.50,keep_url; no_redirect
https://dimohod-trade.pro/product/odnostennyi-truba-d140,28.08.2026,LOW_DEMAND,DELETE,28.08.2026:DELETE:LOW_DEMAND:200 | 21.08.2026:ADD:SEARCHABLE:200,200,live_product_page,odnostennyi-truba,Одноконтурная труба,140,active_family_and_active_diameter,54,54,none,Одноконтурная труба 140 мм,https://dimohod-trade.pro/product/odnostennyi-truba-d140,yes,https://dimohod-trade.pro/catalog/odnokonturnye-truby,yes,canonical_url,yes,оцинковка,937.20,keep_url; no_redirect
https://dimohod-trade.pro/product/odnostennyi-truba-d160,28.08.2026,LOW_DEMAND,DELETE,28.08.2026:DELETE:LOW_DEMAND:200 | 21.08.2026:ADD:SEARCHABLE:200,200,live_product_page,odnostennyi-truba,Одноконтурная труба,160,active_family_and_active_diameter,54,54,none,Одноконтурная труба 160 мм,https://dimohod-trade.pro/product/odnostennyi-truba-d160,yes,https://dimohod-trade.pro/catalog/odnokonturnye-truby,yes,canonical_url,yes,оцинковка,1080.20,keep_url; no_redirect
https://dimohod-trade.pro/product/odnostennyi-truba-d180,28.08.2026,LOW_DEMAND,DELETE,28.08.2026:DELETE:LOW_DEMAND:200 | 21.08.2026:ADD:SEARCHABLE:200,200,live_product_page,odnostennyi-truba,Одноконтурная труба,180,active_family_and_active_diameter,54,54,none,Одноконтурная труба 180 мм,https://dimohod-trade.pro/product/odnostennyi-truba-d180,yes,https://dimohod-trade.pro/catalog/odnokonturnye-truby,yes,canonical_url,yes,оцинковка,1186.90,keep_url; no_redirect
https://dimohod-trade.pro/product/odnostennyi-truba-d200,28.08.2026,LOW_DEMAND,DELETE,28.08.2026:DELETE:LOW_DEMAND:200 | 21.08.2026:ADD:SEARCHABLE:200,200,live_product_page,odnostennyi-truba,Одноконтурная труба,200,active_family_and_active_diameter,54,54,none,Одноконтурная труба 200 мм,https://dimohod-trade.pro/product/odnostennyi-truba-d200,yes,https://dimohod-trade.pro/catalog/odnokonturnye-truby,yes,canonical_url,yes,оцинковка,1336.50,keep_url; no_redirect
https://dimohod-trade.pro/product/odnostennyi-truba-d210,28.08.2026,LOW_DEMAND,DELETE,28.08.2026:DELETE:LOW_DEMAND:200 | 21.08.2026:ADD:SEARCHABLE:200,200,live_product_page,odnostennyi-truba,Одноконтурная труба,210,active_family_and_active_diameter,54,54,none,Одноконтурная труба 210 мм,https://dimohod-trade.pro/product/odnostennyi-truba-d210,yes,https://dimohod-trade.pro/catalog/odnokonturnye-truby,yes,canonical_url,yes,оцинковка,1426.70,keep_url; no_redirect
https://dimohod-trade.pro/product/odnostennyi-truba-d220,28.08.2026,LOW_DEMAND,DELETE,28.08.2026:DELETE:LOW_DEMAND:200 | 21.08.2026:ADD:SEARCHABLE:200,200,live_product_page,odnostennyi-truba,Одноконтурная труба,220,active_family_and_active_diameter,54,54,none,Одноконтурная труба 220 мм,https://dimohod-trade.pro/product/odnostennyi-truba-d220,yes,https://dimohod-trade.pro/catalog/odnokonturnye-truby,yes,canonical_url,yes,оцинковка,1482.80,keep_url; no_redirect
https://dimohod-trade.pro/product/odnostennyi-truba-d230,28.08.2026,LOW_DEMAND,DELETE,28.08.2026:DELETE:LOW_DEMAND:200 | 21.08.2026:ADD:SEARCHABLE:200,200,live_product_page,odnostennyi-truba,Одноконтурная труба,230,active_family_and_active_diameter,54,54,none,Одноконтурная труба 230 мм,https://dimohod-trade.pro/product/odnostennyi-truba-d230,yes,https://dimohod-trade.pro/catalog/odnokonturnye-truby,yes,canonical_url,yes,оцинковка,1554.30,keep_url; no_redirect
https://dimohod-trade.pro/product/odnostennyi-truba-d250,28.08.2026,LOW_DEMAND,DELETE,28.08.2026:DELETE:LOW_DEMAND:200 | 21.08.2026:ADD:SEARCHABLE:200,200,live_product_page,odnostennyi-truba,Одноконтурная труба,250,active_family_and_active_diameter,54,54,none,Одноконтурная труба 250 мм,https://dimohod-trade.pro/product/odnostennyi-truba-d250,yes,https://dimohod-trade.pro/catalog/odnokonturnye-truby,yes,canonical_url,yes,оцинковка,1645.60,keep_url; no_redirect
https://dimohod-trade.pro/product/odnostennyi-truba-d280,28.08.2026,LOW_DEMAND,DELETE,28.08.2026:DELETE:LOW_DEMAND:200 | 21.08.2026:ADD:SEARCHABLE:200,200,live_product_page,odnostennyi-truba,Одноконтурная труба,280,active_family_and_active_diameter,54,54,none,Одноконтурная труба 280 мм,https://dimohod-trade.pro/product/odnostennyi-truba-d280,yes,https://dimohod-trade.pro/catalog/odnokonturnye-truby,yes,canonical_url,yes,оцинковка,1910.70,keep_url; no_redirect
https://dimohod-trade.pro/product/odnostennyi-truba-d300,28.08.2026,LOW_DEMAND,DELETE,28.08.2026:DELETE:LOW_DEMAND:200 | 21.08.2026:ADD:SEARCHABLE:200,200,live_product_page,odnostennyi-truba,Одноконтурная труба,300,active_family_and_active_diameter,54,54,none,Одноконтурная труба 300 мм,https://dimohod-trade.pro/product/odnostennyi-truba-d300,yes,https://dimohod-trade.pro/catalog/odnokonturnye-truby,yes,canonical_url,yes,оцинковка,2085.60,keep_url; no_redirect
https://dimohod-trade.pro/product/odnostennyy-reviziya-prochistka-d110,28.08.2026,LOW_DEMAND,DELETE,28.08.2026:DELETE:LOW_DEMAND:200 | 21.08.2026:ADD:SEARCHABLE:200,200,soft_404_product_not_found,odnostennyy-reviziya-prochistka,Прочистка,110,active_family_and_active_diameter,5,5,missing_description_and_applicable_photo,,,no,https://dimohod-trade.pro/catalog/revizii,no,none,,,,restore_publication_data_for_active_product; if intentionally withdrawn return real 404/410; do_not_redirect_to_catalog
https://dimohod-trade.pro/product/odnostennyy-reviziya-prochistka-d120,28.08.2026,LOW_DEMAND,DELETE,28.08.2026:DELETE:LOW_DEMAND:200 | 21.08.2026:ADD:SEARCHABLE:200,200,soft_404_product_not_found,odnostennyy-reviziya-prochistka,Прочистка,120,active_family_and_active_diameter,5,5,missing_description_and_applicable_photo,,,no,https://dimohod-trade.pro/catalog/revizii,no,none,,,,restore_publication_data_for_active_product; if intentionally withdrawn return real 404/410; do_not_redirect_to_catalog
https://dimohod-trade.pro/product/odnostennyy-reviziya-prochistka-d130,28.08.2026,LOW_DEMAND,DELETE,28.08.2026:DELETE:LOW_DEMAND:200 | 21.08.2026:ADD:SEARCHABLE:200,200,soft_404_product_not_found,odnostennyy-reviziya-prochistka,Прочистка,130,active_family_and_active_diameter,5,5,missing_description_and_applicable_photo,,,no,https://dimohod-trade.pro/catalog/revizii,no,none,,,,restore_publication_data_for_active_product; if intentionally withdrawn return real 404/410; do_not_redirect_to_catalog
https://dimohod-trade.pro/product/odnostennyy-reviziya-prochistka-d140,28.08.2026,LOW_DEMAND,DELETE,28.08.2026:DELETE:LOW_DEMAND:200 | 21.08.2026:ADD:SEARCHABLE:200,200,soft_404_product_not_found,odnostennyy-reviziya-prochistka,Прочистка,140,active_family_and_active_diameter,5,5,missing_description_and_applicable_photo,,,no,https://dimohod-trade.pro/catalog/revizii,no,none,,,,restore_publication_data_for_active_product; if intentionally withdrawn return real 404/410; do_not_redirect_to_catalog
https://dimohod-trade.pro/product/odnostennyy-reviziya-prochistka-d150,28.08.2026,LOW_DEMAND,DELETE,28.08.2026:DELETE:LOW_DEMAND:200 | 21.08.2026:ADD:SEARCHABLE:200,200,soft_404_product_not_found,odnostennyy-reviziya-prochistka,Прочистка,150,active_family_and_active_diameter,5,5,missing_description_and_applicable_photo,,,no,https://dimohod-trade.pro/catalog/revizii,no,none,,,,restore_publication_data_for_active_product; if intentionally withdrawn return real 404/410; do_not_redirect_to_catalog
https://dimohod-trade.pro/product/odnostennyy-reviziya-prochistka-d160,28.08.2026,LOW_DEMAND,DELETE,28.08.2026:DELETE:LOW_DEMAND:200 | 21.08.2026:ADD:SEARCHABLE:200,200,soft_404_product_not_found,odnostennyy-reviziya-prochistka,Прочистка,160,active_family_and_active_diameter,5,5,missing_description_and_applicable_photo,,,no,https://dimohod-trade.pro/catalog/revizii,no,none,,,,restore_publication_data_for_active_product; if intentionally withdrawn return real 404/410; do_not_redirect_to_catalog
https://dimohod-trade.pro/product/odnostennyy-reviziya-prochistka-d180,28.08.2026,LOW_DEMAND,DELETE,28.08.2026:DELETE:LOW_DEMAND:200 | 21.08.2026:ADD:SEARCHABLE:200,200,soft_404_product_not_found,odnostennyy-reviziya-prochistka,Прочистка,180,active_family_and_active_diameter,5,5,missing_description_and_applicable_photo,,,no,https://dimohod-trade.pro/catalog/revizii,no,none,,,,restore_publication_data_for_active_product; if intentionally withdrawn return real 404/410; do_not_redirect_to_catalog
https://dimohod-trade.pro/product/odnostennyy-reviziya-prochistka-d200,28.08.2026,LOW_DEMAND,DELETE,28.08.2026:DELETE:LOW_DEMAND:200 | 21.08.2026:ADD:SEARCHABLE:200,200,soft_404_product_not_found,odnostennyy-reviziya-prochistka,Прочистка,200,active_family_and_active_diameter,5,5,missing_description_and_applicable_photo,,,no,https://dimohod-trade.pro/catalog/revizii,no,none,,,,restore_publication_data_for_active_product; if intentionally withdrawn return real 404/410; do_not_redirect_to_catalog
https://dimohod-trade.pro/product/odnostennyy-reviziya-prochistka-d210,28.08.2026,LOW_DEMAND,DELETE,28.08.2026:DELETE:LOW_DEMAND:200 | 21.08.2026:ADD:SEARCHABLE:200,200,soft_404_product_not_found,odnostennyy-reviziya-prochistka,Прочистка,210,active_family_and_active_diameter,5,5,missing_description_and_applicable_photo,,,no,https://dimohod-trade.pro/catalog/revizii,no,none,,,,restore_publication_data_for_active_product; if intentionally withdrawn return real 404/410; do_not_redirect_to_catalog
https://dimohod-trade.pro/product/odnostennyy-reviziya-prochistka-d220,28.08.2026,LOW_DEMAND,DELETE,28.08.2026:DELETE:LOW_DEMAND:200 | 21.08.2026:ADD:SEARCHABLE:200,200,soft_404_product_not_found,odnostennyy-reviziya-prochistka,Прочистка,220,active_family_and_active_diameter,5,5,missing_description_and_applicable_photo,,,no,https://dimohod-trade.pro/catalog/revizii,no,none,,,,restore_publication_data_for_active_product; if intentionally withdrawn return real 404/410; do_not_redirect_to_catalog
https://dimohod-trade.pro/product/odnostennyy-reviziya-prochistka-d230,28.08.2026,LOW_DEMAND,DELETE,28.08.2026:DELETE:LOW_DEMAND:200 | 21.08.2026:ADD:SEARCHABLE:200,200,soft_404_product_not_found,odnostennyy-reviziya-prochistka,Прочистка,230,active_family_and_active_diameter,5,5,missing_description_and_applicable_photo,,,no,https://dimohod-trade.pro/catalog/revizii,no,none,,,,restore_publication_data_for_active_product; if intentionally withdrawn return real 404/410; do_not_redirect_to_catalog
https://dimohod-trade.pro/product/odnostennyy-reviziya-prochistka-d250,28.08.2026,LOW_DEMAND,DELETE,28.08.2026:DELETE:LOW_DEMAND:200 | 21.08.2026:ADD:SEARCHABLE:200,200,soft_404_product_not_found,odnostennyy-reviziya-prochistka,Прочистка,250,active_family_and_active_diameter,5,5,missing_description_and_applicable_photo,,,no,https://dimohod-trade.pro/catalog/revizii,no,none,,,,restore_publication_data_for_active_product; if intentionally withdrawn return real 404/410; do_not_redirect_to_catalog
https://dimohod-trade.pro/product/odnostennyy-reviziya-prochistka-d280,28.08.2026,LOW_DEMAND,DELETE,28.08.2026:DELETE:LOW_DEMAND:200 | 21.08.2026:ADD:SEARCHABLE:200,200,soft_404_product_not_found,odnostennyy-reviziya-prochistka,Прочистка,280,active_family_and_active_diameter,5,5,missing_description_and_applicable_photo,,,no,https://dimohod-trade.pro/catalog/revizii,no,none,,,,restore_publication_data_for_active_product; if intentionally withdrawn return real 404/410; do_not_redirect_to_catalog
https://dimohod-trade.pro/product/odnostennyy-reviziya-prochistka-d300,28.08.2026,LOW_DEMAND,DELETE,28.08.2026:DELETE:LOW_DEMAND:200 | 21.08.2026:ADD:SEARCHABLE:200,200,soft_404_product_not_found,odnostennyy-reviziya-prochistka,Прочистка,300,active_family_and_active_diameter,5,5,missing_description_and_applicable_photo,,,no,https://dimohod-trade.pro/catalog/revizii,no,none,,,,restore_publication_data_for_active_product; if intentionally withdrawn return real 404/410; do_not_redirect_to_catalog
https://dimohod-trade.pro/product/prohodnoy-stakan,28.08.2026,LOW_DEMAND,DELETE,28.08.2026:DELETE:LOW_DEMAND:200 | 21.08.2026:ADD:SEARCHABLE:200,200,live_product_page,prohodnoy-stakan,Проходной стакан,,active_family_and_active_diameter,3,3,none,Проходной стакан,https://dimohod-trade.pro/product/prohodnoy-stakan,yes,https://dimohod-trade.pro/catalog/uzly-prohoda-sten-i-perekrytiy,yes,sku_query_variant,yes,оцинковка,1760.00,keep_url; no_redirect
https://dimohod-trade.pro/product/prohodnoy-uzel-krovli-upk-do-45,28.08.2026,LOW_DEMAND,DELETE,28.08.2026:DELETE:LOW_DEMAND:200 | 21.08.2026:ADD:SEARCHABLE:200,200,live_product_page,prohodnoy-uzel-krovli-upk-do-45,Проходной узел кровли (УПК) до 45°,,active_family_and_active_diameter,27,27,none,Проходной узел кровли (УПК) до 45°,https://dimohod-trade.pro/product/prohodnoy-uzel-krovli-upk-do-45,yes,https://dimohod-trade.pro/catalog/uzly-prohoda-krovli,yes,sku_query_variant,yes,AISI 304,4372.50,keep_url; no_redirect
https://dimohod-trade.pro/product/sendvich-chetvernik-s-k-o-90gr-d100-200,28.08.2026,LOW_DEMAND,DELETE,28.08.2026:DELETE:LOW_DEMAND:200 | 21.08.2026:ADD:SEARCHABLE:200,200,soft_404_product_not_found,sendvich-chetvernik-s-k-o-90gr,Сэндвич-четверник с К/О 90°,100/200,active_family_and_active_diameter,22,22,missing_applicable_photo,,,no,https://dimohod-trade.pro/catalog/sendvich-chetverniki,no,none,,,,restore_publication_data_for_active_product; if intentionally withdrawn return real 404/410; do_not_redirect_to_catalog
https://dimohod-trade.pro/product/sendvich-chetvernik-s-k-o-90gr-d150-250,28.08.2026,SEARCHABLE,ADD,28.08.2026:ADD:SEARCHABLE:200 | 27.08.2026:DELETE:LOW_DEMAND:200 | 21.08.2026:ADD:SEARCHABLE:200,200,soft_404_product_not_found,sendvich-chetvernik-s-k-o-90gr,Сэндвич-четверник с К/О 90°,150/250,active_family_and_active_diameter,22,22,missing_applicable_photo,,,no,https://dimohod-trade.pro/catalog/sendvich-chetverniki,no,none,,,,restore_publication_data_for_active_product; if intentionally withdrawn return real 404/410; do_not_redirect_to_catalog
https://dimohod-trade.pro/product/sendvich-chetvernik-s-k-o-90gr-d200-300,28.08.2026,LOW_DEMAND,DELETE,28.08.2026:DELETE:LOW_DEMAND:200 | 21.08.2026:ADD:SEARCHABLE:200,200,soft_404_product_not_found,sendvich-chetvernik-s-k-o-90gr,Сэндвич-четверник с К/О 90°,200/300,active_family_and_active_diameter,22,22,missing_applicable_photo,,,no,https://dimohod-trade.pro/catalog/sendvich-chetverniki,no,none,,,,restore_publication_data_for_active_product; if intentionally withdrawn return real 404/410; do_not_redirect_to_catalog
https://dimohod-trade.pro/product/sendvich-ogolovok-deflektor-konus-d100-200,28.08.2026,LOW_DEMAND,DELETE,28.08.2026:DELETE:LOW_DEMAND:200 | 21.08.2026:ADD:SEARCHABLE:200,200,live_product_page,sendvich-ogolovok-deflektor-konus,Сэндвич-дефлектор-конус,100/200,active_family_and_active_diameter,7,7,none,Сэндвич-дефлектор-конус 100/200 мм,https://dimohod-trade.pro/product/sendvich-ogolovok-deflektor-konus-d100-200,yes,https://dimohod-trade.pro/catalog/sendvich-ogolovki-i-deflektory,yes,canonical_url,yes,AISI 430,2099.90,keep_url; no_redirect
https://dimohod-trade.pro/product/sendvich-ogolovok-deflektor-konus-d110-210,28.08.2026,LOW_DEMAND,DELETE,28.08.2026:DELETE:LOW_DEMAND:200 | 21.08.2026:ADD:SEARCHABLE:200,200,live_product_page,sendvich-ogolovok-deflektor-konus,Сэндвич-дефлектор-конус,110/210,active_family_and_active_diameter,7,7,none,Сэндвич-дефлектор-конус 110/210 мм,https://dimohod-trade.pro/product/sendvich-ogolovok-deflektor-konus-d110-210,yes,https://dimohod-trade.pro/catalog/sendvich-ogolovki-i-deflektory,yes,canonical_url,yes,AISI 430,2155.56,keep_url; no_redirect
https://dimohod-trade.pro/product/sendvich-ogolovok-deflektor-konus-d130-230,28.08.2026,LOW_DEMAND,DELETE,28.08.2026:DELETE:LOW_DEMAND:200 | 21.08.2026:ADD:SEARCHABLE:200,200,live_product_page,sendvich-ogolovok-deflektor-konus,Сэндвич-дефлектор-конус,130/230,active_family_and_active_diameter,7,7,none,Сэндвич-дефлектор-конус 130/230 мм,https://dimohod-trade.pro/product/sendvich-ogolovok-deflektor-konus-d130-230,yes,https://dimohod-trade.pro/catalog/sendvich-ogolovki-i-deflektory,yes,canonical_url,yes,AISI 430,2530.00,keep_url; no_redirect
https://dimohod-trade.pro/product/sendvich-ogolovok-deflektor-konus-d140-240,28.08.2026,LOW_DEMAND,DELETE,28.08.2026:DELETE:LOW_DEMAND:200 | 21.08.2026:ADD:SEARCHABLE:200,200,live_product_page,sendvich-ogolovok-deflektor-konus,Сэндвич-дефлектор-конус,140/240,active_family_and_active_diameter,7,7,none,Сэндвич-дефлектор-конус 140/240 мм,https://dimohod-trade.pro/product/sendvich-ogolovok-deflektor-konus-d140-240,yes,https://dimohod-trade.pro/catalog/sendvich-ogolovki-i-deflektory,yes,canonical_url,yes,AISI 430,2681.80,keep_url; no_redirect
https://dimohod-trade.pro/product/sendvich-ogolovok-deflektor-konus-d160-260,28.08.2026,LOW_DEMAND,DELETE,28.08.2026:DELETE:LOW_DEMAND:200 | 21.08.2026:ADD:SEARCHABLE:200,200,live_product_page,sendvich-ogolovok-deflektor-konus,Сэндвич-дефлектор-конус,160/260,active_family_and_active_diameter,7,7,none,Сэндвич-дефлектор-конус 160/260 мм,https://dimohod-trade.pro/product/sendvich-ogolovok-deflektor-konus-d160-260,yes,https://dimohod-trade.pro/catalog/sendvich-ogolovki-i-deflektory,yes,canonical_url,yes,AISI 430,3079.01,keep_url; no_redirect
https://dimohod-trade.pro/product/sendvich-ogolovok-deflektor-konus-d180-280,28.08.2026,LOW_DEMAND,DELETE,28.08.2026:DELETE:LOW_DEMAND:200 | 21.08.2026:ADD:SEARCHABLE:200,200,live_product_page,sendvich-ogolovok-deflektor-konus,Сэндвич-дефлектор-конус,180/280,active_family_and_active_diameter,7,7,none,Сэндвич-дефлектор-конус 180/280 мм,https://dimohod-trade.pro/product/sendvich-ogolovok-deflektor-konus-d180-280,yes,https://dimohod-trade.pro/catalog/sendvich-ogolovki-i-deflektory,yes,canonical_url,yes,AISI 430,3388.94,keep_url; no_redirect
https://dimohod-trade.pro/product/sendvich-ogolovok-deflektor-konus-d200-300,28.08.2026,LOW_DEMAND,DELETE,28.08.2026:DELETE:LOW_DEMAND:200 | 21.08.2026:ADD:SEARCHABLE:200,200,live_product_page,sendvich-ogolovok-deflektor-konus,Сэндвич-дефлектор-конус,200/300,active_family_and_active_diameter,7,7,none,Сэндвич-дефлектор-конус 200/300 мм,https://dimohod-trade.pro/product/sendvich-ogolovok-deflektor-konus-d200-300,yes,https://dimohod-trade.pro/catalog/sendvich-ogolovki-i-deflektory,yes,canonical_url,yes,AISI 430,3734.28,keep_url; no_redirect
https://dimohod-trade.pro/product/sendvich-ogolovok-deflektor-konus-d250-350,28.08.2026,LOW_DEMAND,DELETE,28.08.2026:DELETE:LOW_DEMAND:200 | 21.08.2026:ADD:SEARCHABLE:200,200,live_product_page,sendvich-ogolovok-deflektor-konus,Сэндвич-дефлектор-конус,250/350,active_family_and_active_diameter,7,7,none,Сэндвич-дефлектор-конус 250/350 мм,https://dimohod-trade.pro/product/sendvich-ogolovok-deflektor-konus-d250-350,yes,https://dimohod-trade.pro/catalog/sendvich-ogolovki-i-deflektory,yes,canonical_url,yes,AISI 430,3997.40,keep_url; no_redirect
https://dimohod-trade.pro/product/sendvich-ogolovok-deflektor-konus-d280-380,28.08.2026,LOW_DEMAND,DELETE,28.08.2026:DELETE:LOW_DEMAND:200 | 21.08.2026:ADD:SEARCHABLE:200,200,live_product_page,sendvich-ogolovok-deflektor-konus,Сэндвич-дефлектор-конус,280/380,active_family_and_active_diameter,7,7,none,Сэндвич-дефлектор-конус 280/380 мм,https://dimohod-trade.pro/product/sendvich-ogolovok-deflektor-konus-d280-380,yes,https://dimohod-trade.pro/catalog/sendvich-ogolovki-i-deflektory,yes,canonical_url,yes,AISI 430,4034.08,keep_url; no_redirect
https://dimohod-trade.pro/product/sendvich-ogolovok-deflektor-konus-d300-400,28.08.2026,LOW_DEMAND,DELETE,28.08.2026:DELETE:LOW_DEMAND:200 | 21.08.2026:ADD:SEARCHABLE:200,200,live_product_page,sendvich-ogolovok-deflektor-konus,Сэндвич-дефлектор-конус,300/400,active_family_and_active_diameter,7,7,none,Сэндвич-дефлектор-конус 300/400 мм,https://dimohod-trade.pro/product/sendvich-ogolovok-deflektor-konus-d300-400,yes,https://dimohod-trade.pro/catalog/sendvich-ogolovki-i-deflektory,yes,canonical_url,yes,AISI 430,4163.00,keep_url; no_redirect
https://dimohod-trade.pro/product/sendvich-ogolovok-konus-d100-200,28.08.2026,LOW_DEMAND,DELETE,28.08.2026:DELETE:LOW_DEMAND:200 | 21.08.2026:ADD:SEARCHABLE:200,200,soft_404_product_not_found,sendvich-ogolovok-konus,Сэндвич-оголовок-конус,100/200,active_family_and_active_diameter,12,12,missing_applicable_photo,,,no,https://dimohod-trade.pro/catalog/sendvich-ogolovki-i-deflektory,no,none,,,,restore_publication_data_for_active_product; if intentionally withdrawn return real 404/410; do_not_redirect_to_catalog
https://dimohod-trade.pro/product/sendvich-ogolovok-zont-konus-d100-200,28.08.2026,LOW_DEMAND,DELETE,28.08.2026:DELETE:LOW_DEMAND:200 | 21.08.2026:ADD:SEARCHABLE:200,200,live_product_page,sendvich-ogolovok-zont-konus,Сэндвич-зонт-конус,100/200,active_family_and_active_diameter,12,12,none,Сэндвич-зонт-конус 100/200 мм,https://dimohod-trade.pro/product/sendvich-ogolovok-zont-konus-d100-200,yes,https://dimohod-trade.pro/catalog/sendvich-ogolovki-i-deflektory,yes,canonical_url,yes,Нержавеющая сталь,1415.70,keep_url; no_redirect
https://dimohod-trade.pro/product/sendvich-opornaya-ploschadka-d100-200,28.08.2026,LOW_DEMAND,DELETE,28.08.2026:DELETE:LOW_DEMAND:200 | 21.08.2026:ADD:SEARCHABLE:200,200,live_product_page,sendvich-opornaya-ploschadka,Сэндвич-опорная площадка,100/200,active_family_and_active_diameter,3,3,none,Сэндвич-опорная площадка 100/200 мм,https://dimohod-trade.pro/product/sendvich-opornaya-ploschadka-d100-200,yes,https://dimohod-trade.pro/catalog/homuty-i-krepezh,yes,canonical_url,yes,AISI 304,2214.30,keep_url; no_redirect
https://dimohod-trade.pro/product/sendvich-opornaya-ploschadka-d110-210,28.08.2026,LOW_DEMAND,DELETE,28.08.2026:DELETE:LOW_DEMAND:200 | 21.08.2026:ADD:SEARCHABLE:200,200,live_product_page,sendvich-opornaya-ploschadka,Сэндвич-опорная площадка,110/210,active_family_and_active_diameter,3,3,none,Сэндвич-опорная площадка 110/210 мм,https://dimohod-trade.pro/product/sendvich-opornaya-ploschadka-d110-210,yes,https://dimohod-trade.pro/catalog/homuty-i-krepezh,yes,canonical_url,yes,AISI 304,2238.50,keep_url; no_redirect
https://dimohod-trade.pro/product/sendvich-opornaya-ploschadka-d120-220,28.08.2026,LOW_DEMAND,DELETE,28.08.2026:DELETE:LOW_DEMAND:200 | 21.08.2026:ADD:SEARCHABLE:200,200,live_product_page,sendvich-opornaya-ploschadka,Сэндвич-опорная площадка,120/220,active_family_and_active_diameter,3,3,none,Сэндвич-опорная площадка 120/220 мм,https://dimohod-trade.pro/product/sendvich-opornaya-ploschadka-d120-220,yes,https://dimohod-trade.pro/catalog/homuty-i-krepezh,yes,canonical_url,yes,AISI 304,2250.60,keep_url; no_redirect
https://dimohod-trade.pro/product/sendvich-opornaya-ploschadka-d130-230,28.08.2026,LOW_DEMAND,DELETE,28.08.2026:DELETE:LOW_DEMAND:200 | 21.08.2026:ADD:SEARCHABLE:200,200,live_product_page,sendvich-opornaya-ploschadka,Сэндвич-опорная площадка,130/230,active_family_and_active_diameter,3,3,none,Сэндвич-опорная площадка 130/230 мм,https://dimohod-trade.pro/product/sendvich-opornaya-ploschadka-d130-230,yes,https://dimohod-trade.pro/catalog/homuty-i-krepezh,yes,canonical_url,yes,AISI 304,2341.35,keep_url; no_redirect
https://dimohod-trade.pro/product/sendvich-opornaya-ploschadka-d140-240,28.08.2026,LOW_DEMAND,DELETE,28.08.2026:DELETE:LOW_DEMAND:200 | 21.08.2026:ADD:SEARCHABLE:200,200,live_product_page,sendvich-opornaya-ploschadka,Сэндвич-опорная площадка,140/240,active_family_and_active_diameter,3,3,none,Сэндвич-опорная площадка 140/240 мм,https://dimohod-trade.pro/product/sendvich-opornaya-ploschadka-d140-240,yes,https://dimohod-trade.pro/catalog/homuty-i-krepezh,yes,canonical_url,yes,AISI 304,2383.70,keep_url; no_redirect
https://dimohod-trade.pro/product/sendvich-opornaya-ploschadka-d150-250,28.08.2026,LOW_DEMAND,DELETE,28.08.2026:DELETE:LOW_DEMAND:200 | 21.08.2026:ADD:SEARCHABLE:200,200,live_product_page,sendvich-opornaya-ploschadka,Сэндвич-опорная площадка,150/250,active_family_and_active_diameter,3,3,none,Сэндвич-опорная площадка 150/250 мм,https://dimohod-trade.pro/product/sendvich-opornaya-ploschadka-d150-250,yes,https://dimohod-trade.pro/catalog/homuty-i-krepezh,yes,canonical_url,yes,AISI 304,2467.19,keep_url; no_redirect
https://dimohod-trade.pro/product/sendvich-opornaya-ploschadka-d180-280,28.08.2026,LOW_DEMAND,DELETE,28.08.2026:DELETE:LOW_DEMAND:200 | 21.08.2026:ADD:SEARCHABLE:200,200,live_product_page,sendvich-opornaya-ploschadka,Сэндвич-опорная площадка,180/280,active_family_and_active_diameter,3,3,none,Сэндвич-опорная площадка 180/280 мм,https://dimohod-trade.pro/product/sendvich-opornaya-ploschadka-d180-280,yes,https://dimohod-trade.pro/catalog/homuty-i-krepezh,yes,canonical_url,yes,AISI 304,2688.62,keep_url; no_redirect
https://dimohod-trade.pro/product/sendvich-opornaya-ploschadka-d200-300,28.08.2026,LOW_DEMAND,DELETE,28.08.2026:DELETE:LOW_DEMAND:200 | 21.08.2026:ADD:SEARCHABLE:200,200,live_product_page,sendvich-opornaya-ploschadka,Сэндвич-опорная площадка,200/300,active_family_and_active_diameter,3,3,none,Сэндвич-опорная площадка 200/300 мм,https://dimohod-trade.pro/product/sendvich-opornaya-ploschadka-d200-300,yes,https://dimohod-trade.pro/catalog/homuty-i-krepezh,yes,canonical_url,yes,AISI 304,2891.90,keep_url; no_redirect
https://dimohod-trade.pro/product/sendvich-opornaya-ploschadka-d250-350,28.08.2026,LOW_DEMAND,DELETE,28.08.2026:DELETE:LOW_DEMAND:200 | 21.08.2026:ADD:SEARCHABLE:200,200,live_product_page,sendvich-opornaya-ploschadka,Сэндвич-опорная площадка,250/350,active_family_and_active_diameter,3,3,none,Сэндвич-опорная площадка 250/350 мм,https://dimohod-trade.pro/product/sendvich-opornaya-ploschadka-d250-350,yes,https://dimohod-trade.pro/catalog/homuty-i-krepezh,yes,canonical_url,yes,AISI 304,3206.50,keep_url; no_redirect
https://dimohod-trade.pro/product/sendvich-opornaya-ploschadka-d280-380,28.08.2026,LOW_DEMAND,DELETE,28.08.2026:DELETE:LOW_DEMAND:200 | 21.08.2026:ADD:SEARCHABLE:200,200,live_product_page,sendvich-opornaya-ploschadka,Сэндвич-опорная площадка,280/380,active_family_and_active_diameter,3,3,none,Сэндвич-опорная площадка 280/380 мм,https://dimohod-trade.pro/product/sendvich-opornaya-ploschadka-d280-380,yes,https://dimohod-trade.pro/catalog/homuty-i-krepezh,yes,canonical_url,yes,AISI 304,3267.00,keep_url; no_redirect
https://dimohod-trade.pro/product/sendvich-opornaya-ploschadka-d300-400,28.08.2026,LOW_DEMAND,DELETE,28.08.2026:DELETE:LOW_DEMAND:200 | 21.08.2026:ADD:SEARCHABLE:200,200,live_product_page,sendvich-opornaya-ploschadka,Сэндвич-опорная площадка,300/400,active_family_and_active_diameter,3,3,none,Сэндвич-опорная площадка 300/400 мм,https://dimohod-trade.pro/product/sendvich-opornaya-ploschadka-d300-400,yes,https://dimohod-trade.pro/catalog/homuty-i-krepezh,yes,canonical_url,yes,AISI 304,3395.26,keep_url; no_redirect
https://dimohod-trade.pro/product/sendvich-otvod-45-gr-d100-200,28.08.2026,LOW_DEMAND,DELETE,28.08.2026:DELETE:LOW_DEMAND:200 | 21.08.2026:ADD:SEARCHABLE:200,200,soft_404_product_not_found,sendvich-otvod-45-gr,Сэндвич-отвод 45°,100/200,active_family_and_active_diameter,22,22,missing_applicable_photo,,,no,https://dimohod-trade.pro/catalog/sendvich-otvody,no,none,,,,restore_publication_data_for_active_product; if intentionally withdrawn return real 404/410; do_not_redirect_to_catalog
https://dimohod-trade.pro/product/sendvich-otvod-45-gr-d150-250,28.08.2026,SEARCHABLE,ADD,28.08.2026:ADD:SEARCHABLE:200 | 27.08.2026:DELETE:LOW_DEMAND:200 | 21.08.2026:ADD:SEARCHABLE:200,200,soft_404_product_not_found,sendvich-otvod-45-gr,Сэндвич-отвод 45°,150/250,active_family_and_active_diameter,22,22,missing_applicable_photo,,,no,https://dimohod-trade.pro/catalog/sendvich-otvody,no,none,,,,restore_publication_data_for_active_product; if intentionally withdrawn return real 404/410; do_not_redirect_to_catalog
https://dimohod-trade.pro/product/sendvich-otvod-45-gr-d200-300,28.08.2026,LOW_DEMAND,DELETE,28.08.2026:DELETE:LOW_DEMAND:200 | 21.08.2026:ADD:SEARCHABLE:200,200,soft_404_product_not_found,sendvich-otvod-45-gr,Сэндвич-отвод 45°,200/300,active_family_and_active_diameter,22,22,missing_applicable_photo,,,no,https://dimohod-trade.pro/catalog/sendvich-otvody,no,none,,,,restore_publication_data_for_active_product; if intentionally withdrawn return real 404/410; do_not_redirect_to_catalog
https://dimohod-trade.pro/product/sendvich-otvod-90-gr-d100-200,28.08.2026,LOW_DEMAND,DELETE,28.08.2026:DELETE:LOW_DEMAND:200 | 21.08.2026:ADD:SEARCHABLE:200,200,live_product_page,sendvich-otvod-90-gr,Сэндвич-отвод 90°,100/200,active_family_and_active_diameter,22,22,none,Сэндвич-отвод 90° 100/200 мм,https://dimohod-trade.pro/product/sendvich-otvod-90-gr-d100-200,yes,https://dimohod-trade.pro/catalog/sendvich-otvody,yes,canonical_url,yes,Нержавеющая сталь,2296.58,keep_url; no_redirect
https://dimohod-trade.pro/product/sendvich-otvod-90-gr-d110-210,28.08.2026,LOW_DEMAND,DELETE,28.08.2026:DELETE:LOW_DEMAND:200 | 21.08.2026:ADD:SEARCHABLE:200,200,live_product_page,sendvich-otvod-90-gr,Сэндвич-отвод 90°,110/210,active_family_and_active_diameter,22,22,none,Сэндвич-отвод 90° 110/210 мм,https://dimohod-trade.pro/product/sendvich-otvod-90-gr-d110-210,yes,https://dimohod-trade.pro/catalog/sendvich-otvody,yes,canonical_url,yes,оцинковка,2429.68,keep_url; no_redirect
https://dimohod-trade.pro/product/sendvich-otvod-90-gr-d120-220,28.08.2026,LOW_DEMAND,DELETE,28.08.2026:DELETE:LOW_DEMAND:200 | 21.08.2026:ADD:SEARCHABLE:200,200,live_product_page,sendvich-otvod-90-gr,Сэндвич-отвод 90°,120/220,active_family_and_active_diameter,22,22,none,Сэндвич-отвод 90° 120/220 мм,https://dimohod-trade.pro/product/sendvich-otvod-90-gr-d120-220,yes,https://dimohod-trade.pro/catalog/sendvich-otvody,yes,canonical_url,yes,оцинковка,2563.99,keep_url; no_redirect
https://dimohod-trade.pro/product/sendvich-otvod-90-gr-d130-230,28.08.2026,LOW_DEMAND,DELETE,28.08.2026:DELETE:LOW_DEMAND:200 | 21.08.2026:ADD:SEARCHABLE:200,200,live_product_page,sendvich-otvod-90-gr,Сэндвич-отвод 90°,130/230,active_family_and_active_diameter,22,22,none,Сэндвич-отвод 90° 130/230 мм,https://dimohod-trade.pro/product/sendvich-otvod-90-gr-d130-230,yes,https://dimohod-trade.pro/catalog/sendvich-otvody,yes,canonical_url,yes,оцинковка,2706.77,keep_url; no_redirect
https://dimohod-trade.pro/product/sendvich-otvod-90-gr-d140-240,28.08.2026,LOW_DEMAND,DELETE,28.08.2026:DELETE:LOW_DEMAND:200 | 21.08.2026:ADD:SEARCHABLE:200,200,live_product_page,sendvich-otvod-90-gr,Сэндвич-отвод 90°,140/240,active_family_and_active_diameter,22,22,none,Сэндвич-отвод 90° 140/240 мм,https://dimohod-trade.pro/product/sendvich-otvod-90-gr-d140-240,yes,https://dimohod-trade.pro/catalog/sendvich-otvody,yes,canonical_url,yes,оцинковка,2752.75,keep_url; no_redirect
https://dimohod-trade.pro/product/sendvich-otvod-90-gr-d160-260,28.08.2026,LOW_DEMAND,DELETE,28.08.2026:DELETE:LOW_DEMAND:200 | 21.08.2026:ADD:SEARCHABLE:200,200,live_product_page,sendvich-otvod-90-gr,Сэндвич-отвод 90°,160/260,active_family_and_active_diameter,22,22,none,Сэндвич-отвод 90° 160/260 мм,https://dimohod-trade.pro/product/sendvich-otvod-90-gr-d160-260,yes,https://dimohod-trade.pro/catalog/sendvich-otvody,yes,canonical_url,yes,оцинковка,3131.48,keep_url; no_redirect
https://dimohod-trade.pro/product/sendvich-otvod-90-gr-d180-280,28.08.2026,LOW_DEMAND,DELETE,28.08.2026:DELETE:LOW_DEMAND:200 | 21.08.2026:ADD:SEARCHABLE:200,200,live_product_page,sendvich-otvod-90-gr,Сэндвич-отвод 90°,180/280,active_family_and_active_diameter,22,22,none,Сэндвич-отвод 90° 180/280 мм,https://dimohod-trade.pro/product/sendvich-otvod-90-gr-d180-280,yes,https://dimohod-trade.pro/catalog/sendvich-otvody,yes,canonical_url,yes,оцинковка,3494.48,keep_url; no_redirect
https://dimohod-trade.pro/product/sendvich-otvod-90-gr-d200-300,28.08.2026,LOW_DEMAND,DELETE,28.08.2026:DELETE:LOW_DEMAND:200 | 21.08.2026:ADD:SEARCHABLE:200,200,live_product_page,sendvich-otvod-90-gr,Сэндвич-отвод 90°,200/300,active_family_and_active_diameter,22,22,none,Сэндвич-отвод 90° 200/300 мм,https://dimohod-trade.pro/product/sendvich-otvod-90-gr-d200-300,yes,https://dimohod-trade.pro/catalog/sendvich-otvody,yes,canonical_url,yes,оцинковка,4115.21,keep_url; no_redirect
https://dimohod-trade.pro/product/sendvich-otvod-90-gr-d250-350,28.08.2026,LOW_DEMAND,DELETE,28.08.2026:DELETE:LOW_DEMAND:200 | 21.08.2026:ADD:SEARCHABLE:200,200,live_product_page,sendvich-otvod-90-gr,Сэндвич-отвод 90°,250/350,active_family_and_active_diameter,22,22,none,Сэндвич-отвод 90° 250/350 мм,https://dimohod-trade.pro/product/sendvich-otvod-90-gr-d250-350,yes,https://dimohod-trade.pro/catalog/sendvich-otvody,yes,canonical_url,yes,оцинковка,5043.28,keep_url; no_redirect
https://dimohod-trade.pro/product/sendvich-otvod-90-gr-d280-380,28.08.2026,LOW_DEMAND,DELETE,28.08.2026:DELETE:LOW_DEMAND:200 | 21.08.2026:ADD:SEARCHABLE:200,200,live_product_page,sendvich-otvod-90-gr,Сэндвич-отвод 90°,280/380,active_family_and_active_diameter,22,22,none,Сэндвич-отвод 90° 280/380 мм,https://dimohod-trade.pro/product/sendvich-otvod-90-gr-d280-380,yes,https://dimohod-trade.pro/catalog/sendvich-otvody,yes,canonical_url,yes,оцинковка,5599.88,keep_url; no_redirect
https://dimohod-trade.pro/product/sendvich-otvod-90-gr-d300-400,28.08.2026,LOW_DEMAND,DELETE,28.08.2026:DELETE:LOW_DEMAND:200 | 21.08.2026:ADD:SEARCHABLE:200,200,live_product_page,sendvich-otvod-90-gr,Сэндвич-отвод 90°,300/400,active_family_and_active_diameter,22,22,none,Сэндвич-отвод 90° 300/400 мм,https://dimohod-trade.pro/product/sendvich-otvod-90-gr-d300-400,yes,https://dimohod-trade.pro/catalog/sendvich-otvody,yes,canonical_url,yes,оцинковка,5970.14,keep_url; no_redirect
https://dimohod-trade.pro/product/sendvich-shiber-povorotnyi-d100-200,28.08.2026,LOW_DEMAND,DELETE,28.08.2026:DELETE:LOW_DEMAND:200 | 21.08.2026:ADD:SEARCHABLE:200,200,soft_404_product_not_found,sendvich-shiber-povorotnyi,Сэндвич-шибер поворотный,100/200,active_family_and_active_diameter,10,10,missing_applicable_photo,,,no,https://dimohod-trade.pro/catalog/sendvich-shibery,no,none,,,,restore_publication_data_for_active_product; if intentionally withdrawn return real 404/410; do_not_redirect_to_catalog
https://dimohod-trade.pro/product/sendvich-shiber-povorotnyi-d110-210,28.08.2026,LOW_DEMAND,DELETE,28.08.2026:DELETE:LOW_DEMAND:200 | 21.08.2026:ADD:SEARCHABLE:200,200,soft_404_product_not_found,sendvich-shiber-povorotnyi,Сэндвич-шибер поворотный,110/210,active_family_and_active_diameter,10,10,missing_applicable_photo,,,no,https://dimohod-trade.pro/catalog/sendvich-shibery,no,none,,,,restore_publication_data_for_active_product; if intentionally withdrawn return real 404/410; do_not_redirect_to_catalog
https://dimohod-trade.pro/product/sendvich-shiber-povorotnyi-d120-220,28.08.2026,LOW_DEMAND,DELETE,28.08.2026:DELETE:LOW_DEMAND:200 | 21.08.2026:ADD:SEARCHABLE:200,200,soft_404_product_not_found,sendvich-shiber-povorotnyi,Сэндвич-шибер поворотный,120/220,active_family_and_active_diameter,10,10,missing_applicable_photo,,,no,https://dimohod-trade.pro/catalog/sendvich-shibery,no,none,,,,restore_publication_data_for_active_product; if intentionally withdrawn return real 404/410; do_not_redirect_to_catalog
https://dimohod-trade.pro/product/sendvich-shiber-povorotnyi-d130-230,28.08.2026,LOW_DEMAND,DELETE,28.08.2026:DELETE:LOW_DEMAND:200 | 21.08.2026:ADD:SEARCHABLE:200,200,soft_404_product_not_found,sendvich-shiber-povorotnyi,Сэндвич-шибер поворотный,130/230,active_family_and_active_diameter,10,10,missing_applicable_photo,,,no,https://dimohod-trade.pro/catalog/sendvich-shibery,no,none,,,,restore_publication_data_for_active_product; if intentionally withdrawn return real 404/410; do_not_redirect_to_catalog
https://dimohod-trade.pro/product/sendvich-shiber-povorotnyi-d150-250,28.08.2026,LOW_DEMAND,DELETE,28.08.2026:DELETE:LOW_DEMAND:200 | 21.08.2026:ADD:SEARCHABLE:200,200,soft_404_product_not_found,sendvich-shiber-povorotnyi,Сэндвич-шибер поворотный,150/250,active_family_and_active_diameter,10,10,missing_applicable_photo,,,no,https://dimohod-trade.pro/catalog/sendvich-shibery,no,none,,,,restore_publication_data_for_active_product; if intentionally withdrawn return real 404/410; do_not_redirect_to_catalog
https://dimohod-trade.pro/product/sendvich-shiber-povorotnyi-d160-260,28.08.2026,LOW_DEMAND,DELETE,28.08.2026:DELETE:LOW_DEMAND:200 | 21.08.2026:ADD:SEARCHABLE:200,200,soft_404_product_not_found,sendvich-shiber-povorotnyi,Сэндвич-шибер поворотный,160/260,active_family_and_active_diameter,10,10,missing_applicable_photo,,,no,https://dimohod-trade.pro/catalog/sendvich-shibery,no,none,,,,restore_publication_data_for_active_product; if intentionally withdrawn return real 404/410; do_not_redirect_to_catalog
https://dimohod-trade.pro/product/sendvich-shiber-povorotnyi-d180-280,28.08.2026,LOW_DEMAND,DELETE,28.08.2026:DELETE:LOW_DEMAND:200 | 21.08.2026:ADD:SEARCHABLE:200,200,soft_404_product_not_found,sendvich-shiber-povorotnyi,Сэндвич-шибер поворотный,180/280,active_family_and_active_diameter,10,10,missing_applicable_photo,,,no,https://dimohod-trade.pro/catalog/sendvich-shibery,no,none,,,,restore_publication_data_for_active_product; if intentionally withdrawn return real 404/410; do_not_redirect_to_catalog
https://dimohod-trade.pro/product/sendvich-shiber-povorotnyi-d200-300,28.08.2026,LOW_DEMAND,DELETE,28.08.2026:DELETE:LOW_DEMAND:200 | 21.08.2026:ADD:SEARCHABLE:200,200,soft_404_product_not_found,sendvich-shiber-povorotnyi,Сэндвич-шибер поворотный,200/300,active_family_and_active_diameter,10,10,missing_applicable_photo,,,no,https://dimohod-trade.pro/catalog/sendvich-shibery,no,none,,,,restore_publication_data_for_active_product; if intentionally withdrawn return real 404/410; do_not_redirect_to_catalog
https://dimohod-trade.pro/product/sendvich-shiber-povorotnyi-d250-350,28.08.2026,LOW_DEMAND,DELETE,28.08.2026:DELETE:LOW_DEMAND:200 | 21.08.2026:ADD:SEARCHABLE:200,200,soft_404_product_not_found,sendvich-shiber-povorotnyi,Сэндвич-шибер поворотный,250/350,active_family_and_active_diameter,10,10,missing_applicable_photo,,,no,https://dimohod-trade.pro/catalog/sendvich-shibery,no,none,,,,restore_publication_data_for_active_product; if intentionally withdrawn return real 404/410; do_not_redirect_to_catalog
https://dimohod-trade.pro/product/sendvich-shiber-povorotnyi-d280-380,28.08.2026,LOW_DEMAND,DELETE,28.08.2026:DELETE:LOW_DEMAND:200 | 21.08.2026:ADD:SEARCHABLE:200,200,soft_404_product_not_found,sendvich-shiber-povorotnyi,Сэндвич-шибер поворотный,280/380,active_family_and_active_diameter,10,10,missing_applicable_photo,,,no,https://dimohod-trade.pro/catalog/sendvich-shibery,no,none,,,,restore_publication_data_for_active_product; if intentionally withdrawn return real 404/410; do_not_redirect_to_catalog
https://dimohod-trade.pro/product/sendvich-shiber-povorotnyi-d300-400,28.08.2026,LOW_DEMAND,DELETE,28.08.2026:DELETE:LOW_DEMAND:200 | 21.08.2026:ADD:SEARCHABLE:200,200,soft_404_product_not_found,sendvich-shiber-povorotnyi,Сэндвич-шибер поворотный,300/400,active_family_and_active_diameter,10,10,missing_applicable_photo,,,no,https://dimohod-trade.pro/catalog/sendvich-shibery,no,none,,,,restore_publication_data_for_active_product; if intentionally withdrawn return real 404/410; do_not_redirect_to_catalog
https://dimohod-trade.pro/product/sendvich-shiber-vydvizhnoi-d100-200,28.08.2026,LOW_DEMAND,DELETE,28.08.2026:DELETE:LOW_DEMAND:200 | 21.08.2026:ADD:SEARCHABLE:200,200,soft_404_product_not_found,sendvich-shiber-vydvizhnoi,Сэндвич-шибер выдвижной,100/200,active_family_and_active_diameter,32,32,missing_applicable_photo,,,no,https://dimohod-trade.pro/catalog/sendvich-shibery,no,none,,,,restore_publication_data_for_active_product; if intentionally withdrawn return real 404/410; do_not_redirect_to_catalog
https://dimohod-trade.pro/product/sendvich-shiber-vydvizhnoi-d150-250,28.08.2026,SEARCHABLE,ADD,28.08.2026:ADD:SEARCHABLE:200 | 27.08.2026:DELETE:LOW_DEMAND:200 | 21.08.2026:ADD:SEARCHABLE:200,200,soft_404_product_not_found,sendvich-shiber-vydvizhnoi,Сэндвич-шибер выдвижной,150/250,active_family_and_active_diameter,32,32,missing_applicable_photo,,,no,https://dimohod-trade.pro/catalog/sendvich-shibery,no,none,,,,restore_publication_data_for_active_product; if intentionally withdrawn return real 404/410; do_not_redirect_to_catalog
https://dimohod-trade.pro/product/sendvich-shiber-vydvizhnoi-d200-300,28.08.2026,LOW_DEMAND,DELETE,28.08.2026:DELETE:LOW_DEMAND:200 | 21.08.2026:ADD:SEARCHABLE:200,200,soft_404_product_not_found,sendvich-shiber-vydvizhnoi,Сэндвич-шибер выдвижной,200/300,active_family_and_active_diameter,32,32,missing_applicable_photo,,,no,https://dimohod-trade.pro/catalog/sendvich-shibery,no,none,,,,restore_publication_data_for_active_product; if intentionally withdrawn return real 404/410; do_not_redirect_to_catalog
https://dimohod-trade.pro/product/sendvich-shiber-vydvizhnoi-d300-400,28.08.2026,LOW_DEMAND,DELETE,28.08.2026:DELETE:LOW_DEMAND:200 | 21.08.2026:ADD:SEARCHABLE:200,200,soft_404_product_not_found,sendvich-shiber-vydvizhnoi,Сэндвич-шибер выдвижной,300/400,active_family_and_active_diameter,32,32,missing_applicable_photo,,,no,https://dimohod-trade.pro/catalog/sendvich-shibery,no,none,,,,restore_publication_data_for_active_product; if intentionally withdrawn return real 404/410; do_not_redirect_to_catalog
https://dimohod-trade.pro/product/sendvich-troi-nik-s-k-o-45gr-d150-250,28.08.2026,SEARCHABLE,ADD,28.08.2026:ADD:SEARCHABLE:200 | 27.08.2026:DELETE:LOW_DEMAND:200 | 21.08.2026:ADD:SEARCHABLE:200,200,soft_404_product_not_found,sendvich-troi-nik-s-k-o-45gr,Сэндвич-тройник с К/О 45°,150/250,active_family_and_active_diameter,22,22,missing_applicable_photo,,,no,https://dimohod-trade.pro/catalog/sendvich-troyniki,no,none,,,,restore_publication_data_for_active_product; if intentionally withdrawn return real 404/410; do_not_redirect_to_catalog
https://dimohod-trade.pro/product/sendvich-truba-d160-260,28.08.2026,LOW_DEMAND,DELETE,28.08.2026:DELETE:LOW_DEMAND:200 | 21.08.2026:ADD:SEARCHABLE:200,200,live_product_page,sendvich-truba,Сэндвич-труба,160/260,active_family_and_active_diameter,132,132,none,Сэндвич-труба 160/260 мм,https://dimohod-trade.pro/product/sendvich-truba-d160-260,yes,https://dimohod-trade.pro/catalog/sendvich-truby,yes,canonical_url,yes,оцинковка,2994.75,keep_url; no_redirect
https://dimohod-trade.pro/product/sendvich-truba-d200-300,28.08.2026,LOW_DEMAND,DELETE,28.08.2026:DELETE:LOW_DEMAND:200 | 21.08.2026:ADD:SEARCHABLE:200,200,live_product_page,sendvich-truba,Сэндвич-труба,200/300,active_family_and_active_diameter,132,132,none,Сэндвич-труба 200/300 мм,https://dimohod-trade.pro/product/sendvich-truba-d200-300,yes,https://dimohod-trade.pro/catalog/sendvich-truby,yes,canonical_url,yes,оцинковка,3643.31,keep_url; no_redirect
https://dimohod-trade.pro/product/sendvich-truba-d300-400,28.08.2026,LOW_DEMAND,DELETE,28.08.2026:DELETE:LOW_DEMAND:200 | 21.08.2026:ADD:SEARCHABLE:200,200,live_product_page,sendvich-truba,Сэндвич-труба,300/400,active_family_and_active_diameter,132,132,none,Сэндвич-труба 300/400 мм,https://dimohod-trade.pro/product/sendvich-truba-d300-400,yes,https://dimohod-trade.pro/catalog/sendvich-truby,yes,canonical_url,yes,оцинковка,4910.18,keep_url; no_redirect
https://dimohod-trade.pro/product/sendvich-zaglushka-opornaya-d100-200,28.08.2026,LOW_DEMAND,DELETE,28.08.2026:DELETE:LOW_DEMAND:200 | 21.08.2026:ADD:SEARCHABLE:200,200,live_product_page,sendvich-zaglushka-opornaya,Сэндвич-заглушка опорная,100/200,active_family_and_active_diameter,22,22,none,Сэндвич-заглушка опорная 100/200 мм,https://dimohod-trade.pro/product/sendvich-zaglushka-opornaya-d100-200,yes,https://dimohod-trade.pro/catalog/sendvich-zaglushki,yes,canonical_url,yes,Нержавеющая сталь,955.90,keep_url; no_redirect
https://dimohod-trade.pro/product/sendvich-zaglushka-opornaya-d110-210,28.08.2026,LOW_DEMAND,DELETE,28.08.2026:DELETE:LOW_DEMAND:200 | 21.08.2026:ADD:SEARCHABLE:200,200,live_product_page,sendvich-zaglushka-opornaya,Сэндвич-заглушка опорная,110/210,active_family_and_active_diameter,22,22,none,Сэндвич-заглушка опорная 110/210 мм,https://dimohod-trade.pro/product/sendvich-zaglushka-opornaya-d110-210,yes,https://dimohod-trade.pro/catalog/sendvich-zaglushki,yes,canonical_url,yes,оцинковка,975.26,keep_url; no_redirect
https://dimohod-trade.pro/product/sendvich-zaglushka-opornaya-d120-220,28.08.2026,LOW_DEMAND,DELETE,28.08.2026:DELETE:LOW_DEMAND:200 | 21.08.2026:ADD:SEARCHABLE:200,200,live_product_page,sendvich-zaglushka-opornaya,Сэндвич-заглушка опорная,120/220,active_family_and_active_diameter,22,22,none,Сэндвич-заглушка опорная 120/220 мм,https://dimohod-trade.pro/product/sendvich-zaglushka-opornaya-d120-220,yes,https://dimohod-trade.pro/catalog/sendvich-zaglushki,yes,canonical_url,yes,оцинковка,1045.44,keep_url; no_redirect
https://dimohod-trade.pro/product/sendvich-zaglushka-opornaya-d130-230,28.08.2026,LOW_DEMAND,DELETE,28.08.2026:DELETE:LOW_DEMAND:200 | 21.08.2026:ADD:SEARCHABLE:200,200,live_product_page,sendvich-zaglushka-opornaya,Сэндвич-заглушка опорная,130/230,active_family_and_active_diameter,22,22,none,Сэндвич-заглушка опорная 130/230 мм,https://dimohod-trade.pro/product/sendvich-zaglushka-opornaya-d130-230,yes,https://dimohod-trade.pro/catalog/sendvich-zaglushki,yes,canonical_url,yes,оцинковка,1159.18,keep_url; no_redirect
https://dimohod-trade.pro/product/sendvich-zaglushka-opornaya-d140-240,28.08.2026,LOW_DEMAND,DELETE,28.08.2026:DELETE:LOW_DEMAND:200 | 21.08.2026:ADD:SEARCHABLE:200,200,live_product_page,sendvich-zaglushka-opornaya,Сэндвич-заглушка опорная,140/240,active_family_and_active_diameter,22,22,none,Сэндвич-заглушка опорная 140/240 мм,https://dimohod-trade.pro/product/sendvich-zaglushka-opornaya-d140-240,yes,https://dimohod-trade.pro/catalog/sendvich-zaglushki,yes,canonical_url,yes,оцинковка,1245.09,keep_url; no_redirect
https://dimohod-trade.pro/product/sendvich-zaglushka-opornaya-d160-260,28.08.2026,LOW_DEMAND,DELETE,28.08.2026:DELETE:LOW_DEMAND:200 | 21.08.2026:ADD:SEARCHABLE:200,200,live_product_page,sendvich-zaglushka-opornaya,Сэндвич-заглушка опорная,160/260,active_family_and_active_diameter,22,22,none,Сэндвич-заглушка опорная 160/260 мм,https://dimohod-trade.pro/product/sendvich-zaglushka-opornaya-d160-260,yes,https://dimohod-trade.pro/catalog/sendvich-zaglushki,yes,canonical_url,yes,оцинковка,1433.85,keep_url; no_redirect
https://dimohod-trade.pro/product/sendvich-zaglushka-opornaya-d180-280,28.08.2026,LOW_DEMAND,DELETE,28.08.2026:DELETE:LOW_DEMAND:200 | 21.08.2026:ADD:SEARCHABLE:200,200,live_product_page,sendvich-zaglushka-opornaya,Сэндвич-заглушка опорная,180/280,active_family_and_active_diameter,22,22,none,Сэндвич-заглушка опорная 180/280 мм,https://dimohod-trade.pro/product/sendvich-zaglushka-opornaya-d180-280,yes,https://dimohod-trade.pro/catalog/sendvich-zaglushki,yes,canonical_url,yes,оцинковка,1481.04,keep_url; no_redirect
https://dimohod-trade.pro/product/sendvich-zaglushka-opornaya-d200-300,28.08.2026,LOW_DEMAND,DELETE,28.08.2026:DELETE:LOW_DEMAND:200 | 21.08.2026:ADD:SEARCHABLE:200,200,live_product_page,sendvich-zaglushka-opornaya,Сэндвич-заглушка опорная,200/300,active_family_and_active_diameter,22,22,none,Сэндвич-заглушка опорная 200/300 мм,https://dimohod-trade.pro/product/sendvich-zaglushka-opornaya-d200-300,yes,https://dimohod-trade.pro/catalog/sendvich-zaglushki,yes,canonical_url,yes,оцинковка,1655.28,keep_url; no_redirect
https://dimohod-trade.pro/product/sendvich-zaglushka-opornaya-d250-350,28.08.2026,LOW_DEMAND,DELETE,28.08.2026:DELETE:LOW_DEMAND:200 | 21.08.2026:ADD:SEARCHABLE:200,200,live_product_page,sendvich-zaglushka-opornaya,Сэндвич-заглушка опорная,250/350,active_family_and_active_diameter,22,22,none,Сэндвич-заглушка опорная 250/350 мм,https://dimohod-trade.pro/product/sendvich-zaglushka-opornaya-d250-350,yes,https://dimohod-trade.pro/catalog/sendvich-zaglushki,yes,canonical_url,yes,оцинковка,1894.86,keep_url; no_redirect
https://dimohod-trade.pro/product/sendvich-zaglushka-opornaya-d280-380,28.08.2026,LOW_DEMAND,DELETE,28.08.2026:DELETE:LOW_DEMAND:200 | 21.08.2026:ADD:SEARCHABLE:200,200,live_product_page,sendvich-zaglushka-opornaya,Сэндвич-заглушка опорная,280/380,active_family_and_active_diameter,22,22,none,Сэндвич-заглушка опорная 280/380 мм,https://dimohod-trade.pro/product/sendvich-zaglushka-opornaya-d280-380,yes,https://dimohod-trade.pro/catalog/sendvich-zaglushki,yes,canonical_url,yes,оцинковка,2037.64,keep_url; no_redirect
https://dimohod-trade.pro/product/sendvich-zaglushka-opornaya-d300-400,28.08.2026,LOW_DEMAND,DELETE,28.08.2026:DELETE:LOW_DEMAND:200 | 21.08.2026:ADD:SEARCHABLE:200,200,live_product_page,sendvich-zaglushka-opornaya,Сэндвич-заглушка опорная,300/400,active_family_and_active_diameter,22,22,none,Сэндвич-заглушка опорная 300/400 мм,https://dimohod-trade.pro/product/sendvich-zaglushka-opornaya-d300-400,yes,https://dimohod-trade.pro/catalog/sendvich-zaglushki,yes,canonical_url,yes,оцинковка,2122.34,keep_url; no_redirect
https://dimohod-trade.pro/solutions/banya/zamery,28.08.2026,LOW_DEMAND,DELETE,28.08.2026:DELETE:LOW_DEMAND:200 | 21.08.2026:ADD:SEARCHABLE:200,200,live_measurement_page_outside_sitemap,,,,not_applicable,,,,Замеры для расчёта дымохода в бане,https://dimohod-trade.pro/solutions/banya/zamery,no,,,,,,,review indexability; if intended for search add canonical URL to sitemap and internal links
https://dimohod-trade.pro/catalog/sendvich-ogolovki-i-deflektory,27.08.2026,LOW_DEMAND,DELETE,27.08.2026:DELETE:LOW_DEMAND:200 | 21.08.2026:ADD:SEARCHABLE:200,200,live_page,,,,not_applicable,,,,Сэндвич-оголовки и дефлекторы,https://dimohod-trade.pro/catalog/sendvich-ogolovki-i-deflektory,yes,,,,,,,keep_url; no_redirect
https://dimohod-trade.pro/guides,27.08.2026,SEARCHABLE,ADD,27.08.2026:ADD:SEARCHABLE:200,200,live_page,,,,not_applicable,,,,Разберите маршрут до выбора деталей,https://dimohod-trade.pro/guides,yes,,,,,,,keep_url; no_redirect
https://dimohod-trade.pro/product/odnostennyi-chetvernik-s-k-o-90gr-d140,27.08.2026,LOW_DEMAND,DELETE,27.08.2026:DELETE:LOW_DEMAND:200 | 21.08.2026:ADD:SEARCHABLE:200,200,soft_404_product_not_found,odnostennyi-chetvernik-s-k-o-90gr,Одноконтурный четверник с К/О 90°,140,active_family_and_active_diameter,9,9,missing_applicable_photo,,,no,https://dimohod-trade.pro/catalog/odnokonturnye-chetverniki,no,none,,,,restore_publication_data_for_active_product; if intentionally withdrawn return real 404/410; do_not_redirect_to_catalog
https://dimohod-trade.pro/product/odnostennyi-chetvernik-s-k-o-90gr-d280,27.08.2026,LOW_DEMAND,DELETE,27.08.2026:DELETE:LOW_DEMAND:200 | 21.08.2026:ADD:SEARCHABLE:200,200,soft_404_product_not_found,odnostennyi-chetvernik-s-k-o-90gr,Одноконтурный четверник с К/О 90°,280,active_family_and_active_diameter,9,9,missing_applicable_photo,,,no,https://dimohod-trade.pro/catalog/odnokonturnye-chetverniki,no,none,,,,restore_publication_data_for_active_product; if intentionally withdrawn return real 404/410; do_not_redirect_to_catalog
https://dimohod-trade.pro/product/odnostennyi-krepezh-homut-shirokii-d100,27.08.2026,LOW_DEMAND,DELETE,27.08.2026:DELETE:LOW_DEMAND:200 | 21.08.2026:ADD:SEARCHABLE:200,200,live_product_page,odnostennyi-krepezh-homut-shirokii,Одноконтурный хомут широкий,100,active_family_and_active_diameter,5,5,none,Одноконтурный хомут широкий 100 мм,https://dimohod-trade.pro/product/odnostennyi-krepezh-homut-shirokii-d100,yes,https://dimohod-trade.pro/catalog/homuty-i-krepezh,yes,canonical_url,yes,Нержавеющая сталь,479.60,keep_url; no_redirect
https://dimohod-trade.pro/product/odnostennyi-ogolovok-deflektor-d140,27.08.2026,LOW_DEMAND,DELETE,27.08.2026:DELETE:LOW_DEMAND:200 | 21.08.2026:ADD:SEARCHABLE:200,200,soft_404_product_not_found,odnostennyi-ogolovok-deflektor,Одноконтурный дефлектор,140,active_family_and_active_diameter,3,3,missing_applicable_photo,,,no,https://dimohod-trade.pro/catalog/ogolovki-i-deflektory,no,none,,,,restore_publication_data_for_active_product; if intentionally withdrawn return real 404/410; do_not_redirect_to_catalog
https://dimohod-trade.pro/product/odnostennyi-otvod-45-gr-d210,27.08.2026,LOW_DEMAND,DELETE,27.08.2026:DELETE:LOW_DEMAND:200 | 21.08.2026:ADD:SEARCHABLE:200,200,live_product_page,odnostennyi-otvod-45-gr,Одноконтурный отвод 45°,210,active_family_and_active_diameter,9,9,none,Одноконтурный отвод 45° 210 мм,https://dimohod-trade.pro/product/odnostennyi-otvod-45-gr-d210,yes,https://dimohod-trade.pro/catalog/odnokonturnye-otvody,yes,canonical_url,yes,оцинковка,1460.80,keep_url; no_redirect
https://dimohod-trade.pro/product/odnostennyi-otvod-45-gr-d220,27.08.2026,LOW_DEMAND,DELETE,27.08.2026:DELETE:LOW_DEMAND:200 | 21.08.2026:ADD:SEARCHABLE:200,200,live_product_page,odnostennyi-otvod-45-gr,Одноконтурный отвод 45°,220,active_family_and_active_diameter,9,9,none,Одноконтурный отвод 45° 220 мм,https://dimohod-trade.pro/product/odnostennyi-otvod-45-gr-d220,yes,https://dimohod-trade.pro/catalog/odnokonturnye-otvody,yes,canonical_url,yes,оцинковка,1525.70,keep_url; no_redirect
https://dimohod-trade.pro/product/odnostennyi-otvod-45-gr-d230,27.08.2026,LOW_DEMAND,DELETE,27.08.2026:DELETE:LOW_DEMAND:200 | 21.08.2026:ADD:SEARCHABLE:200,200,live_product_page,odnostennyi-otvod-45-gr,Одноконтурный отвод 45°,230,active_family_and_active_diameter,9,9,none,Одноконтурный отвод 45° 230 мм,https://dimohod-trade.pro/product/odnostennyi-otvod-45-gr-d230,yes,https://dimohod-trade.pro/catalog/odnokonturnye-otvody,yes,canonical_url,yes,оцинковка,1600.50,keep_url; no_redirect
https://dimohod-trade.pro/product/odnostennyi-otvod-90-gr-d100,27.08.2026,LOW_DEMAND,DELETE,27.08.2026:DELETE:LOW_DEMAND:200 | 21.08.2026:ADD:SEARCHABLE:200,200,live_product_page,odnostennyi-otvod-90-gr,Одноконтурный отвод 90°,100,active_family_and_active_diameter,9,9,none,Одноконтурный отвод 90° 100 мм,https://dimohod-trade.pro/product/odnostennyi-otvod-90-gr-d100,yes,https://dimohod-trade.pro/catalog/odnokonturnye-otvody,yes,canonical_url,yes,оцинковка,790.90,keep_url; no_redirect
https://dimohod-trade.pro/product/odnostennyi-otvod-90-gr-d130,27.08.2026,LOW_DEMAND,DELETE,27.08.2026:DELETE:LOW_DEMAND:200 | 21.08.2026:ADD:SEARCHABLE:200,200,live_product_page,odnostennyi-otvod-90-gr,Одноконтурный отвод 90°,130,active_family_and_active_diameter,9,9,none,Одноконтурный отвод 90° 130 мм,https://dimohod-trade.pro/product/odnostennyi-otvod-90-gr-d130,yes,https://dimohod-trade.pro/catalog/odnokonturnye-otvody,yes,canonical_url,yes,оцинковка,975.70,keep_url; no_redirect
https://dimohod-trade.pro/product/odnostennyi-otvod-90-gr-d150,27.08.2026,LOW_DEMAND,DELETE,27.08.2026:DELETE:LOW_DEMAND:200 | 21.08.2026:ADD:SEARCHABLE:200,200,live_product_page,odnostennyi-otvod-90-gr,Одноконтурный отвод 90°,150,active_family_and_active_diameter,9,9,none,Одноконтурный отвод 90° 150 мм,https://dimohod-trade.pro/product/odnostennyi-otvod-90-gr-d150,yes,https://dimohod-trade.pro/catalog/odnokonturnye-otvody,yes,canonical_url,yes,оцинковка,1079.10,keep_url; no_redirect
https://dimohod-trade.pro/product/odnostennyi-otvod-90-gr-d160,27.08.2026,LOW_DEMAND,DELETE,27.08.2026:DELETE:LOW_DEMAND:200 | 21.08.2026:ADD:SEARCHABLE:200,200,live_product_page,odnostennyi-otvod-90-gr,Одноконтурный отвод 90°,160,active_family_and_active_diameter,9,9,none,Одноконтурный отвод 90° 160 мм,https://dimohod-trade.pro/product/odnostennyi-otvod-90-gr-d160,yes,https://dimohod-trade.pro/catalog/odnokonturnye-otvody,yes,canonical_url,yes,оцинковка,1201.20,keep_url; no_redirect
https://dimohod-trade.pro/product/odnostennyi-otvod-90-gr-d210,27.08.2026,LOW_DEMAND,DELETE,27.08.2026:DELETE:LOW_DEMAND:200 | 21.08.2026:ADD:SEARCHABLE:200,200,live_product_page,odnostennyi-otvod-90-gr,Одноконтурный отвод 90°,210,active_family_and_active_diameter,9,9,none,Одноконтурный отвод 90° 210 мм,https://dimohod-trade.pro/product/odnostennyi-otvod-90-gr-d210,yes,https://dimohod-trade.pro/catalog/odnokonturnye-otvody,yes,canonical_url,yes,оцинковка,1499.30,keep_url; no_redirect
https://dimohod-trade.pro/product/odnostennyi-otvod-90-gr-d220,27.08.2026,LOW_DEMAND,DELETE,27.08.2026:DELETE:LOW_DEMAND:200 | 21.08.2026:ADD:SEARCHABLE:200,200,live_product_page,odnostennyi-otvod-90-gr,Одноконтурный отвод 90°,220,active_family_and_active_diameter,9,9,none,Одноконтурный отвод 90° 220 мм,https://dimohod-trade.pro/product/odnostennyi-otvod-90-gr-d220,yes,https://dimohod-trade.pro/catalog/odnokonturnye-otvody,yes,canonical_url,yes,оцинковка,1564.20,keep_url; no_redirect
https://dimohod-trade.pro/product/odnostennyi-otvod-90-gr-d230,27.08.2026,LOW_DEMAND,DELETE,27.08.2026:DELETE:LOW_DEMAND:200 | 21.08.2026:ADD:SEARCHABLE:200,200,live_product_page,odnostennyi-otvod-90-gr,Одноконтурный отвод 90°,230,active_family_and_active_diameter,9,9,none,Одноконтурный отвод 90° 230 мм,https://dimohod-trade.pro/product/odnostennyi-otvod-90-gr-d230,yes,https://dimohod-trade.pro/catalog/odnokonturnye-otvody,yes,canonical_url,yes,оцинковка,1639.00,keep_url; no_redirect
https://dimohod-trade.pro/product/odnostennyi-otvod-90-gr-d280,27.08.2026,LOW_DEMAND,DELETE,27.08.2026:DELETE:LOW_DEMAND:200 | 21.08.2026:ADD:SEARCHABLE:200,200,live_product_page,odnostennyi-otvod-90-gr,Одноконтурный отвод 90°,280,active_family_and_active_diameter,9,9,none,Одноконтурный отвод 90° 280 мм,https://dimohod-trade.pro/product/odnostennyi-otvod-90-gr-d280,yes,https://dimohod-trade.pro/catalog/odnokonturnye-otvody,yes,canonical_url,yes,оцинковка,1994.30,keep_url; no_redirect
https://dimohod-trade.pro/product/odnostennyi-otvod-90-gr-d300,27.08.2026,LOW_DEMAND,DELETE,27.08.2026:DELETE:LOW_DEMAND:200 | 21.08.2026:ADD:SEARCHABLE:200,200,live_product_page,odnostennyi-otvod-90-gr,Одноконтурный отвод 90°,300,active_family_and_active_diameter,9,9,none,Одноконтурный отвод 90° 300 мм,https://dimohod-trade.pro/product/odnostennyi-otvod-90-gr-d300,yes,https://dimohod-trade.pro/catalog/odnokonturnye-otvody,yes,canonical_url,yes,оцинковка,2179.10,keep_url; no_redirect
https://dimohod-trade.pro/product/odnostennyi-troi-nik-s-k-o-45gr-d100,27.08.2026,LOW_DEMAND,DELETE,27.08.2026:DELETE:LOW_DEMAND:200 | 21.08.2026:ADD:SEARCHABLE:200,200,soft_404_product_not_found,odnostennyi-troi-nik-s-k-o-45gr,Одноконтурный тройник с К/О 45°,100,active_family_and_active_diameter,9,9,missing_applicable_photo,,,no,https://dimohod-trade.pro/catalog/odnokonturnye-troyniki,no,none,,,,restore_publication_data_for_active_product; if intentionally withdrawn return real 404/410; do_not_redirect_to_catalog
https://dimohod-trade.pro/product/odnostennyi-troi-nik-s-k-o-45gr-d110,27.08.2026,LOW_DEMAND,DELETE,27.08.2026:DELETE:LOW_DEMAND:200 | 21.08.2026:ADD:SEARCHABLE:200,200,soft_404_product_not_found,odnostennyi-troi-nik-s-k-o-45gr,Одноконтурный тройник с К/О 45°,110,active_family_and_active_diameter,9,9,missing_applicable_photo,,,no,https://dimohod-trade.pro/catalog/odnokonturnye-troyniki,no,none,,,,restore_publication_data_for_active_product; if intentionally withdrawn return real 404/410; do_not_redirect_to_catalog
https://dimohod-trade.pro/product/odnostennyi-troi-nik-s-k-o-45gr-d120,27.08.2026,LOW_DEMAND,DELETE,27.08.2026:DELETE:LOW_DEMAND:200 | 21.08.2026:ADD:SEARCHABLE:200,200,soft_404_product_not_found,odnostennyi-troi-nik-s-k-o-45gr,Одноконтурный тройник с К/О 45°,120,active_family_and_active_diameter,9,9,missing_applicable_photo,,,no,https://dimohod-trade.pro/catalog/odnokonturnye-troyniki,no,none,,,,restore_publication_data_for_active_product; if intentionally withdrawn return real 404/410; do_not_redirect_to_catalog
https://dimohod-trade.pro/product/odnostennyi-troi-nik-s-k-o-45gr-d130,27.08.2026,LOW_DEMAND,DELETE,27.08.2026:DELETE:LOW_DEMAND:200 | 21.08.2026:ADD:SEARCHABLE:200,200,soft_404_product_not_found,odnostennyi-troi-nik-s-k-o-45gr,Одноконтурный тройник с К/О 45°,130,active_family_and_active_diameter,9,9,missing_applicable_photo,,,no,https://dimohod-trade.pro/catalog/odnokonturnye-troyniki,no,none,,,,restore_publication_data_for_active_product; if intentionally withdrawn return real 404/410; do_not_redirect_to_catalog
https://dimohod-trade.pro/product/odnostennyi-troi-nik-s-k-o-45gr-d140,27.08.2026,LOW_DEMAND,DELETE,27.08.2026:DELETE:LOW_DEMAND:200 | 21.08.2026:ADD:SEARCHABLE:200,200,soft_404_product_not_found,odnostennyi-troi-nik-s-k-o-45gr,Одноконтурный тройник с К/О 45°,140,active_family_and_active_diameter,9,9,missing_applicable_photo,,,no,https://dimohod-trade.pro/catalog/odnokonturnye-troyniki,no,none,,,,restore_publication_data_for_active_product; if intentionally withdrawn return real 404/410; do_not_redirect_to_catalog
https://dimohod-trade.pro/product/odnostennyi-troi-nik-s-k-o-45gr-d150,27.08.2026,LOW_DEMAND,DELETE,27.08.2026:DELETE:LOW_DEMAND:200 | 21.08.2026:ADD:SEARCHABLE:200,200,soft_404_product_not_found,odnostennyi-troi-nik-s-k-o-45gr,Одноконтурный тройник с К/О 45°,150,active_family_and_active_diameter,9,9,missing_applicable_photo,,,no,https://dimohod-trade.pro/catalog/odnokonturnye-troyniki,no,none,,,,restore_publication_data_for_active_product; if intentionally withdrawn return real 404/410; do_not_redirect_to_catalog
https://dimohod-trade.pro/product/odnostennyi-troi-nik-s-k-o-45gr-d160,27.08.2026,LOW_DEMAND,DELETE,27.08.2026:DELETE:LOW_DEMAND:200 | 21.08.2026:ADD:SEARCHABLE:200,200,soft_404_product_not_found,odnostennyi-troi-nik-s-k-o-45gr,Одноконтурный тройник с К/О 45°,160,active_family_and_active_diameter,9,9,missing_applicable_photo,,,no,https://dimohod-trade.pro/catalog/odnokonturnye-troyniki,no,none,,,,restore_publication_data_for_active_product; if intentionally withdrawn return real 404/410; do_not_redirect_to_catalog
https://dimohod-trade.pro/product/odnostennyi-troi-nik-s-k-o-45gr-d180,27.08.2026,LOW_DEMAND,DELETE,27.08.2026:DELETE:LOW_DEMAND:200 | 21.08.2026:ADD:SEARCHABLE:200,200,soft_404_product_not_found,odnostennyi-troi-nik-s-k-o-45gr,Одноконтурный тройник с К/О 45°,180,active_family_and_active_diameter,9,9,missing_applicable_photo,,,no,https://dimohod-trade.pro/catalog/odnokonturnye-troyniki,no,none,,,,restore_publication_data_for_active_product; if intentionally withdrawn return real 404/410; do_not_redirect_to_catalog
https://dimohod-trade.pro/product/odnostennyi-troi-nik-s-k-o-45gr-d200,27.08.2026,LOW_DEMAND,DELETE,27.08.2026:DELETE:LOW_DEMAND:200 | 21.08.2026:ADD:SEARCHABLE:200,200,soft_404_product_not_found,odnostennyi-troi-nik-s-k-o-45gr,Одноконтурный тройник с К/О 45°,200,active_family_and_active_diameter,9,9,missing_applicable_photo,,,no,https://dimohod-trade.pro/catalog/odnokonturnye-troyniki,no,none,,,,restore_publication_data_for_active_product; if intentionally withdrawn return real 404/410; do_not_redirect_to_catalog
https://dimohod-trade.pro/product/odnostennyi-troi-nik-s-k-o-45gr-d210,27.08.2026,LOW_DEMAND,DELETE,27.08.2026:DELETE:LOW_DEMAND:200 | 21.08.2026:ADD:SEARCHABLE:200,200,soft_404_product_not_found,odnostennyi-troi-nik-s-k-o-45gr,Одноконтурный тройник с К/О 45°,210,active_family_and_active_diameter,9,9,missing_applicable_photo,,,no,https://dimohod-trade.pro/catalog/odnokonturnye-troyniki,no,none,,,,restore_publication_data_for_active_product; if intentionally withdrawn return real 404/410; do_not_redirect_to_catalog
https://dimohod-trade.pro/product/odnostennyi-troi-nik-s-k-o-45gr-d220,27.08.2026,LOW_DEMAND,DELETE,27.08.2026:DELETE:LOW_DEMAND:200 | 21.08.2026:ADD:SEARCHABLE:200,200,soft_404_product_not_found,odnostennyi-troi-nik-s-k-o-45gr,Одноконтурный тройник с К/О 45°,220,active_family_and_active_diameter,9,9,missing_applicable_photo,,,no,https://dimohod-trade.pro/catalog/odnokonturnye-troyniki,no,none,,,,restore_publication_data_for_active_product; if intentionally withdrawn return real 404/410; do_not_redirect_to_catalog
https://dimohod-trade.pro/product/odnostennyi-troi-nik-s-k-o-45gr-d230,27.08.2026,LOW_DEMAND,DELETE,27.08.2026:DELETE:LOW_DEMAND:200 | 21.08.2026:ADD:SEARCHABLE:200,200,soft_404_product_not_found,odnostennyi-troi-nik-s-k-o-45gr,Одноконтурный тройник с К/О 45°,230,active_family_and_active_diameter,9,9,missing_applicable_photo,,,no,https://dimohod-trade.pro/catalog/odnokonturnye-troyniki,no,none,,,,restore_publication_data_for_active_product; if intentionally withdrawn return real 404/410; do_not_redirect_to_catalog
https://dimohod-trade.pro/product/odnostennyi-troi-nik-s-k-o-45gr-d250,27.08.2026,LOW_DEMAND,DELETE,27.08.2026:DELETE:LOW_DEMAND:200 | 21.08.2026:ADD:SEARCHABLE:200,200,soft_404_product_not_found,odnostennyi-troi-nik-s-k-o-45gr,Одноконтурный тройник с К/О 45°,250,active_family_and_active_diameter,9,9,missing_applicable_photo,,,no,https://dimohod-trade.pro/catalog/odnokonturnye-troyniki,no,none,,,,restore_publication_data_for_active_product; if intentionally withdrawn return real 404/410; do_not_redirect_to_catalog
https://dimohod-trade.pro/product/odnostennyi-troi-nik-s-k-o-45gr-d280,27.08.2026,LOW_DEMAND,DELETE,27.08.2026:DELETE:LOW_DEMAND:200 | 21.08.2026:ADD:SEARCHABLE:200,200,soft_404_product_not_found,odnostennyi-troi-nik-s-k-o-45gr,Одноконтурный тройник с К/О 45°,280,active_family_and_active_diameter,9,9,missing_applicable_photo,,,no,https://dimohod-trade.pro/catalog/odnokonturnye-troyniki,no,none,,,,restore_publication_data_for_active_product; if intentionally withdrawn return real 404/410; do_not_redirect_to_catalog
https://dimohod-trade.pro/product/odnostennyi-troi-nik-s-k-o-45gr-d300,27.08.2026,LOW_DEMAND,DELETE,27.08.2026:DELETE:LOW_DEMAND:200 | 21.08.2026:ADD:SEARCHABLE:200,200,soft_404_product_not_found,odnostennyi-troi-nik-s-k-o-45gr,Одноконтурный тройник с К/О 45°,300,active_family_and_active_diameter,9,9,missing_applicable_photo,,,no,https://dimohod-trade.pro/catalog/odnokonturnye-troyniki,no,none,,,,restore_publication_data_for_active_product; if intentionally withdrawn return real 404/410; do_not_redirect_to_catalog
https://dimohod-trade.pro/product/odnostennyi-troi-nik-s-k-o-90gr-d100,27.08.2026,LOW_DEMAND,DELETE,27.08.2026:DELETE:LOW_DEMAND:200 | 21.08.2026:ADD:SEARCHABLE:200,200,live_product_page,odnostennyi-troi-nik-s-k-o-90gr,Одноконтурный тройник с К/О 90°,100,active_family_and_active_diameter,9,9,none,Одноконтурный тройник с К/О 90° 100 мм,https://dimohod-trade.pro/product/odnostennyi-troi-nik-s-k-o-90gr-d100,yes,https://dimohod-trade.pro/catalog/odnokonturnye-troyniki,yes,canonical_url,yes,Нержавеющая сталь,1408.00,keep_url; no_redirect
https://dimohod-trade.pro/product/odnostennyi-troi-nik-s-k-o-90gr-d110,27.08.2026,LOW_DEMAND,DELETE,27.08.2026:DELETE:LOW_DEMAND:200 | 21.08.2026:ADD:SEARCHABLE:200,200,live_product_page,odnostennyi-troi-nik-s-k-o-90gr,Одноконтурный тройник с К/О 90°,110,active_family_and_active_diameter,9,9,none,Одноконтурный тройник с К/О 90° 110 мм,https://dimohod-trade.pro/product/odnostennyi-troi-nik-s-k-o-90gr-d110,yes,https://dimohod-trade.pro/catalog/odnokonturnye-troyniki,yes,canonical_url,yes,оцинковка,1450.90,keep_url; no_redirect
https://dimohod-trade.pro/product/odnostennyi-troi-nik-s-k-o-90gr-d120,27.08.2026,LOW_DEMAND,DELETE,27.08.2026:DELETE:LOW_DEMAND:200 | 21.08.2026:ADD:SEARCHABLE:200,200,live_product_page,odnostennyi-troi-nik-s-k-o-90gr,Одноконтурный тройник с К/О 90°,120,active_family_and_active_diameter,9,9,none,Одноконтурный тройник с К/О 90° 120 мм,https://dimohod-trade.pro/product/odnostennyi-troi-nik-s-k-o-90gr-d120,yes,https://dimohod-trade.pro/catalog/odnokonturnye-troyniki,yes,canonical_url,yes,оцинковка,1502.60,keep_url; no_redirect
https://dimohod-trade.pro/product/odnostennyi-troi-nik-s-k-o-90gr-d130,27.08.2026,LOW_DEMAND,DELETE,27.08.2026:DELETE:LOW_DEMAND:200 | 21.08.2026:ADD:SEARCHABLE:200,200,live_product_page,odnostennyi-troi-nik-s-k-o-90gr,Одноконтурный тройник с К/О 90°,130,active_family_and_active_diameter,9,9,none,Одноконтурный тройник с К/О 90° 130 мм,https://dimohod-trade.pro/product/odnostennyi-troi-nik-s-k-o-90gr-d130,yes,https://dimohod-trade.pro/catalog/odnokonturnye-troyniki,yes,canonical_url,yes,оцинковка,1555.40,keep_url; no_redirect
https://dimohod-trade.pro/product/odnostennyi-troi-nik-s-k-o-90gr-d140,27.08.2026,LOW_DEMAND,DELETE,27.08.2026:DELETE:LOW_DEMAND:200 | 21.08.2026:ADD:SEARCHABLE:200,200,live_product_page,odnostennyi-troi-nik-s-k-o-90gr,Одноконтурный тройник с К/О 90°,140,active_family_and_active_diameter,9,9,none,Одноконтурный тройник с К/О 90° 140 мм,https://dimohod-trade.pro/product/odnostennyi-troi-nik-s-k-o-90gr-d140,yes,https://dimohod-trade.pro/catalog/odnokonturnye-troyniki,yes,canonical_url,yes,оцинковка,1611.50,keep_url; no_redirect
https://dimohod-trade.pro/product/odnostennyi-troi-nik-s-k-o-90gr-d150,27.08.2026,LOW_DEMAND,DELETE,27.08.2026:DELETE:LOW_DEMAND:200 | 21.08.2026:ADD:SEARCHABLE:200,200,live_product_page,odnostennyi-troi-nik-s-k-o-90gr,Одноконтурный тройник с К/О 90°,150,active_family_and_active_diameter,9,9,none,Одноконтурный тройник с К/О 90° 150 мм,https://dimohod-trade.pro/product/odnostennyi-troi-nik-s-k-o-90gr-d150,yes,https://dimohod-trade.pro/catalog/odnokonturnye-troyniki,yes,canonical_url,yes,оцинковка,1669.80,keep_url; no_redirect
https://dimohod-trade.pro/product/odnostennyi-troi-nik-s-k-o-90gr-d160,27.08.2026,LOW_DEMAND,DELETE,27.08.2026:DELETE:LOW_DEMAND:200 | 21.08.2026:ADD:SEARCHABLE:200,200,live_product_page,odnostennyi-troi-nik-s-k-o-90gr,Одноконтурный тройник с К/О 90°,160,active_family_and_active_diameter,9,9,none,Одноконтурный тройник с К/О 90° 160 мм,https://dimohod-trade.pro/product/odnostennyi-troi-nik-s-k-o-90gr-d160,yes,https://dimohod-trade.pro/catalog/odnokonturnye-troyniki,yes,canonical_url,yes,оцинковка,1685.20,keep_url; no_redirect
https://dimohod-trade.pro/product/odnostennyi-troi-nik-s-k-o-90gr-d180,27.08.2026,LOW_DEMAND,DELETE,27.08.2026:DELETE:LOW_DEMAND:200 | 21.08.2026:ADD:SEARCHABLE:200,200,live_product_page,odnostennyi-troi-nik-s-k-o-90gr,Одноконтурный тройник с К/О 90°,180,active_family_and_active_diameter,9,9,none,Одноконтурный тройник с К/О 90° 180 мм,https://dimohod-trade.pro/product/odnostennyi-troi-nik-s-k-o-90gr-d180,yes,https://dimohod-trade.pro/catalog/odnokonturnye-troyniki,yes,canonical_url,yes,оцинковка,1813.90,keep_url; no_redirect
https://dimohod-trade.pro/product/odnostennyi-troi-nik-s-k-o-90gr-d200,27.08.2026,LOW_DEMAND,DELETE,27.08.2026:DELETE:LOW_DEMAND:200 | 21.08.2026:ADD:SEARCHABLE:200,200,live_product_page,odnostennyi-troi-nik-s-k-o-90gr,Одноконтурный тройник с К/О 90°,200,active_family_and_active_diameter,9,9,none,Одноконтурный тройник с К/О 90° 200 мм,https://dimohod-trade.pro/product/odnostennyi-troi-nik-s-k-o-90gr-d200,yes,https://dimohod-trade.pro/catalog/odnokonturnye-troyniki,yes,canonical_url,yes,оцинковка,1918.40,keep_url; no_redirect
https://dimohod-trade.pro/product/odnostennyi-troi-nik-s-k-o-90gr-d210,27.08.2026,LOW_DEMAND,DELETE,27.08.2026:DELETE:LOW_DEMAND:200 | 21.08.2026:ADD:SEARCHABLE:200,200,live_product_page,odnostennyi-troi-nik-s-k-o-90gr,Одноконтурный тройник с К/О 90°,210,active_family_and_active_diameter,9,9,none,Одноконтурный тройник с К/О 90° 210 мм,https://dimohod-trade.pro/product/odnostennyi-troi-nik-s-k-o-90gr-d210,yes,https://dimohod-trade.pro/catalog/odnokonturnye-troyniki,yes,canonical_url,yes,оцинковка,1989.90,keep_url; no_redirect
https://dimohod-trade.pro/product/odnostennyi-troi-nik-s-k-o-90gr-d220,27.08.2026,LOW_DEMAND,DELETE,27.08.2026:DELETE:LOW_DEMAND:200 | 21.08.2026:ADD:SEARCHABLE:200,200,live_product_page,odnostennyi-troi-nik-s-k-o-90gr,Одноконтурный тройник с К/О 90°,220,active_family_and_active_diameter,9,9,none,Одноконтурный тройник с К/О 90° 220 мм,https://dimohod-trade.pro/product/odnostennyi-troi-nik-s-k-o-90gr-d220,yes,https://dimohod-trade.pro/catalog/odnokonturnye-troyniki,yes,canonical_url,yes,оцинковка,2062.50,keep_url; no_redirect
https://dimohod-trade.pro/product/odnostennyi-troi-nik-s-k-o-90gr-d230,27.08.2026,LOW_DEMAND,DELETE,27.08.2026:DELETE:LOW_DEMAND:200 | 21.08.2026:ADD:SEARCHABLE:200,200,live_product_page,odnostennyi-troi-nik-s-k-o-90gr,Одноконтурный тройник с К/О 90°,230,active_family_and_active_diameter,9,9,none,Одноконтурный тройник с К/О 90° 230 мм,https://dimohod-trade.pro/product/odnostennyi-troi-nik-s-k-o-90gr-d230,yes,https://dimohod-trade.pro/catalog/odnokonturnye-troyniki,yes,canonical_url,yes,оцинковка,2139.50,keep_url; no_redirect
https://dimohod-trade.pro/product/odnostennyi-troi-nik-s-k-o-90gr-d250,27.08.2026,LOW_DEMAND,DELETE,27.08.2026:DELETE:LOW_DEMAND:200 | 21.08.2026:ADD:SEARCHABLE:200,200,live_product_page,odnostennyi-troi-nik-s-k-o-90gr,Одноконтурный тройник с К/О 90°,250,active_family_and_active_diameter,9,9,none,Одноконтурный тройник с К/О 90° 250 мм,https://dimohod-trade.pro/product/odnostennyi-troi-nik-s-k-o-90gr-d250,yes,https://dimohod-trade.pro/catalog/odnokonturnye-troyniki,yes,canonical_url,yes,оцинковка,2411.20,keep_url; no_redirect
https://dimohod-trade.pro/product/odnostennyi-troi-nik-s-k-o-90gr-d280,27.08.2026,LOW_DEMAND,DELETE,27.08.2026:DELETE:LOW_DEMAND:200 | 21.08.2026:ADD:SEARCHABLE:200,200,live_product_page,odnostennyi-troi-nik-s-k-o-90gr,Одноконтурный тройник с К/О 90°,280,active_family_and_active_diameter,9,9,none,Одноконтурный тройник с К/О 90° 280 мм,https://dimohod-trade.pro/product/odnostennyi-troi-nik-s-k-o-90gr-d280,yes,https://dimohod-trade.pro/catalog/odnokonturnye-troyniki,yes,canonical_url,yes,оцинковка,2678.50,keep_url; no_redirect
https://dimohod-trade.pro/product/odnostennyi-troi-nik-s-k-o-90gr-d300,27.08.2026,LOW_DEMAND,DELETE,27.08.2026:DELETE:LOW_DEMAND:200 | 21.08.2026:ADD:SEARCHABLE:200,200,live_product_page,odnostennyi-troi-nik-s-k-o-90gr,Одноконтурный тройник с К/О 90°,300,active_family_and_active_diameter,9,9,none,Одноконтурный тройник с К/О 90° 300 мм,https://dimohod-trade.pro/product/odnostennyi-troi-nik-s-k-o-90gr-d300,yes,https://dimohod-trade.pro/catalog/odnokonturnye-troyniki,yes,canonical_url,yes,оцинковка,3001.90,keep_url; no_redirect
https://dimohod-trade.pro/product/sendvich-chetvernik-s-k-o-90gr-d110-210,27.08.2026,LOW_DEMAND,DELETE,27.08.2026:DELETE:LOW_DEMAND:200 | 21.08.2026:ADD:SEARCHABLE:200,200,soft_404_product_not_found,sendvich-chetvernik-s-k-o-90gr,Сэндвич-четверник с К/О 90°,110/210,active_family_and_active_diameter,22,22,missing_applicable_photo,,,no,https://dimohod-trade.pro/catalog/sendvich-chetverniki,no,none,,,,restore_publication_data_for_active_product; if intentionally withdrawn return real 404/410; do_not_redirect_to_catalog
https://dimohod-trade.pro/product/sendvich-chetvernik-s-k-o-90gr-d120-220,27.08.2026,LOW_DEMAND,DELETE,27.08.2026:DELETE:LOW_DEMAND:200 | 21.08.2026:ADD:SEARCHABLE:200,200,soft_404_product_not_found,sendvich-chetvernik-s-k-o-90gr,Сэндвич-четверник с К/О 90°,120/220,active_family_and_active_diameter,22,22,missing_applicable_photo,,,no,https://dimohod-trade.pro/catalog/sendvich-chetverniki,no,none,,,,restore_publication_data_for_active_product; if intentionally withdrawn return real 404/410; do_not_redirect_to_catalog
https://dimohod-trade.pro/product/sendvich-chetvernik-s-k-o-90gr-d130-230,27.08.2026,LOW_DEMAND,DELETE,27.08.2026:DELETE:LOW_DEMAND:200 | 21.08.2026:ADD:SEARCHABLE:200,200,soft_404_product_not_found,sendvich-chetvernik-s-k-o-90gr,Сэндвич-четверник с К/О 90°,130/230,active_family_and_active_diameter,22,22,missing_applicable_photo,,,no,https://dimohod-trade.pro/catalog/sendvich-chetverniki,no,none,,,,restore_publication_data_for_active_product; if intentionally withdrawn return real 404/410; do_not_redirect_to_catalog
https://dimohod-trade.pro/product/sendvich-chetvernik-s-k-o-90gr-d140-240,27.08.2026,LOW_DEMAND,DELETE,27.08.2026:DELETE:LOW_DEMAND:200 | 21.08.2026:ADD:SEARCHABLE:200,200,soft_404_product_not_found,sendvich-chetvernik-s-k-o-90gr,Сэндвич-четверник с К/О 90°,140/240,active_family_and_active_diameter,22,22,missing_applicable_photo,,,no,https://dimohod-trade.pro/catalog/sendvich-chetverniki,no,none,,,,restore_publication_data_for_active_product; if intentionally withdrawn return real 404/410; do_not_redirect_to_catalog
https://dimohod-trade.pro/product/sendvich-chetvernik-s-k-o-90gr-d160-260,27.08.2026,LOW_DEMAND,DELETE,27.08.2026:DELETE:LOW_DEMAND:200 | 21.08.2026:ADD:SEARCHABLE:200,200,soft_404_product_not_found,sendvich-chetvernik-s-k-o-90gr,Сэндвич-четверник с К/О 90°,160/260,active_family_and_active_diameter,22,22,missing_applicable_photo,,,no,https://dimohod-trade.pro/catalog/sendvich-chetverniki,no,none,,,,restore_publication_data_for_active_product; if intentionally withdrawn return real 404/410; do_not_redirect_to_catalog
https://dimohod-trade.pro/product/sendvich-chetvernik-s-k-o-90gr-d180-280,27.08.2026,LOW_DEMAND,DELETE,27.08.2026:DELETE:LOW_DEMAND:200 | 21.08.2026:ADD:SEARCHABLE:200,200,soft_404_product_not_found,sendvich-chetvernik-s-k-o-90gr,Сэндвич-четверник с К/О 90°,180/280,active_family_and_active_diameter,22,22,missing_applicable_photo,,,no,https://dimohod-trade.pro/catalog/sendvich-chetverniki,no,none,,,,restore_publication_data_for_active_product; if intentionally withdrawn return real 404/410; do_not_redirect_to_catalog
https://dimohod-trade.pro/product/sendvich-chetvernik-s-k-o-90gr-d250-350,27.08.2026,LOW_DEMAND,DELETE,27.08.2026:DELETE:LOW_DEMAND:200 | 21.08.2026:ADD:SEARCHABLE:200,200,soft_404_product_not_found,sendvich-chetvernik-s-k-o-90gr,Сэндвич-четверник с К/О 90°,250/350,active_family_and_active_diameter,22,22,missing_applicable_photo,,,no,https://dimohod-trade.pro/catalog/sendvich-chetverniki,no,none,,,,restore_publication_data_for_active_product; if intentionally withdrawn return real 404/410; do_not_redirect_to_catalog
https://dimohod-trade.pro/product/sendvich-chetvernik-s-k-o-90gr-d280-380,27.08.2026,LOW_DEMAND,DELETE,27.08.2026:DELETE:LOW_DEMAND:200 | 21.08.2026:ADD:SEARCHABLE:200,200,soft_404_product_not_found,sendvich-chetvernik-s-k-o-90gr,Сэндвич-четверник с К/О 90°,280/380,active_family_and_active_diameter,22,22,missing_applicable_photo,,,no,https://dimohod-trade.pro/catalog/sendvich-chetverniki,no,none,,,,restore_publication_data_for_active_product; if intentionally withdrawn return real 404/410; do_not_redirect_to_catalog
https://dimohod-trade.pro/product/sendvich-chetvernik-s-k-o-90gr-d300-400,27.08.2026,LOW_DEMAND,DELETE,27.08.2026:DELETE:LOW_DEMAND:200 | 21.08.2026:ADD:SEARCHABLE:200,200,soft_404_product_not_found,sendvich-chetvernik-s-k-o-90gr,Сэндвич-четверник с К/О 90°,300/400,active_family_and_active_diameter,22,22,missing_applicable_photo,,,no,https://dimohod-trade.pro/catalog/sendvich-chetverniki,no,none,,,,restore_publication_data_for_active_product; if intentionally withdrawn return real 404/410; do_not_redirect_to_catalog
https://dimohod-trade.pro/product/sendvich-ogolovok-konus-d110-210,27.08.2026,LOW_DEMAND,DELETE,27.08.2026:DELETE:LOW_DEMAND:200 | 21.08.2026:ADD:SEARCHABLE:200,200,soft_404_product_not_found,sendvich-ogolovok-konus,Сэндвич-оголовок-конус,110/210,active_family_and_active_diameter,12,12,missing_applicable_photo,,,no,https://dimohod-trade.pro/catalog/sendvich-ogolovki-i-deflektory,no,none,,,,restore_publication_data_for_active_product; if intentionally withdrawn return real 404/410; do_not_redirect_to_catalog
https://dimohod-trade.pro/product/sendvich-ogolovok-konus-d120-220,27.08.2026,LOW_DEMAND,DELETE,27.08.2026:DELETE:LOW_DEMAND:200 | 21.08.2026:ADD:SEARCHABLE:200,200,soft_404_product_not_found,sendvich-ogolovok-konus,Сэндвич-оголовок-конус,120/220,active_family_and_active_diameter,12,12,missing_applicable_photo,,,no,https://dimohod-trade.pro/catalog/sendvich-ogolovki-i-deflektory,no,none,,,,restore_publication_data_for_active_product; if intentionally withdrawn return real 404/410; do_not_redirect_to_catalog
https://dimohod-trade.pro/product/sendvich-ogolovok-konus-d130-230,27.08.2026,LOW_DEMAND,DELETE,27.08.2026:DELETE:LOW_DEMAND:200 | 21.08.2026:ADD:SEARCHABLE:200,200,soft_404_product_not_found,sendvich-ogolovok-konus,Сэндвич-оголовок-конус,130/230,active_family_and_active_diameter,12,12,missing_applicable_photo,,,no,https://dimohod-trade.pro/catalog/sendvich-ogolovki-i-deflektory,no,none,,,,restore_publication_data_for_active_product; if intentionally withdrawn return real 404/410; do_not_redirect_to_catalog
https://dimohod-trade.pro/product/sendvich-ogolovok-konus-d140-240,27.08.2026,LOW_DEMAND,DELETE,27.08.2026:DELETE:LOW_DEMAND:200 | 21.08.2026:ADD:SEARCHABLE:200,200,soft_404_product_not_found,sendvich-ogolovok-konus,Сэндвич-оголовок-конус,140/240,active_family_and_active_diameter,12,12,missing_applicable_photo,,,no,https://dimohod-trade.pro/catalog/sendvich-ogolovki-i-deflektory,no,none,,,,restore_publication_data_for_active_product; if intentionally withdrawn return real 404/410; do_not_redirect_to_catalog
https://dimohod-trade.pro/product/sendvich-ogolovok-konus-d160-260,27.08.2026,LOW_DEMAND,DELETE,27.08.2026:DELETE:LOW_DEMAND:200 | 21.08.2026:ADD:SEARCHABLE:200,200,soft_404_product_not_found,sendvich-ogolovok-konus,Сэндвич-оголовок-конус,160/260,active_family_and_active_diameter,12,12,missing_applicable_photo,,,no,https://dimohod-trade.pro/catalog/sendvich-ogolovki-i-deflektory,no,none,,,,restore_publication_data_for_active_product; if intentionally withdrawn return real 404/410; do_not_redirect_to_catalog
https://dimohod-trade.pro/product/sendvich-ogolovok-konus-d180-280,27.08.2026,LOW_DEMAND,DELETE,27.08.2026:DELETE:LOW_DEMAND:200 | 21.08.2026:ADD:SEARCHABLE:200,200,soft_404_product_not_found,sendvich-ogolovok-konus,Сэндвич-оголовок-конус,180/280,active_family_and_active_diameter,12,12,missing_applicable_photo,,,no,https://dimohod-trade.pro/catalog/sendvich-ogolovki-i-deflektory,no,none,,,,restore_publication_data_for_active_product; if intentionally withdrawn return real 404/410; do_not_redirect_to_catalog
https://dimohod-trade.pro/product/sendvich-ogolovok-konus-d200-300,27.08.2026,LOW_DEMAND,DELETE,27.08.2026:DELETE:LOW_DEMAND:200 | 21.08.2026:ADD:SEARCHABLE:200,200,soft_404_product_not_found,sendvich-ogolovok-konus,Сэндвич-оголовок-конус,200/300,active_family_and_active_diameter,12,12,missing_applicable_photo,,,no,https://dimohod-trade.pro/catalog/sendvich-ogolovki-i-deflektory,no,none,,,,restore_publication_data_for_active_product; if intentionally withdrawn return real 404/410; do_not_redirect_to_catalog
https://dimohod-trade.pro/product/sendvich-ogolovok-konus-d250-350,27.08.2026,LOW_DEMAND,DELETE,27.08.2026:DELETE:LOW_DEMAND:200 | 21.08.2026:ADD:SEARCHABLE:200,200,soft_404_product_not_found,sendvich-ogolovok-konus,Сэндвич-оголовок-конус,250/350,active_family_and_active_diameter,12,12,missing_applicable_photo,,,no,https://dimohod-trade.pro/catalog/sendvich-ogolovki-i-deflektory,no,none,,,,restore_publication_data_for_active_product; if intentionally withdrawn return real 404/410; do_not_redirect_to_catalog
https://dimohod-trade.pro/product/sendvich-ogolovok-konus-d280-380,27.08.2026,LOW_DEMAND,DELETE,27.08.2026:DELETE:LOW_DEMAND:200 | 21.08.2026:ADD:SEARCHABLE:200,200,soft_404_product_not_found,sendvich-ogolovok-konus,Сэндвич-оголовок-конус,280/380,active_family_and_active_diameter,12,12,missing_applicable_photo,,,no,https://dimohod-trade.pro/catalog/sendvich-ogolovki-i-deflektory,no,none,,,,restore_publication_data_for_active_product; if intentionally withdrawn return real 404/410; do_not_redirect_to_catalog
https://dimohod-trade.pro/product/sendvich-ogolovok-konus-d300-400,27.08.2026,LOW_DEMAND,DELETE,27.08.2026:DELETE:LOW_DEMAND:200 | 21.08.2026:ADD:SEARCHABLE:200,200,soft_404_product_not_found,sendvich-ogolovok-konus,Сэндвич-оголовок-конус,300/400,active_family_and_active_diameter,12,12,missing_applicable_photo,,,no,https://dimohod-trade.pro/catalog/sendvich-ogolovki-i-deflektory,no,none,,,,restore_publication_data_for_active_product; if intentionally withdrawn return real 404/410; do_not_redirect_to_catalog
https://dimohod-trade.pro/product/sendvich-ogolovok-zont-konus-d110-210,27.08.2026,LOW_DEMAND,DELETE,27.08.2026:DELETE:LOW_DEMAND:200 | 21.08.2026:ADD:SEARCHABLE:200,200,live_product_page,sendvich-ogolovok-zont-konus,Сэндвич-зонт-конус,110/210,active_family_and_active_diameter,12,12,none,Сэндвич-зонт-конус 110/210 мм,https://dimohod-trade.pro/product/sendvich-ogolovok-zont-konus-d110-210,yes,https://dimohod-trade.pro/catalog/sendvich-ogolovki-i-deflektory,yes,canonical_url,yes,оцинковка,1464.10,keep_url; no_redirect
https://dimohod-trade.pro/product/sendvich-ogolovok-zont-konus-d120-220,27.08.2026,LOW_DEMAND,DELETE,27.08.2026:DELETE:LOW_DEMAND:200 | 21.08.2026:ADD:SEARCHABLE:200,200,live_product_page,sendvich-ogolovok-zont-konus,Сэндвич-зонт-конус,120/220,active_family_and_active_diameter,12,12,none,Сэндвич-зонт-конус 120/220 мм,https://dimohod-trade.pro/product/sendvich-ogolovok-zont-konus-d120-220,yes,https://dimohod-trade.pro/catalog/sendvich-ogolovki-i-deflektory,yes,canonical_url,yes,оцинковка,1635.92,keep_url; no_redirect
https://dimohod-trade.pro/product/sendvich-ogolovok-zont-konus-d130-230,27.08.2026,LOW_DEMAND,DELETE,27.08.2026:DELETE:LOW_DEMAND:200 | 21.08.2026:ADD:SEARCHABLE:200,200,live_product_page,sendvich-ogolovok-zont-konus,Сэндвич-зонт-конус,130/230,active_family_and_active_diameter,12,12,none,Сэндвич-зонт-конус 130/230 мм,https://dimohod-trade.pro/product/sendvich-ogolovok-zont-konus-d130-230,yes,https://dimohod-trade.pro/catalog/sendvich-ogolovki-i-deflektory,yes,canonical_url,yes,оцинковка,1677.06,keep_url; no_redirect
https://dimohod-trade.pro/product/sendvich-ogolovok-zont-konus-d140-240,27.08.2026,LOW_DEMAND,DELETE,27.08.2026:DELETE:LOW_DEMAND:200 | 21.08.2026:ADD:SEARCHABLE:200,200,live_product_page,sendvich-ogolovok-zont-konus,Сэндвич-зонт-конус,140/240,active_family_and_active_diameter,12,12,none,Сэндвич-зонт-конус 140/240 мм,https://dimohod-trade.pro/product/sendvich-ogolovok-zont-konus-d140-240,yes,https://dimohod-trade.pro/catalog/sendvich-ogolovki-i-deflektory,yes,canonical_url,yes,оцинковка,1790.80,keep_url; no_redirect
https://dimohod-trade.pro/product/sendvich-ogolovok-zont-konus-d160-260,27.08.2026,LOW_DEMAND,DELETE,27.08.2026:DELETE:LOW_DEMAND:200 | 21.08.2026:ADD:SEARCHABLE:200,200,live_product_page,sendvich-ogolovok-zont-konus,Сэндвич-зонт-конус,160/260,active_family_and_active_diameter,12,12,none,Сэндвич-зонт-конус 160/260 мм,https://dimohod-trade.pro/product/sendvich-ogolovok-zont-konus-d160-260,yes,https://dimohod-trade.pro/catalog/sendvich-ogolovki-i-deflektory,yes,canonical_url,yes,оцинковка,2167.11,keep_url; no_redirect
https://dimohod-trade.pro/product/sendvich-ogolovok-zont-konus-d180-280,27.08.2026,LOW_DEMAND,DELETE,27.08.2026:DELETE:LOW_DEMAND:200 | 21.08.2026:ADD:SEARCHABLE:200,200,live_product_page,sendvich-ogolovok-zont-konus,Сэндвич-зонт-конус,180/280,active_family_and_active_diameter,12,12,none,Сэндвич-зонт-конус 180/280 мм,https://dimohod-trade.pro/product/sendvich-ogolovok-zont-konus-d180-280,yes,https://dimohod-trade.pro/catalog/sendvich-ogolovki-i-deflektory,yes,canonical_url,yes,оцинковка,2380.07,keep_url; no_redirect
https://dimohod-trade.pro/product/sendvich-ogolovok-zont-konus-d200-300,27.08.2026,LOW_DEMAND,DELETE,27.08.2026:DELETE:LOW_DEMAND:200 | 21.08.2026:ADD:SEARCHABLE:200,200,live_product_page,sendvich-ogolovok-zont-konus,Сэндвич-зонт-конус,200/300,active_family_and_active_diameter,12,12,none,Сэндвич-зонт-конус 200/300 мм,https://dimohod-trade.pro/product/sendvich-ogolovok-zont-konus-d200-300,yes,https://dimohod-trade.pro/catalog/sendvich-ogolovki-i-deflektory,yes,canonical_url,yes,оцинковка,2551.89,keep_url; no_redirect
https://dimohod-trade.pro/product/sendvich-ogolovok-zont-konus-d250-350,27.08.2026,LOW_DEMAND,DELETE,27.08.2026:DELETE:LOW_DEMAND:200 | 21.08.2026:ADD:SEARCHABLE:200,200,live_product_page,sendvich-ogolovok-zont-konus,Сэндвич-зонт-конус,250/350,active_family_and_active_diameter,12,12,none,Сэндвич-зонт-конус 250/350 мм,https://dimohod-trade.pro/product/sendvich-ogolovok-zont-konus-d250-350,yes,https://dimohod-trade.pro/catalog/sendvich-ogolovki-i-deflektory,yes,canonical_url,yes,оцинковка,3106.07,keep_url; no_redirect
https://dimohod-trade.pro/product/sendvich-ogolovok-zont-konus-d280-380,27.08.2026,LOW_DEMAND,DELETE,27.08.2026:DELETE:LOW_DEMAND:200 | 21.08.2026:ADD:SEARCHABLE:200,200,live_product_page,sendvich-ogolovok-zont-konus,Сэндвич-зонт-конус,280/380,active_family_and_active_diameter,12,12,none,Сэндвич-зонт-конус 280/380 мм,https://dimohod-trade.pro/product/sendvich-ogolovok-zont-konus-d280-380,yes,https://dimohod-trade.pro/catalog/sendvich-ogolovki-i-deflektory,yes,canonical_url,yes,оцинковка,3438.82,keep_url; no_redirect
https://dimohod-trade.pro/product/sendvich-ogolovok-zont-konus-d300-400,27.08.2026,LOW_DEMAND,DELETE,27.08.2026:DELETE:LOW_DEMAND:200 | 21.08.2026:ADD:SEARCHABLE:200,200,live_product_page,sendvich-ogolovok-zont-konus,Сэндвич-зонт-конус,300/400,active_family_and_active_diameter,12,12,none,Сэндвич-зонт-конус 300/400 мм,https://dimohod-trade.pro/product/sendvich-ogolovok-zont-konus-d300-400,yes,https://dimohod-trade.pro/catalog/sendvich-ogolovki-i-deflektory,yes,canonical_url,yes,оцинковка,3638.47,keep_url; no_redirect
https://dimohod-trade.pro/product/sendvich-otvod-45-gr-d110-210,27.08.2026,LOW_DEMAND,DELETE,27.08.2026:DELETE:LOW_DEMAND:200 | 21.08.2026:ADD:SEARCHABLE:200,200,soft_404_product_not_found,sendvich-otvod-45-gr,Сэндвич-отвод 45°,110/210,active_family_and_active_diameter,22,22,missing_applicable_photo,,,no,https://dimohod-trade.pro/catalog/sendvich-otvody,no,none,,,,restore_publication_data_for_active_product; if intentionally withdrawn return real 404/410; do_not_redirect_to_catalog
https://dimohod-trade.pro/product/sendvich-otvod-45-gr-d120-220,27.08.2026,LOW_DEMAND,DELETE,27.08.2026:DELETE:LOW_DEMAND:200 | 21.08.2026:ADD:SEARCHABLE:200,200,soft_404_product_not_found,sendvich-otvod-45-gr,Сэндвич-отвод 45°,120/220,active_family_and_active_diameter,22,22,missing_applicable_photo,,,no,https://dimohod-trade.pro/catalog/sendvich-otvody,no,none,,,,restore_publication_data_for_active_product; if intentionally withdrawn return real 404/410; do_not_redirect_to_catalog
https://dimohod-trade.pro/product/sendvich-otvod-45-gr-d130-230,27.08.2026,LOW_DEMAND,DELETE,27.08.2026:DELETE:LOW_DEMAND:200 | 21.08.2026:ADD:SEARCHABLE:200,200,soft_404_product_not_found,sendvich-otvod-45-gr,Сэндвич-отвод 45°,130/230,active_family_and_active_diameter,22,22,missing_applicable_photo,,,no,https://dimohod-trade.pro/catalog/sendvich-otvody,no,none,,,,restore_publication_data_for_active_product; if intentionally withdrawn return real 404/410; do_not_redirect_to_catalog
https://dimohod-trade.pro/product/sendvich-otvod-45-gr-d140-240,27.08.2026,LOW_DEMAND,DELETE,27.08.2026:DELETE:LOW_DEMAND:200 | 21.08.2026:ADD:SEARCHABLE:200,200,soft_404_product_not_found,sendvich-otvod-45-gr,Сэндвич-отвод 45°,140/240,active_family_and_active_diameter,22,22,missing_applicable_photo,,,no,https://dimohod-trade.pro/catalog/sendvich-otvody,no,none,,,,restore_publication_data_for_active_product; if intentionally withdrawn return real 404/410; do_not_redirect_to_catalog
https://dimohod-trade.pro/product/sendvich-otvod-45-gr-d160-260,27.08.2026,LOW_DEMAND,DELETE,27.08.2026:DELETE:LOW_DEMAND:200 | 21.08.2026:ADD:SEARCHABLE:200,200,soft_404_product_not_found,sendvich-otvod-45-gr,Сэндвич-отвод 45°,160/260,active_family_and_active_diameter,22,22,missing_applicable_photo,,,no,https://dimohod-trade.pro/catalog/sendvich-otvody,no,none,,,,restore_publication_data_for_active_product; if intentionally withdrawn return real 404/410; do_not_redirect_to_catalog
https://dimohod-trade.pro/product/sendvich-otvod-45-gr-d180-280,27.08.2026,LOW_DEMAND,DELETE,27.08.2026:DELETE:LOW_DEMAND:200 | 21.08.2026:ADD:SEARCHABLE:200,200,soft_404_product_not_found,sendvich-otvod-45-gr,Сэндвич-отвод 45°,180/280,active_family_and_active_diameter,22,22,missing_applicable_photo,,,no,https://dimohod-trade.pro/catalog/sendvich-otvody,no,none,,,,restore_publication_data_for_active_product; if intentionally withdrawn return real 404/410; do_not_redirect_to_catalog
https://dimohod-trade.pro/product/sendvich-otvod-45-gr-d250-350,27.08.2026,LOW_DEMAND,DELETE,27.08.2026:DELETE:LOW_DEMAND:200 | 21.08.2026:ADD:SEARCHABLE:200,200,soft_404_product_not_found,sendvich-otvod-45-gr,Сэндвич-отвод 45°,250/350,active_family_and_active_diameter,22,22,missing_applicable_photo,,,no,https://dimohod-trade.pro/catalog/sendvich-otvody,no,none,,,,restore_publication_data_for_active_product; if intentionally withdrawn return real 404/410; do_not_redirect_to_catalog
https://dimohod-trade.pro/product/sendvich-otvod-45-gr-d280-380,27.08.2026,LOW_DEMAND,DELETE,27.08.2026:DELETE:LOW_DEMAND:200 | 21.08.2026:ADD:SEARCHABLE:200,200,soft_404_product_not_found,sendvich-otvod-45-gr,Сэндвич-отвод 45°,280/380,active_family_and_active_diameter,22,22,missing_applicable_photo,,,no,https://dimohod-trade.pro/catalog/sendvich-otvody,no,none,,,,restore_publication_data_for_active_product; if intentionally withdrawn return real 404/410; do_not_redirect_to_catalog
https://dimohod-trade.pro/product/sendvich-otvod-45-gr-d300-400,27.08.2026,LOW_DEMAND,DELETE,27.08.2026:DELETE:LOW_DEMAND:200 | 21.08.2026:ADD:SEARCHABLE:200,200,soft_404_product_not_found,sendvich-otvod-45-gr,Сэндвич-отвод 45°,300/400,active_family_and_active_diameter,22,22,missing_applicable_photo,,,no,https://dimohod-trade.pro/catalog/sendvich-otvody,no,none,,,,restore_publication_data_for_active_product; if intentionally withdrawn return real 404/410; do_not_redirect_to_catalog
https://dimohod-trade.pro/product/sendvich-shiber-povorotnyi-d140-240,27.08.2026,LOW_DEMAND,DELETE,27.08.2026:DELETE:LOW_DEMAND:200 | 21.08.2026:ADD:SEARCHABLE:200,200,soft_404_product_not_found,sendvich-shiber-povorotnyi,Сэндвич-шибер поворотный,140/240,active_family_and_active_diameter,10,10,missing_applicable_photo,,,no,https://dimohod-trade.pro/catalog/sendvich-shibery,no,none,,,,restore_publication_data_for_active_product; if intentionally withdrawn return real 404/410; do_not_redirect_to_catalog
https://dimohod-trade.pro/product/sendvich-shiber-vydvizhnoi-d110-210,27.08.2026,LOW_DEMAND,DELETE,27.08.2026:DELETE:LOW_DEMAND:200 | 21.08.2026:ADD:SEARCHABLE:200,200,soft_404_product_not_found,sendvich-shiber-vydvizhnoi,Сэндвич-шибер выдвижной,110/210,active_family_and_active_diameter,32,32,missing_applicable_photo,,,no,https://dimohod-trade.pro/catalog/sendvich-shibery,no,none,,,,restore_publication_data_for_active_product; if intentionally withdrawn return real 404/410; do_not_redirect_to_catalog
https://dimohod-trade.pro/product/sendvich-shiber-vydvizhnoi-d120-220,27.08.2026,LOW_DEMAND,DELETE,27.08.2026:DELETE:LOW_DEMAND:200 | 21.08.2026:ADD:SEARCHABLE:200,200,soft_404_product_not_found,sendvich-shiber-vydvizhnoi,Сэндвич-шибер выдвижной,120/220,active_family_and_active_diameter,32,32,missing_applicable_photo,,,no,https://dimohod-trade.pro/catalog/sendvich-shibery,no,none,,,,restore_publication_data_for_active_product; if intentionally withdrawn return real 404/410; do_not_redirect_to_catalog
https://dimohod-trade.pro/product/sendvich-shiber-vydvizhnoi-d130-230,27.08.2026,LOW_DEMAND,DELETE,27.08.2026:DELETE:LOW_DEMAND:200 | 21.08.2026:ADD:SEARCHABLE:200,200,soft_404_product_not_found,sendvich-shiber-vydvizhnoi,Сэндвич-шибер выдвижной,130/230,active_family_and_active_diameter,32,32,missing_applicable_photo,,,no,https://dimohod-trade.pro/catalog/sendvich-shibery,no,none,,,,restore_publication_data_for_active_product; if intentionally withdrawn return real 404/410; do_not_redirect_to_catalog
https://dimohod-trade.pro/product/sendvich-shiber-vydvizhnoi-d140-240,27.08.2026,LOW_DEMAND,DELETE,27.08.2026:DELETE:LOW_DEMAND:200 | 21.08.2026:ADD:SEARCHABLE:200,200,soft_404_product_not_found,sendvich-shiber-vydvizhnoi,Сэндвич-шибер выдвижной,140/240,active_family_and_active_diameter,32,32,missing_applicable_photo,,,no,https://dimohod-trade.pro/catalog/sendvich-shibery,no,none,,,,restore_publication_data_for_active_product; if intentionally withdrawn return real 404/410; do_not_redirect_to_catalog
https://dimohod-trade.pro/product/sendvich-shiber-vydvizhnoi-d160-260,27.08.2026,LOW_DEMAND,DELETE,27.08.2026:DELETE:LOW_DEMAND:200 | 21.08.2026:ADD:SEARCHABLE:200,200,soft_404_product_not_found,sendvich-shiber-vydvizhnoi,Сэндвич-шибер выдвижной,160/260,active_family_and_active_diameter,32,32,missing_applicable_photo,,,no,https://dimohod-trade.pro/catalog/sendvich-shibery,no,none,,,,restore_publication_data_for_active_product; if intentionally withdrawn return real 404/410; do_not_redirect_to_catalog
https://dimohod-trade.pro/product/sendvich-shiber-vydvizhnoi-d180-280,27.08.2026,LOW_DEMAND,DELETE,27.08.2026:DELETE:LOW_DEMAND:200 | 21.08.2026:ADD:SEARCHABLE:200,200,soft_404_product_not_found,sendvich-shiber-vydvizhnoi,Сэндвич-шибер выдвижной,180/280,active_family_and_active_diameter,32,32,missing_applicable_photo,,,no,https://dimohod-trade.pro/catalog/sendvich-shibery,no,none,,,,restore_publication_data_for_active_product; if intentionally withdrawn return real 404/410; do_not_redirect_to_catalog
https://dimohod-trade.pro/product/sendvich-shiber-vydvizhnoi-d250-350,27.08.2026,LOW_DEMAND,DELETE,27.08.2026:DELETE:LOW_DEMAND:200 | 21.08.2026:ADD:SEARCHABLE:200,200,soft_404_product_not_found,sendvich-shiber-vydvizhnoi,Сэндвич-шибер выдвижной,250/350,active_family_and_active_diameter,32,32,missing_applicable_photo,,,no,https://dimohod-trade.pro/catalog/sendvich-shibery,no,none,,,,restore_publication_data_for_active_product; if intentionally withdrawn return real 404/410; do_not_redirect_to_catalog
https://dimohod-trade.pro/product/sendvich-shiber-vydvizhnoi-d280-380,27.08.2026,LOW_DEMAND,DELETE,27.08.2026:DELETE:LOW_DEMAND:200 | 21.08.2026:ADD:SEARCHABLE:200,200,soft_404_product_not_found,sendvich-shiber-vydvizhnoi,Сэндвич-шибер выдвижной,280/380,active_family_and_active_diameter,32,32,missing_applicable_photo,,,no,https://dimohod-trade.pro/catalog/sendvich-shibery,no,none,,,,restore_publication_data_for_active_product; if intentionally withdrawn return real 404/410; do_not_redirect_to_catalog
https://dimohod-trade.pro/product/sendvich-troi-nik-s-k-o-45gr-d100-200,27.08.2026,LOW_DEMAND,DELETE,27.08.2026:DELETE:LOW_DEMAND:200 | 21.08.2026:ADD:SEARCHABLE:200,200,soft_404_product_not_found,sendvich-troi-nik-s-k-o-45gr,Сэндвич-тройник с К/О 45°,100/200,active_family_and_active_diameter,22,22,missing_applicable_photo,,,no,https://dimohod-trade.pro/catalog/sendvich-troyniki,no,none,,,,restore_publication_data_for_active_product; if intentionally withdrawn return real 404/410; do_not_redirect_to_catalog
https://dimohod-trade.pro/product/sendvich-troi-nik-s-k-o-45gr-d110-210,27.08.2026,LOW_DEMAND,DELETE,27.08.2026:DELETE:LOW_DEMAND:200 | 21.08.2026:ADD:SEARCHABLE:200,200,soft_404_product_not_found,sendvich-troi-nik-s-k-o-45gr,Сэндвич-тройник с К/О 45°,110/210,active_family_and_active_diameter,22,22,missing_applicable_photo,,,no,https://dimohod-trade.pro/catalog/sendvich-troyniki,no,none,,,,restore_publication_data_for_active_product; if intentionally withdrawn return real 404/410; do_not_redirect_to_catalog
https://dimohod-trade.pro/product/sendvich-troi-nik-s-k-o-45gr-d120-220,27.08.2026,LOW_DEMAND,DELETE,27.08.2026:DELETE:LOW_DEMAND:200 | 21.08.2026:ADD:SEARCHABLE:200,200,soft_404_product_not_found,sendvich-troi-nik-s-k-o-45gr,Сэндвич-тройник с К/О 45°,120/220,active_family_and_active_diameter,22,22,missing_applicable_photo,,,no,https://dimohod-trade.pro/catalog/sendvich-troyniki,no,none,,,,restore_publication_data_for_active_product; if intentionally withdrawn return real 404/410; do_not_redirect_to_catalog
https://dimohod-trade.pro/product/sendvich-troi-nik-s-k-o-45gr-d130-230,27.08.2026,LOW_DEMAND,DELETE,27.08.2026:DELETE:LOW_DEMAND:200 | 21.08.2026:ADD:SEARCHABLE:200,200,soft_404_product_not_found,sendvich-troi-nik-s-k-o-45gr,Сэндвич-тройник с К/О 45°,130/230,active_family_and_active_diameter,22,22,missing_applicable_photo,,,no,https://dimohod-trade.pro/catalog/sendvich-troyniki,no,none,,,,restore_publication_data_for_active_product; if intentionally withdrawn return real 404/410; do_not_redirect_to_catalog
https://dimohod-trade.pro/product/sendvich-troi-nik-s-k-o-45gr-d140-240,27.08.2026,LOW_DEMAND,DELETE,27.08.2026:DELETE:LOW_DEMAND:200 | 21.08.2026:ADD:SEARCHABLE:200,200,soft_404_product_not_found,sendvich-troi-nik-s-k-o-45gr,Сэндвич-тройник с К/О 45°,140/240,active_family_and_active_diameter,22,22,missing_applicable_photo,,,no,https://dimohod-trade.pro/catalog/sendvich-troyniki,no,none,,,,restore_publication_data_for_active_product; if intentionally withdrawn return real 404/410; do_not_redirect_to_catalog
https://dimohod-trade.pro/product/sendvich-troi-nik-s-k-o-45gr-d160-260,27.08.2026,LOW_DEMAND,DELETE,27.08.2026:DELETE:LOW_DEMAND:200 | 21.08.2026:ADD:SEARCHABLE:200,200,soft_404_product_not_found,sendvich-troi-nik-s-k-o-45gr,Сэндвич-тройник с К/О 45°,160/260,active_family_and_active_diameter,22,22,missing_applicable_photo,,,no,https://dimohod-trade.pro/catalog/sendvich-troyniki,no,none,,,,restore_publication_data_for_active_product; if intentionally withdrawn return real 404/410; do_not_redirect_to_catalog
https://dimohod-trade.pro/product/sendvich-troi-nik-s-k-o-45gr-d180-280,27.08.2026,LOW_DEMAND,DELETE,27.08.2026:DELETE:LOW_DEMAND:200 | 21.08.2026:ADD:SEARCHABLE:200,200,soft_404_product_not_found,sendvich-troi-nik-s-k-o-45gr,Сэндвич-тройник с К/О 45°,180/280,active_family_and_active_diameter,22,22,missing_applicable_photo,,,no,https://dimohod-trade.pro/catalog/sendvich-troyniki,no,none,,,,restore_publication_data_for_active_product; if intentionally withdrawn return real 404/410; do_not_redirect_to_catalog
https://dimohod-trade.pro/product/sendvich-troi-nik-s-k-o-45gr-d200-300,27.08.2026,LOW_DEMAND,DELETE,27.08.2026:DELETE:LOW_DEMAND:200 | 21.08.2026:ADD:SEARCHABLE:200,200,soft_404_product_not_found,sendvich-troi-nik-s-k-o-45gr,Сэндвич-тройник с К/О 45°,200/300,active_family_and_active_diameter,22,22,missing_applicable_photo,,,no,https://dimohod-trade.pro/catalog/sendvich-troyniki,no,none,,,,restore_publication_data_for_active_product; if intentionally withdrawn return real 404/410; do_not_redirect_to_catalog
https://dimohod-trade.pro/product/sendvich-troi-nik-s-k-o-45gr-d250-350,27.08.2026,LOW_DEMAND,DELETE,27.08.2026:DELETE:LOW_DEMAND:200 | 21.08.2026:ADD:SEARCHABLE:200,200,soft_404_product_not_found,sendvich-troi-nik-s-k-o-45gr,Сэндвич-тройник с К/О 45°,250/350,active_family_and_active_diameter,22,22,missing_applicable_photo,,,no,https://dimohod-trade.pro/catalog/sendvich-troyniki,no,none,,,,restore_publication_data_for_active_product; if intentionally withdrawn return real 404/410; do_not_redirect_to_catalog
https://dimohod-trade.pro/product/sendvich-troi-nik-s-k-o-45gr-d280-380,27.08.2026,LOW_DEMAND,DELETE,27.08.2026:DELETE:LOW_DEMAND:200 | 21.08.2026:ADD:SEARCHABLE:200,200,soft_404_product_not_found,sendvich-troi-nik-s-k-o-45gr,Сэндвич-тройник с К/О 45°,280/380,active_family_and_active_diameter,22,22,missing_applicable_photo,,,no,https://dimohod-trade.pro/catalog/sendvich-troyniki,no,none,,,,restore_publication_data_for_active_product; if intentionally withdrawn return real 404/410; do_not_redirect_to_catalog
https://dimohod-trade.pro/product/sendvich-troi-nik-s-k-o-45gr-d300-400,27.08.2026,LOW_DEMAND,DELETE,27.08.2026:DELETE:LOW_DEMAND:200 | 21.08.2026:ADD:SEARCHABLE:200,200,soft_404_product_not_found,sendvich-troi-nik-s-k-o-45gr,Сэндвич-тройник с К/О 45°,300/400,active_family_and_active_diameter,22,22,missing_applicable_photo,,,no,https://dimohod-trade.pro/catalog/sendvich-troyniki,no,none,,,,restore_publication_data_for_active_product; if intentionally withdrawn return real 404/410; do_not_redirect_to_catalog
https://dimohod-trade.pro/product/sendvich-troi-nik-s-k-o-90gr-d100-200,27.08.2026,LOW_DEMAND,DELETE,27.08.2026:DELETE:LOW_DEMAND:200 | 21.08.2026:ADD:SEARCHABLE:200,200,live_product_page,sendvich-troi-nik-s-k-o-90gr,Сэндвич-тройник с К/О 90°,100/200,active_family_and_active_diameter,22,22,none,Сэндвич-тройник с К/О 90° 100/200 мм,https://dimohod-trade.pro/product/sendvich-troi-nik-s-k-o-90gr-d100-200,yes,https://dimohod-trade.pro/catalog/sendvich-troyniki,yes,canonical_url,yes,Нержавеющая сталь,3495.69,keep_url; no_redirect
https://dimohod-trade.pro/product/sendvich-troi-nik-s-k-o-90gr-d110-210,27.08.2026,LOW_DEMAND,DELETE,27.08.2026:DELETE:LOW_DEMAND:200 | 21.08.2026:ADD:SEARCHABLE:200,200,live_product_page,sendvich-troi-nik-s-k-o-90gr,Сэндвич-тройник с К/О 90°,110/210,active_family_and_active_diameter,22,22,none,Сэндвич-тройник с К/О 90° 110/210 мм,https://dimohod-trade.pro/product/sendvich-troi-nik-s-k-o-90gr-d110-210,yes,https://dimohod-trade.pro/catalog/sendvich-troyniki,yes,canonical_url,yes,оцинковка,3632.42,keep_url; no_redirect
https://dimohod-trade.pro/product/sendvich-troi-nik-s-k-o-90gr-d120-220,27.08.2026,LOW_DEMAND,DELETE,27.08.2026:DELETE:LOW_DEMAND:200 | 21.08.2026:ADD:SEARCHABLE:200,200,live_product_page,sendvich-troi-nik-s-k-o-90gr,Сэндвич-тройник с К/О 90°,120/220,active_family_and_active_diameter,22,22,none,Сэндвич-тройник с К/О 90° 120/220 мм,https://dimohod-trade.pro/product/sendvich-troi-nik-s-k-o-90gr-d120-220,yes,https://dimohod-trade.pro/catalog/sendvich-troyniki,yes,canonical_url,yes,оцинковка,3840.54,keep_url; no_redirect
https://dimohod-trade.pro/product/sendvich-troi-nik-s-k-o-90gr-d130-230,27.08.2026,LOW_DEMAND,DELETE,27.08.2026:DELETE:LOW_DEMAND:200 | 21.08.2026:ADD:SEARCHABLE:200,200,live_product_page,sendvich-troi-nik-s-k-o-90gr,Сэндвич-тройник с К/О 90°,130/230,active_family_and_active_diameter,22,22,none,Сэндвич-тройник с К/О 90° 130/230 мм,https://dimohod-trade.pro/product/sendvich-troi-nik-s-k-o-90gr-d130-230,yes,https://dimohod-trade.pro/catalog/sendvich-troyniki,yes,canonical_url,yes,оцинковка,3959.12,keep_url; no_redirect
https://dimohod-trade.pro/product/sendvich-troi-nik-s-k-o-90gr-d140-240,27.08.2026,LOW_DEMAND,DELETE,27.08.2026:DELETE:LOW_DEMAND:200 | 21.08.2026:ADD:SEARCHABLE:200,200,live_product_page,sendvich-troi-nik-s-k-o-90gr,Сэндвич-тройник с К/О 90°,140/240,active_family_and_active_diameter,22,22,none,Сэндвич-тройник с К/О 90° 140/240 мм,https://dimohod-trade.pro/product/sendvich-troi-nik-s-k-o-90gr-d140-240,yes,https://dimohod-trade.pro/catalog/sendvich-troyniki,yes,canonical_url,yes,оцинковка,4126.10,keep_url; no_redirect
https://dimohod-trade.pro/product/sendvich-troi-nik-s-k-o-90gr-d160-260,27.08.2026,LOW_DEMAND,DELETE,27.08.2026:DELETE:LOW_DEMAND:200 | 21.08.2026:ADD:SEARCHABLE:200,200,live_product_page,sendvich-troi-nik-s-k-o-90gr,Сэндвич-тройник с К/О 90°,160/260,active_family_and_active_diameter,22,22,none,Сэндвич-тройник с К/О 90° 160/260 мм,https://dimohod-trade.pro/product/sendvich-troi-nik-s-k-o-90gr-d160-260,yes,https://dimohod-trade.pro/catalog/sendvich-troyniki,yes,canonical_url,yes,оцинковка,4668.18,keep_url; no_redirect
https://dimohod-trade.pro/product/sendvich-troi-nik-s-k-o-90gr-d180-280,27.08.2026,LOW_DEMAND,DELETE,27.08.2026:DELETE:LOW_DEMAND:200 | 21.08.2026:ADD:SEARCHABLE:200,200,live_product_page,sendvich-troi-nik-s-k-o-90gr,Сэндвич-тройник с К/О 90°,180/280,active_family_and_active_diameter,22,22,none,Сэндвич-тройник с К/О 90° 180/280 мм,https://dimohod-trade.pro/product/sendvich-troi-nik-s-k-o-90gr-d180-280,yes,https://dimohod-trade.pro/catalog/sendvich-troyniki,yes,canonical_url,yes,оцинковка,5210.26,keep_url; no_redirect
https://dimohod-trade.pro/product/sendvich-troi-nik-s-k-o-90gr-d200-300,27.08.2026,LOW_DEMAND,DELETE,27.08.2026:DELETE:LOW_DEMAND:200 | 21.08.2026:ADD:SEARCHABLE:200,200,live_product_page,sendvich-troi-nik-s-k-o-90gr,Сэндвич-тройник с К/О 90°,200/300,active_family_and_active_diameter,22,22,none,Сэндвич-тройник с К/О 90° 200/300 мм,https://dimohod-trade.pro/product/sendvich-troi-nik-s-k-o-90gr-d200-300,yes,https://dimohod-trade.pro/catalog/sendvich-troyniki,yes,canonical_url,yes,оцинковка,5567.21,keep_url; no_redirect
https://dimohod-trade.pro/product/sendvich-troi-nik-s-k-o-90gr-d250-350,27.08.2026,LOW_DEMAND,DELETE,27.08.2026:DELETE:LOW_DEMAND:200 | 21.08.2026:ADD:SEARCHABLE:200,200,live_product_page,sendvich-troi-nik-s-k-o-90gr,Сэндвич-тройник с К/О 90°,250/350,active_family_and_active_diameter,22,22,none,Сэндвич-тройник с К/О 90° 250/350 мм,https://dimohod-trade.pro/product/sendvich-troi-nik-s-k-o-90gr-d250-350,yes,https://dimohod-trade.pro/catalog/sendvich-troyniki,yes,canonical_url,yes,оцинковка,6874.01,keep_url; no_redirect
https://dimohod-trade.pro/product/sendvich-troi-nik-s-k-o-90gr-d280-380,27.08.2026,LOW_DEMAND,DELETE,27.08.2026:DELETE:LOW_DEMAND:200 | 21.08.2026:ADD:SEARCHABLE:200,200,live_product_page,sendvich-troi-nik-s-k-o-90gr,Сэндвич-тройник с К/О 90°,280/380,active_family_and_active_diameter,22,22,none,Сэндвич-тройник с К/О 90° 280/380 мм,https://dimohod-trade.pro/product/sendvich-troi-nik-s-k-o-90gr-d280-380,yes,https://dimohod-trade.pro/catalog/sendvich-troyniki,yes,canonical_url,yes,оцинковка,7658.09,keep_url; no_redirect
https://dimohod-trade.pro/product/sendvich-troi-nik-s-k-o-90gr-d300-400,27.08.2026,LOW_DEMAND,DELETE,27.08.2026:DELETE:LOW_DEMAND:200 | 21.08.2026:ADD:SEARCHABLE:200,200,live_product_page,sendvich-troi-nik-s-k-o-90gr,Сэндвич-тройник с К/О 90°,300/400,active_family_and_active_diameter,22,22,none,Сэндвич-тройник с К/О 90° 300/400 мм,https://dimohod-trade.pro/product/sendvich-troi-nik-s-k-o-90gr-d300-400,yes,https://dimohod-trade.pro/catalog/sendvich-troyniki,yes,canonical_url,yes,оцинковка,8180.81,keep_url; no_redirect
https://dimohod-trade.pro/product/sendvich-truba-d100-200,27.08.2026,LOW_DEMAND,DELETE,27.08.2026:DELETE:LOW_DEMAND:200 | 21.08.2026:ADD:SEARCHABLE:200,200,live_product_page,sendvich-truba,Сэндвич-труба,100/200,active_family_and_active_diameter,132,132,none,Сэндвич-труба 100/200 мм,https://dimohod-trade.pro/product/sendvich-truba-d100-200,yes,https://dimohod-trade.pro/catalog/sendvich-truby,yes,canonical_url,yes,Нержавеющая сталь,1996.50,keep_url; no_redirect
https://dimohod-trade.pro/product/sendvich-truba-d110-210,27.08.2026,LOW_DEMAND,DELETE,27.08.2026:DELETE:LOW_DEMAND:200 | 21.08.2026:ADD:SEARCHABLE:200,200,live_product_page,sendvich-truba,Сэндвич-труба,110/210,active_family_and_active_diameter,132,132,none,Сэндвич-труба 110/210 мм,https://dimohod-trade.pro/product/sendvich-truba-d110-210,yes,https://dimohod-trade.pro/catalog/sendvich-truby,yes,canonical_url,yes,оцинковка,2100.56,keep_url; no_redirect
https://dimohod-trade.pro/product/sendvich-truba-d130-230,27.08.2026,LOW_DEMAND,DELETE,27.08.2026:DELETE:LOW_DEMAND:200 | 21.08.2026:ADD:SEARCHABLE:200,200,live_product_page,sendvich-truba,Сэндвич-труба,130/230,active_family_and_active_diameter,132,132,none,Сэндвич-труба 130/230 мм,https://dimohod-trade.pro/product/sendvich-truba-d130-230,yes,https://dimohod-trade.pro/catalog/sendvich-truby,yes,canonical_url,yes,оцинковка,2398.22,keep_url; no_redirect
https://dimohod-trade.pro/product/sendvich-truba-d140-240,27.08.2026,LOW_DEMAND,DELETE,27.08.2026:DELETE:LOW_DEMAND:200 | 21.08.2026:ADD:SEARCHABLE:200,200,live_product_page,sendvich-truba,Сэндвич-труба,140/240,active_family_and_active_diameter,132,132,none,Сэндвич-труба 140/240 мм,https://dimohod-trade.pro/product/sendvich-truba-d140-240,yes,https://dimohod-trade.pro/catalog/sendvich-truby,yes,canonical_url,yes,оцинковка,2631.75,keep_url; no_redirect
https://dimohod-trade.pro/product/sendvich-truba-d180-280,27.08.2026,LOW_DEMAND,DELETE,27.08.2026:DELETE:LOW_DEMAND:200 | 21.08.2026:ADD:SEARCHABLE:200,200,live_product_page,sendvich-truba,Сэндвич-труба,180/280,active_family_and_active_diameter,132,132,none,Сэндвич-труба 180/280 мм,https://dimohod-trade.pro/product/sendvich-truba-d180-280,yes,https://dimohod-trade.pro/catalog/sendvich-truby,yes,canonical_url,yes,оцинковка,3222.23,keep_url; no_redirect
https://dimohod-trade.pro/product/sendvich-truba-d250-350,27.08.2026,LOW_DEMAND,DELETE,27.08.2026:DELETE:LOW_DEMAND:200 | 21.08.2026:ADD:SEARCHABLE:200,200,live_product_page,sendvich-truba,Сэндвич-труба,250/350,active_family_and_active_diameter,132,132,none,Сэндвич-труба 250/350 мм,https://dimohod-trade.pro/product/sendvich-truba-d250-350,yes,https://dimohod-trade.pro/catalog/sendvich-truby,yes,canonical_url,yes,оцинковка,4276.14,keep_url; no_redirect
https://dimohod-trade.pro/product/sendvich-truba-d280-380,27.08.2026,LOW_DEMAND,DELETE,27.08.2026:DELETE:LOW_DEMAND:200 | 21.08.2026:ADD:SEARCHABLE:200,200,live_product_page,sendvich-truba,Сэндвич-труба,280/380,active_family_and_active_diameter,132,132,none,Сэндвич-труба 280/380 мм,https://dimohod-trade.pro/product/sendvich-truba-d280-380,yes,https://dimohod-trade.pro/catalog/sendvich-truby,yes,canonical_url,yes,оцинковка,4656.08,keep_url; no_redirect
https://dimohod-trade.pro/product/sendvich-zaglushka-opornaya-d150-250,25.08.2026,SEARCHABLE,ADD,25.08.2026:ADD:SEARCHABLE:200,200,live_product_page,sendvich-zaglushka-opornaya,Сэндвич-заглушка опорная,150/250,active_family_and_active_diameter,22,22,none,Сэндвич-заглушка опорная 150/250 мм,https://dimohod-trade.pro/product/sendvich-zaglushka-opornaya-d150-250,yes,https://dimohod-trade.pro/catalog/sendvich-zaglushki,yes,canonical_url,yes,оцинковка,1320.11,keep_url; no_redirect
https://dimohod-trade.pro/,21.08.2026,SEARCHABLE,ADD,21.08.2026:ADD:SEARCHABLE:200,200,live_page,,,,not_applicable,,,,"Схема, полный состав дымохода и смета до заказа.",https://dimohod-trade.pro,yes,,,,,,,keep_url; no_redirect
https://dimohod-trade.pro/catalog,21.08.2026,SEARCHABLE,ADD,21.08.2026:ADD:SEARCHABLE:200,200,live_page,,,,not_applicable,,,,Категории дымоходов,https://dimohod-trade.pro/catalog,yes,,,,,,,keep_url; no_redirect
https://dimohod-trade.pro/catalog/odnokonturnye-otvody,21.08.2026,SEARCHABLE,ADD,21.08.2026:ADD:SEARCHABLE:200,200,live_page,,,,not_applicable,,,,Одноконтурные отводы,https://dimohod-trade.pro/catalog/odnokonturnye-otvody,yes,,,,,,,keep_url; no_redirect
https://dimohod-trade.pro/catalog/sendvich-truby,21.08.2026,SEARCHABLE,ADD,21.08.2026:ADD:SEARCHABLE:200,200,live_page,,,,not_applicable,,,,Сэндвич-трубы,https://dimohod-trade.pro/catalog/sendvich-truby,yes,,,,,,,keep_url; no_redirect
https://dimohod-trade.pro/consent-personal-data,21.08.2026,SEARCHABLE,ADD,21.08.2026:ADD:SEARCHABLE:200,200,live_legal_page_outside_sitemap,,,,not_applicable,,,,Согласие на обработку персональных данных,,no,,,,,,,keep outside commercial sitemap; no redirect
https://dimohod-trade.pro/cookie-policy,21.08.2026,SEARCHABLE,ADD,21.08.2026:ADD:SEARCHABLE:200,200,live_legal_page_outside_sitemap,,,,not_applicable,,,,Политика использования cookie и локальных технологий,,no,,,,,,,keep outside commercial sitemap; no redirect
https://dimohod-trade.pro/privacy,21.08.2026,SEARCHABLE,ADD,21.08.2026:ADD:SEARCHABLE:200,200,live_legal_page_outside_sitemap,,,,not_applicable,,,,Политика обработки персональных данных,,no,,,,,,,keep outside commercial sitemap; no redirect
https://dimohod-trade.pro/product/dekorativnaya-yubka-d150,21.08.2026,SEARCHABLE,ADD,21.08.2026:ADD:SEARCHABLE:200,200,live_product_page,dekorativnaya-yubka,Декоративная юбка,150,active_family_and_active_diameter,5,5,none,Декоративная юбка 150 мм,https://dimohod-trade.pro/product/dekorativnaya-yubka-d150,yes,https://dimohod-trade.pro/catalog/uzly-prohoda-sten-i-perekrytiy,yes,canonical_url,yes,оцинковка,606.10,keep_url; no_redirect
https://dimohod-trade.pro/product/konsol-universalnaya,21.08.2026,SEARCHABLE,ADD,21.08.2026:ADD:SEARCHABLE:200,200,live_product_page,konsol-universalnaya,Консоль универсальная,,active_family_and_active_diameter,2,2,none,Консоль универсальная,https://dimohod-trade.pro/product/konsol-universalnaya,yes,https://dimohod-trade.pro/catalog/homuty-i-krepezh,yes,sku_query_variant,yes,,4000.00,keep_url; no_redirect
https://dimohod-trade.pro/product/odnostennyi-krepezh-homut-shirokii-d150,21.08.2026,SEARCHABLE,ADD,21.08.2026:ADD:SEARCHABLE:200,200,live_product_page,odnostennyi-krepezh-homut-shirokii,Одноконтурный хомут широкий,150,active_family_and_active_diameter,5,5,none,Одноконтурный хомут широкий 150 мм,https://dimohod-trade.pro/product/odnostennyi-krepezh-homut-shirokii-d150,yes,https://dimohod-trade.pro/catalog/homuty-i-krepezh,yes,canonical_url,yes,оцинковка,529.10,keep_url; no_redirect
https://dimohod-trade.pro/product/odnostennyi-krepezh-homut-silovoi-d150,21.08.2026,SEARCHABLE,ADD,21.08.2026:ADD:SEARCHABLE:200,200,live_product_page,odnostennyi-krepezh-homut-silovoi,Хомут силовой для консоли,150,active_family_and_active_diameter,5,5,none,Хомут силовой для консоли 150 мм,https://dimohod-trade.pro/product/odnostennyi-krepezh-homut-silovoi-d150,yes,https://dimohod-trade.pro/catalog/homuty-i-krepezh,yes,canonical_url,yes,оцинковка,445.50,keep_url; no_redirect
https://dimohod-trade.pro/product/odnostennyi-truba-d150,21.08.2026,SEARCHABLE,ADD,21.08.2026:ADD:SEARCHABLE:200,200,live_product_page,odnostennyi-truba,Одноконтурная труба,150,active_family_and_active_diameter,54,54,none,Одноконтурная труба 150 мм,https://dimohod-trade.pro/product/odnostennyi-truba-d150,yes,https://dimohod-trade.pro/catalog/odnokonturnye-truby,yes,canonical_url,yes,оцинковка,1009.80,keep_url; no_redirect
https://dimohod-trade.pro/product/sendvich-ogolovok-deflektor-konus-d120-220,21.08.2026,SEARCHABLE,ADD,21.08.2026:ADD:SEARCHABLE:200,200,live_product_page,sendvich-ogolovok-deflektor-konus,Сэндвич-дефлектор-конус,120/220,active_family_and_active_diameter,7,7,none,Сэндвич-дефлектор-конус 120/220 мм,https://dimohod-trade.pro/product/sendvich-ogolovok-deflektor-konus-d120-220,yes,https://dimohod-trade.pro/catalog/sendvich-ogolovki-i-deflektory,yes,canonical_url,yes,AISI 430,2330.13,keep_url; no_redirect
https://dimohod-trade.pro/product/sendvich-ogolovok-deflektor-konus-d150-250,21.08.2026,SEARCHABLE,ADD,21.08.2026:ADD:SEARCHABLE:200,200,live_product_page,sendvich-ogolovok-deflektor-konus,Сэндвич-дефлектор-конус,150/250,active_family_and_active_diameter,7,7,none,Сэндвич-дефлектор-конус 150/250 мм,https://dimohod-trade.pro/product/sendvich-ogolovok-deflektor-konus-d150-250,yes,https://dimohod-trade.pro/catalog/sendvich-ogolovki-i-deflektory,yes,canonical_url,yes,AISI 430,2876.61,keep_url; no_redirect
https://dimohod-trade.pro/product/sendvich-ogolovok-konus-d150-250,21.08.2026,SEARCHABLE,ADD,21.08.2026:ADD:SEARCHABLE:200,200,soft_404_product_not_found,sendvich-ogolovok-konus,Сэндвич-оголовок-конус,150/250,active_family_and_active_diameter,12,12,missing_applicable_photo,,,no,https://dimohod-trade.pro/catalog/sendvich-ogolovki-i-deflektory,no,none,,,,restore_publication_data_for_active_product; if intentionally withdrawn return real 404/410; do_not_redirect_to_catalog
https://dimohod-trade.pro/product/sendvich-ogolovok-zont-konus-d150-250,21.08.2026,SEARCHABLE,ADD,21.08.2026:ADD:SEARCHABLE:200,200,live_product_page,sendvich-ogolovok-zont-konus,Сэндвич-зонт-конус,150/250,active_family_and_active_diameter,12,12,none,Сэндвич-зонт-конус 150/250 мм,https://dimohod-trade.pro/product/sendvich-ogolovok-zont-konus-d150-250,yes,https://dimohod-trade.pro/catalog/sendvich-ogolovki-i-deflektory,yes,canonical_url,yes,оцинковка,2064.26,keep_url; no_redirect
https://dimohod-trade.pro/product/sendvich-otvod-90-gr-d150-250,21.08.2026,SEARCHABLE,ADD,21.08.2026:ADD:SEARCHABLE:200,200,live_product_page,sendvich-otvod-90-gr,Сэндвич-отвод 90°,150/250,active_family_and_active_diameter,22,22,none,Сэндвич-отвод 90° 150/250 мм,https://dimohod-trade.pro/product/sendvich-otvod-90-gr-d150-250,yes,https://dimohod-trade.pro/catalog/sendvich-otvody,yes,canonical_url,yes,оцинковка,2888.27,keep_url; no_redirect
https://dimohod-trade.pro/product/sendvich-troi-nik-s-k-o-90gr-d150-250,21.08.2026,SEARCHABLE,ADD,21.08.2026:ADD:SEARCHABLE:200,200,live_product_page,sendvich-troi-nik-s-k-o-90gr,Сэндвич-тройник с К/О 90°,150/250,active_family_and_active_diameter,22,22,none,Сэндвич-тройник с К/О 90° 150/250 мм,https://dimohod-trade.pro/product/sendvich-troi-nik-s-k-o-90gr-d150-250,yes,https://dimohod-trade.pro/catalog/sendvich-troyniki,yes,canonical_url,yes,оцинковка,4411.66,keep_url; no_redirect
https://dimohod-trade.pro/product/sendvich-truba-d120-220,21.08.2026,SEARCHABLE,ADD,21.08.2026:ADD:SEARCHABLE:200,200,live_product_page,sendvich-truba,Сэндвич-труба,120/220,active_family_and_active_diameter,132,132,none,Сэндвич-труба 120/220 мм,https://dimohod-trade.pro/product/sendvich-truba-d120-220,yes,https://dimohod-trade.pro/catalog/sendvich-truby,yes,canonical_url,yes,оцинковка,2305.05,keep_url; no_redirect
https://dimohod-trade.pro/product/sendvich-truba-d150-250,21.08.2026,SEARCHABLE,ADD,21.08.2026:ADD:SEARCHABLE:200,200,live_product_page,sendvich-truba,Сэндвич-труба,150/250,active_family_and_active_diameter,132,132,none,Сэндвич-труба 150/250 мм,https://dimohod-trade.pro/product/sendvich-truba-d150-250,yes,https://dimohod-trade.pro/catalog/sendvich-truby,yes,canonical_url,yes,оцинковка,2816.88,keep_url; no_redirect
https://dimohod-trade.pro/solutions,21.08.2026,SEARCHABLE,ADD,21.08.2026:ADD:SEARCHABLE:200,200,live_page,,,,not_applicable,,,,Выберите сценарий подбора дымохода,https://dimohod-trade.pro/solutions,yes,,,,,,,keep_url; no_redirect
https://dimohod-trade.pro/solutions/banya,21.08.2026,SEARCHABLE,ADD,21.08.2026:ADD:SEARCHABLE:200,200,live_page,,,,not_applicable,,,,Дымоход для банной печи — по вашей печи и размерам бани,https://dimohod-trade.pro/solutions/banya,yes,,,,,,,keep_url; no_redirect
https://dimohod-trade.pro/solutions/dom,21.08.2026,SEARCHABLE,ADD,21.08.2026:ADD:SEARCHABLE:200,200,live_page,,,,not_applicable,,,,Дымоход для дома — по вашему отопителю и маршруту,https://dimohod-trade.pro/solutions/dom,yes,,,,,,,keep_url; no_redirect
https://dimohod-trade.pro/solutions/gazovyy-kotel,21.08.2026,SEARCHABLE,ADD,21.08.2026:ADD:SEARCHABLE:200,200,live_page,,,,not_applicable,,,,Система отвода для конкретной модели котла,https://dimohod-trade.pro/solutions/gazovyy-kotel,yes,,,,,,,keep_url; no_redirect
https://dimohod-trade.pro/solutions/kamin,21.08.2026,SEARCHABLE,ADD,21.08.2026:ADD:SEARCHABLE:200,200,live_page,,,,not_applicable,,,,Дымоход для камина с учётом топки и дома,https://dimohod-trade.pro/solutions/kamin,yes,,,,,,,keep_url; no_redirect
https://dimohod-trade.pro/solutions/pech,21.08.2026,SEARCHABLE,ADD,21.08.2026:ADD:SEARCHABLE:200,200,live_page,,,,not_applicable,,,,Дымоход для печи по паспорту отопителя,https://dimohod-trade.pro/solutions/pech,yes,,,,,,,keep_url; no_redirect
https://dimohod-trade.pro/solutions/tverdotoplivny-kotel,21.08.2026,SEARCHABLE,ADD,21.08.2026:ADD:SEARCHABLE:200,200,live_page,,,,not_applicable,,,,Дымоход для котла по требованиям оборудования,https://dimohod-trade.pro/solutions/tverdotoplivny-kotel,yes,,,,,,,keep_url; no_redirect
https://dimohod-trade.pro/user-agreement,21.08.2026,SEARCHABLE,ADD,21.08.2026:ADD:SEARCHABLE:200,200,live_legal_page_outside_sitemap,,,,not_applicable,,,,Пользовательское соглашение,,no,,,,,,,keep outside commercial sitemap; no redirect
https://dimohod-trade.pro/zamery,21.08.2026,SEARCHABLE,ADD,21.08.2026:ADD:SEARCHABLE:200,200,live_measurement_page_outside_sitemap,,,,not_applicable,,,,Полные замеры,https://dimohod-trade.pro/zamery,no,,,,,,,review indexability; if intended for search add canonical URL to sitemap and internal links
